INFO     2025-09-16 09:31:38,408 [bot] (logging_config.py)._setup_handlers(50) Логирование для 'bot' настроено успешно.
INFO     2025-09-17 10:15:15,905 [bot] (logging_config.py)._setup_handlers(50) Логирование для 'bot' настроено успешно.
INFO     2025-09-17 10:16:06,989 [bot] (logging_config.py)._setup_handlers(50) Логирование для 'bot' настроено успешно.
INFO     2025-09-17 10:23:39,596 [bot] (logging_config.py)._setup_handlers(50) Логирование для 'bot' настроено успешно.
INFO     2025-09-17 10:24:16,597 [bot] (logging_config.py)._setup_handlers(50) Логирование для 'bot' настроено успешно.
INFO     2025-09-17 10:24:51,784 [bot] (logging_config.py)._setup_handlers(50) Логирование для 'bot' настроено успешно.
INFO     2025-09-17 12:02:54,487 [bot] (logging_config.py)._setup_handlers(50) Логирование для 'bot' настроено успешно.
INFO     2025-09-17 12:02:55,516 [bot] (start_handlers.py).seed_admin(26) Проверка: seed_admin вызвана
INFO     2025-09-17 12:02:55,522 [bot] (start_handlers.py).seed_admin(39) Админ уже существует, пропускаем создание
INFO     2025-09-17 12:02:58,379 [bot] (commands.py).set_commands(20) Установил команды
WARNING  2025-09-17 12:02:58,478 [bot] (main.py).start_bot(21) Бот закрыт
INFO     2025-09-17 12:10:49,715 [bot] (logging_config.py)._setup_handlers(50) Логирование для 'bot' настроено успешно.
INFO     2025-09-17 12:10:50,140 [bot] (start_handlers.py).seed_admin(26) Проверка: seed_admin вызвана
ERROR    2025-09-17 12:10:50,143 [bot] (start_handlers.py).seed_admin(44) Ошибка при создании админа invalid input for query argument $4: 9772680469 (value out of int32 range)
Traceback (most recent call last):
  File "asyncpg\\protocol\\prepared_stmt.pyx", line 175, in asyncpg.protocol.protocol.PreparedStatementState._encode_bind_msg
  File "asyncpg\\protocol\\codecs/base.pyx", line 227, in asyncpg.protocol.protocol.Codec.encode
  File "asyncpg\\protocol\\codecs/base.pyx", line 129, in asyncpg.protocol.protocol.Codec.encode_scalar
  File "asyncpg\\pgproto\\./codecs/int.pyx", line 60, in asyncpg.pgproto.pgproto.int4_encode
OverflowError: value out of int32 range

The above exception was the direct cause of the following exception:

Traceback (most recent call last):
  File "E:\python\bots\lawyer_bot\venv\Lib\site-packages\tortoise\backends\asyncpg\client.py", line 89, in _translate_exceptions
    return await func(self, *args, **kwargs)
           ^^^^^^^^^^^^^^^^^^^^^^^^^^^^^^^^^
  File "E:\python\bots\lawyer_bot\venv\Lib\site-packages\tortoise\backends\asyncpg\client.py", line 112, in execute_insert
    return await connection.fetchrow(query, *values)
           ^^^^^^^^^^^^^^^^^^^^^^^^^^^^^^^^^^^^^^^^^
  File "E:\python\bots\lawyer_bot\venv\Lib\site-packages\asyncpg\connection.py", line 748, in fetchrow
    data = await self._execute(
           ^^^^^^^^^^^^^^^^^^^^
    ...<5 lines>...
    )
    ^
  File "E:\python\bots\lawyer_bot\venv\Lib\site-packages\asyncpg\connection.py", line 1864, in _execute
    result, _ = await self.__execute(
                ^^^^^^^^^^^^^^^^^^^^^
    ...<7 lines>...
    )
    ^
  File "E:\python\bots\lawyer_bot\venv\Lib\site-packages\asyncpg\connection.py", line 1961, in __execute
    result, stmt = await self._do_execute(
                   ^^^^^^^^^^^^^^^^^^^^^^^
    ...<5 lines>...
    )
    ^
  File "E:\python\bots\lawyer_bot\venv\Lib\site-packages\asyncpg\connection.py", line 2024, in _do_execute
    result = await executor(stmt, None)
             ^^^^^^^^^^^^^^^^^^^^^^^^^^
  File "asyncpg\\protocol\\protocol.pyx", line 185, in bind_execute
  File "asyncpg\\protocol\\prepared_stmt.pyx", line 204, in asyncpg.protocol.protocol.PreparedStatementState._encode_bind_msg
asyncpg.exceptions.DataError: invalid input for query argument $4: 9772680469 (value out of int32 range)

During handling of the above exception, another exception occurred:

Traceback (most recent call last):
  File "E:\python\bots\lawyer_bot\handlers\start_handlers.py", line 30, in seed_admin
    await User.create(
    ...<6 lines>...
    )
  File "E:\python\bots\lawyer_bot\venv\Lib\site-packages\tortoise\models.py", line 1210, in create
    await instance.save(using_db=db, force_create=True)
  File "E:\python\bots\lawyer_bot\venv\Lib\site-packages\tortoise\models.py", line 996, in save
    await executor.execute_insert(self)
  File "E:\python\bots\lawyer_bot\venv\Lib\site-packages\tortoise\backends\base\executor.py", line 188, in execute_insert
    insert_result = await self.db.execute_insert(self.insert_query, values)
                    ^^^^^^^^^^^^^^^^^^^^^^^^^^^^^^^^^^^^^^^^^^^^^^^^^^^^^^^
  File "E:\python\bots\lawyer_bot\venv\Lib\site-packages\tortoise\backends\base_postgres\client.py", line 33, in _translate_exceptions
    return await self._translate_exceptions(func, *args, **kwargs)
           ^^^^^^^^^^^^^^^^^^^^^^^^^^^^^^^^^^^^^^^^^^^^^^^^^^^^^^^
  File "E:\python\bots\lawyer_bot\venv\Lib\site-packages\tortoise\backends\asyncpg\client.py", line 91, in _translate_exceptions
    raise OperationalError(exc)
tortoise.exceptions.OperationalError: invalid input for query argument $4: 9772680469 (value out of int32 range)
INFO     2025-09-17 12:10:50,303 [bot] (commands.py).set_commands(20) Установил команды
WARNING  2025-09-17 12:10:50,404 [bot] (main.py).start_bot(21) Бот закрыт
INFO     2025-09-17 12:12:27,184 [bot] (logging_config.py)._setup_handlers(50) Логирование для 'bot' настроено успешно.
INFO     2025-09-17 12:12:27,726 [bot] (start_handlers.py).seed_admin(26) Проверка: seed_admin вызвана
ERROR    2025-09-17 12:12:27,729 [bot] (start_handlers.py).seed_admin(44) Ошибка при создании админа invalid input for query argument $4: 9772680469 (value out of int32 range)
Traceback (most recent call last):
  File "asyncpg\\protocol\\prepared_stmt.pyx", line 175, in asyncpg.protocol.protocol.PreparedStatementState._encode_bind_msg
  File "asyncpg\\protocol\\codecs/base.pyx", line 227, in asyncpg.protocol.protocol.Codec.encode
  File "asyncpg\\protocol\\codecs/base.pyx", line 129, in asyncpg.protocol.protocol.Codec.encode_scalar
  File "asyncpg\\pgproto\\./codecs/int.pyx", line 60, in asyncpg.pgproto.pgproto.int4_encode
OverflowError: value out of int32 range

The above exception was the direct cause of the following exception:

Traceback (most recent call last):
  File "E:\python\bots\lawyer_bot\venv\Lib\site-packages\tortoise\backends\asyncpg\client.py", line 89, in _translate_exceptions
    return await func(self, *args, **kwargs)
           ^^^^^^^^^^^^^^^^^^^^^^^^^^^^^^^^^
  File "E:\python\bots\lawyer_bot\venv\Lib\site-packages\tortoise\backends\asyncpg\client.py", line 112, in execute_insert
    return await connection.fetchrow(query, *values)
           ^^^^^^^^^^^^^^^^^^^^^^^^^^^^^^^^^^^^^^^^^
  File "E:\python\bots\lawyer_bot\venv\Lib\site-packages\asyncpg\connection.py", line 748, in fetchrow
    data = await self._execute(
           ^^^^^^^^^^^^^^^^^^^^
    ...<5 lines>...
    )
    ^
  File "E:\python\bots\lawyer_bot\venv\Lib\site-packages\asyncpg\connection.py", line 1864, in _execute
    result, _ = await self.__execute(
                ^^^^^^^^^^^^^^^^^^^^^
    ...<7 lines>...
    )
    ^
  File "E:\python\bots\lawyer_bot\venv\Lib\site-packages\asyncpg\connection.py", line 1961, in __execute
    result, stmt = await self._do_execute(
                   ^^^^^^^^^^^^^^^^^^^^^^^
    ...<5 lines>...
    )
    ^
  File "E:\python\bots\lawyer_bot\venv\Lib\site-packages\asyncpg\connection.py", line 2024, in _do_execute
    result = await executor(stmt, None)
             ^^^^^^^^^^^^^^^^^^^^^^^^^^
  File "asyncpg\\protocol\\protocol.pyx", line 185, in bind_execute
  File "asyncpg\\protocol\\prepared_stmt.pyx", line 204, in asyncpg.protocol.protocol.PreparedStatementState._encode_bind_msg
asyncpg.exceptions.DataError: invalid input for query argument $4: 9772680469 (value out of int32 range)

During handling of the above exception, another exception occurred:

Traceback (most recent call last):
  File "E:\python\bots\lawyer_bot\handlers\start_handlers.py", line 30, in seed_admin
    await User.create(
    ...<6 lines>...
    )
  File "E:\python\bots\lawyer_bot\venv\Lib\site-packages\tortoise\models.py", line 1210, in create
    await instance.save(using_db=db, force_create=True)
  File "E:\python\bots\lawyer_bot\venv\Lib\site-packages\tortoise\models.py", line 996, in save
    await executor.execute_insert(self)
  File "E:\python\bots\lawyer_bot\venv\Lib\site-packages\tortoise\backends\base\executor.py", line 188, in execute_insert
    insert_result = await self.db.execute_insert(self.insert_query, values)
                    ^^^^^^^^^^^^^^^^^^^^^^^^^^^^^^^^^^^^^^^^^^^^^^^^^^^^^^^
  File "E:\python\bots\lawyer_bot\venv\Lib\site-packages\tortoise\backends\base_postgres\client.py", line 33, in _translate_exceptions
    return await self._translate_exceptions(func, *args, **kwargs)
           ^^^^^^^^^^^^^^^^^^^^^^^^^^^^^^^^^^^^^^^^^^^^^^^^^^^^^^^
  File "E:\python\bots\lawyer_bot\venv\Lib\site-packages\tortoise\backends\asyncpg\client.py", line 91, in _translate_exceptions
    raise OperationalError(exc)
tortoise.exceptions.OperationalError: invalid input for query argument $4: 9772680469 (value out of int32 range)
INFO     2025-09-17 12:12:27,970 [bot] (commands.py).set_commands(20) Установил команды
WARNING  2025-09-17 12:12:28,188 [bot] (main.py).start_bot(21) Бот закрыт
INFO     2025-09-17 12:13:00,520 [bot] (logging_config.py)._setup_handlers(50) Логирование для 'bot' настроено успешно.
INFO     2025-09-17 12:13:01,082 [bot] (start_handlers.py).seed_admin(26) Проверка: seed_admin вызвана
INFO     2025-09-17 12:13:01,086 [bot] (start_handlers.py).seed_admin(38) Администратор зарегистрирован
INFO     2025-09-17 12:13:01,288 [bot] (commands.py).set_commands(20) Установил команды
WARNING  2025-09-17 12:13:01,553 [bot] (main.py).start_bot(21) Бот закрыт
INFO     2025-09-17 12:14:44,322 [bot] (logging_config.py)._setup_handlers(50) Логирование для 'bot' настроено успешно.
INFO     2025-09-17 12:14:44,743 [bot] (start_handlers.py).seed_admin(26) Проверка: seed_admin вызвана
INFO     2025-09-17 12:14:45,171 [bot] (commands.py).set_commands(20) Установил команды
WARNING  2025-09-17 12:14:45,509 [bot] (main.py).start_bot(21) Бот закрыт
INFO     2025-09-17 12:19:11,365 [bot] (logging_config.py)._setup_handlers(50) Логирование для 'bot' настроено успешно.
INFO     2025-09-17 12:19:11,777 [bot] (start_handlers.py).seed_admin(26) Проверка: seed_admin вызвана
INFO     2025-09-17 12:19:11,963 [bot] (commands.py).set_commands(20) Установил команды
WARNING  2025-09-17 12:20:08,934 [bot] (main.py).start_bot(21) Бот закрыт
INFO     2025-09-17 12:20:11,272 [bot] (logging_config.py)._setup_handlers(50) Логирование для 'bot' настроено успешно.
INFO     2025-09-17 12:20:11,812 [bot] (start_handlers.py).seed_admin(26) Проверка: seed_admin вызвана
INFO     2025-09-17 12:20:11,969 [bot] (commands.py).set_commands(20) Установил команды
WARNING  2025-09-17 12:26:00,364 [bot] (main.py).start_bot(21) Бот закрыт
WARNING  2025-09-17 12:26:00,525 [bot] (main.py).<module>(43) Помощник завершены
INFO     2025-09-17 12:26:02,784 [bot] (logging_config.py)._setup_handlers(50) Логирование для 'bot' настроено успешно.
INFO     2025-09-17 12:26:03,328 [bot] (start_handlers.py).seed_admin(26) Проверка: seed_admin вызвана
INFO     2025-09-17 12:26:03,693 [bot] (commands.py).set_commands(20) Установил команды
DEBUG    2025-09-17 12:26:07,679 [bot] (get_user.py).get_role_user(34) Возврат роли: 484385628, admin
DEBUG    2025-09-17 12:26:07,680 [bot] (menu_keyboard.py).inline_menu_kb(14) Передаю inline_menu_kb. Роль юзера: admin
WARNING  2025-09-17 12:31:18,458 [bot] (main.py).start_bot(21) Бот закрыт
INFO     2025-09-17 12:31:20,918 [bot] (logging_config.py)._setup_handlers(50) Логирование для 'bot' настроено успешно.
INFO     2025-09-17 12:31:21,476 [bot] (start_handlers.py).seed_admin(26) Проверка: seed_admin вызвана
INFO     2025-09-17 12:31:21,639 [bot] (commands.py).set_commands(20) Установил команды
DEBUG    2025-09-17 12:31:23,946 [bot] (get_user.py).get_role_user(34) Возврат роли: 484385628, admin
DEBUG    2025-09-17 12:31:23,947 [bot] (menu_keyboard.py).inline_menu_kb(14) Передаю inline_menu_kb. Роль юзера: admin
INFO     2025-09-17 12:31:26,168 [bot] (admin_handlers.py).admin_menu_handler(20) Вход в панель админа
DEBUG    2025-09-17 12:31:37,445 [bot] (get_statistic_handlers.py).get_statistic(27) State AdminMenuState:admin
DEBUG    2025-09-17 12:31:40,532 [bot] (get_user.py).get_role_user(34) Возврат роли: 484385628, admin
DEBUG    2025-09-17 12:31:40,533 [bot] (menu_keyboard.py).inline_menu_kb(14) Передаю inline_menu_kb. Роль юзера: admin
INFO     2025-09-17 12:31:45,632 [bot] (admin_handlers.py).admin_menu_handler(20) Вход в панель админа
WARNING  2025-09-17 12:33:44,259 [bot] (main.py).start_bot(21) Бот закрыт
INFO     2025-09-17 12:33:46,755 [bot] (logging_config.py)._setup_handlers(50) Логирование для 'bot' настроено успешно.
INFO     2025-09-17 12:34:01,706 [bot] (logging_config.py)._setup_handlers(50) Логирование для 'bot' настроено успешно.
INFO     2025-09-17 12:34:02,139 [bot] (start_handlers.py).seed_admin(26) Проверка: seed_admin вызвана
INFO     2025-09-17 12:34:02,290 [bot] (commands.py).set_commands(20) Установил команды
DEBUG    2025-09-17 12:34:04,120 [bot] (get_user.py).get_role_user(34) Возврат роли: 484385628, admin
DEBUG    2025-09-17 12:34:04,120 [bot] (menu_keyboard.py).inline_menu_kb(14) Передаю inline_menu_kb. Роль юзера: admin
DEBUG    2025-09-17 12:34:08,243 [bot] (get_statistic_handlers.py).get_statistic(27) State AdminMenuState:admin_menu
DEBUG    2025-09-17 12:34:11,062 [bot] (get_statistic_handlers.py).get_period_statistic(58) Выбор даты: get_period_statistic StatsState:waiting_date
DEBUG    2025-09-17 12:34:12,513 [bot] (get_statistic_handlers.py).get_statistic_from_db(215) day_stat: None
DEBUG    2025-09-17 12:34:12,513 [bot] (get_statistic_handlers.py).day_statistic(110) Нет статистики за день
DEBUG    2025-09-17 12:34:15,021 [bot] (get_statistic_handlers.py).get_statistic_from_db(215) day_stat: None
DEBUG    2025-09-17 12:34:15,021 [bot] (get_statistic_handlers.py).day_statistic(110) Нет статистики за день
WARNING  2025-09-17 12:34:15,228 [bot] (get_statistic_handlers.py).day_statistic(133) Попытка получить статистику: Telegram server says - Bad Request: message is not modified: specified new message content and reply markup are exactly the same as a current content and reply markup of the message
DEBUG    2025-09-17 12:34:25,634 [bot] (get_statistic_handlers.py).get_statistic_from_db(215) day_stat: None
DEBUG    2025-09-17 12:34:25,634 [bot] (get_statistic_handlers.py).day_statistic(110) Нет статистики за день
WARNING  2025-09-17 12:34:25,767 [bot] (get_statistic_handlers.py).day_statistic(133) Попытка получить статистику: Telegram server says - Bad Request: message is not modified: specified new message content and reply markup are exactly the same as a current content and reply markup of the message
DEBUG    2025-09-17 12:34:27,776 [bot] (get_statistic_handlers.py).get_statistic_from_db(215) day_stat: <Statistic>
DEBUG    2025-09-17 12:34:27,776 [bot] (get_statistic_handlers.py).day_statistic(124) Получил статистику за день
WARNING  2025-09-17 12:44:47,611 [bot] (main.py).start_bot(21) Бот закрыт
WARNING  2025-09-17 12:44:47,771 [bot] (main.py).<module>(43) Помощник завершены
INFO     2025-09-17 12:44:50,030 [bot] (logging_config.py)._setup_handlers(50) Логирование для 'bot' настроено успешно.
INFO     2025-09-17 12:44:50,456 [bot] (start_handlers.py).seed_admin(26) Проверка: seed_admin вызвана
INFO     2025-09-17 12:44:50,738 [bot] (commands.py).set_commands(20) Установил команды
WARNING  2025-09-17 12:47:07,281 [bot] (main.py).start_bot(21) Бот закрыт
INFO     2025-09-17 12:47:09,805 [bot] (logging_config.py)._setup_handlers(50) Логирование для 'bot' настроено успешно.
INFO     2025-09-17 12:47:10,226 [bot] (start_handlers.py).seed_admin(26) Проверка: seed_admin вызвана
INFO     2025-09-17 12:47:10,461 [bot] (commands.py).set_commands(20) Установил команды
DEBUG    2025-09-17 12:47:15,281 [bot] (get_user.py).get_role_user(34) Возврат роли: 484385628, admin
DEBUG    2025-09-17 12:47:15,281 [bot] (menu_keyboard.py).inline_menu_kb(14) Передаю inline_menu_kb. Роль юзера: admin
WARNING  2025-09-17 12:48:10,350 [bot] (main.py).start_bot(21) Бот закрыт
INFO     2025-09-17 12:48:14,669 [bot] (logging_config.py)._setup_handlers(50) Логирование для 'bot' настроено успешно.
INFO     2025-09-17 12:48:15,209 [bot] (start_handlers.py).seed_admin(26) Проверка: seed_admin вызвана
INFO     2025-09-17 12:48:15,357 [bot] (commands.py).set_commands(20) Установил команды
DEBUG    2025-09-17 12:48:17,907 [bot] (get_user.py).get_role_user(34) Возврат роли: 484385628, admin
DEBUG    2025-09-17 12:48:17,907 [bot] (menu_keyboard.py).inline_menu_kb(14) Передаю inline_menu_kb. Роль юзера: admin
WARNING  2025-09-17 12:48:43,012 [bot] (main.py).start_bot(21) Бот закрыт
INFO     2025-09-17 12:48:45,559 [bot] (logging_config.py)._setup_handlers(50) Логирование для 'bot' настроено успешно.
INFO     2025-09-17 12:48:46,003 [bot] (start_handlers.py).seed_admin(26) Проверка: seed_admin вызвана
INFO     2025-09-17 12:48:46,171 [bot] (commands.py).set_commands(20) Установил команды
DEBUG    2025-09-17 12:48:53,834 [bot] (get_user.py).get_role_user(34) Возврат роли: 484385628, admin
DEBUG    2025-09-17 12:48:53,835 [bot] (menu_keyboard.py).inline_menu_kb(14) Передаю inline_menu_kb. Роль юзера: admin
WARNING  2025-09-17 12:53:20,192 [bot] (main.py).start_bot(21) Бот закрыт
INFO     2025-09-17 12:53:22,643 [bot] (logging_config.py)._setup_handlers(50) Логирование для 'bot' настроено успешно.
INFO     2025-09-17 12:53:23,050 [bot] (start_handlers.py).seed_admin(26) Проверка: seed_admin вызвана
INFO     2025-09-17 12:53:23,210 [bot] (commands.py).set_commands(20) Установил команды
DEBUG    2025-09-17 12:53:28,750 [bot] (get_user.py).get_role_user(34) Возврат роли: 484385628, admin
DEBUG    2025-09-17 12:53:28,750 [bot] (menu_keyboard.py).inline_menu_kb(14) Передаю inline_menu_kb. Роль юзера: admin
DEBUG    2025-09-17 12:53:36,183 [bot] (get_user.py).get_role_user(34) Возврат роли: 484385628, admin
DEBUG    2025-09-17 12:53:36,183 [bot] (menu_keyboard.py).inline_menu_kb(14) Передаю inline_menu_kb. Роль юзера: admin
WARNING  2025-09-17 12:56:01,489 [bot] (main.py).start_bot(21) Бот закрыт
WARNING  2025-09-17 12:56:01,636 [bot] (main.py).<module>(43) Помощник завершены
INFO     2025-09-17 12:56:03,801 [bot] (logging_config.py)._setup_handlers(50) Логирование для 'bot' настроено успешно.
INFO     2025-09-17 12:56:04,322 [bot] (start_handlers.py).seed_admin(26) Проверка: seed_admin вызвана
INFO     2025-09-17 12:56:04,592 [bot] (commands.py).set_commands(20) Установил команды
DEBUG    2025-09-17 12:56:06,809 [bot] (get_user.py).get_role_user(34) Возврат роли: 484385628, admin
DEBUG    2025-09-17 12:56:06,809 [bot] (menu_keyboard.py).inline_menu_kb(14) Передаю inline_menu_kb. Роль юзера: admin
DEBUG    2025-09-17 12:56:10,625 [bot] (get_user.py).get_role_user(34) Возврат роли: 484385628, admin
DEBUG    2025-09-17 12:56:10,625 [bot] (menu_keyboard.py).inline_menu_kb(14) Передаю inline_menu_kb. Роль юзера: admin
DEBUG    2025-09-17 12:56:14,291 [bot] (get_user.py).get_role_user(34) Возврат роли: 484385628, admin
DEBUG    2025-09-17 12:56:14,291 [bot] (menu_keyboard.py).inline_menu_kb(14) Передаю inline_menu_kb. Роль юзера: admin
WARNING  2025-09-17 12:56:54,017 [bot] (main.py).start_bot(21) Бот закрыт
INFO     2025-09-17 12:56:56,676 [bot] (logging_config.py)._setup_handlers(50) Логирование для 'bot' настроено успешно.
INFO     2025-09-17 12:56:57,111 [bot] (start_handlers.py).seed_admin(26) Проверка: seed_admin вызвана
INFO     2025-09-17 12:56:57,340 [bot] (commands.py).set_commands(20) Установил команды
DEBUG    2025-09-17 12:56:58,510 [bot] (get_user.py).get_role_user(34) Возврат роли: 484385628, admin
DEBUG    2025-09-17 12:56:58,510 [bot] (menu_keyboard.py).inline_menu_kb(14) Передаю inline_menu_kb. Роль юзера: admin
DEBUG    2025-09-17 12:57:05,421 [bot] (get_user.py).get_role_user(34) Возврат роли: 484385628, admin
DEBUG    2025-09-17 12:57:05,421 [bot] (menu_keyboard.py).inline_menu_kb(14) Передаю inline_menu_kb. Роль юзера: admin
WARNING  2025-09-17 12:59:05,344 [bot] (main.py).start_bot(21) Бот закрыт
INFO     2025-09-17 12:59:07,869 [bot] (logging_config.py)._setup_handlers(50) Логирование для 'bot' настроено успешно.
INFO     2025-09-17 12:59:08,416 [bot] (start_handlers.py).seed_admin(26) Проверка: seed_admin вызвана
INFO     2025-09-17 12:59:08,573 [bot] (commands.py).set_commands(20) Установил команды
DEBUG    2025-09-17 12:59:13,834 [bot] (get_user.py).get_role_user(34) Возврат роли: 484385628, admin
DEBUG    2025-09-17 12:59:13,834 [bot] (menu_keyboard.py).inline_menu_kb(14) Передаю inline_menu_kb. Роль юзера: admin
WARNING  2025-09-17 13:09:22,194 [bot] (main.py).start_bot(21) Бот закрыт
WARNING  2025-09-17 13:09:22,355 [bot] (main.py).<module>(43) Помощник завершены
INFO     2025-09-17 13:09:24,687 [bot] (logging_config.py)._setup_handlers(50) Логирование для 'bot' настроено успешно.
INFO     2025-09-17 13:09:25,122 [bot] (start_handlers.py).seed_admin(26) Проверка: seed_admin вызвана
INFO     2025-09-17 13:09:25,288 [bot] (commands.py).set_commands(20) Установил команды
ERROR    2025-09-17 13:09:27,261 [bot] (start_handlers.py).get_start(78) Ошибка при создании админа 'NoneType' object has no attribute 'phone_number'
Traceback (most recent call last):
  File "E:\python\bots\lawyer_bot\handlers\start_handlers.py", line 61, in get_start
    phone = contact.phone_number
            ^^^^^^^^^^^^^^^^^^^^
AttributeError: 'NoneType' object has no attribute 'phone_number'
WARNING  2025-09-17 13:20:46,371 [bot] (main.py).start_bot(21) Бот закрыт
WARNING  2025-09-17 13:20:46,512 [bot] (main.py).<module>(43) Помощник завершены
INFO     2025-09-17 13:20:48,816 [bot] (logging_config.py)._setup_handlers(50) Логирование для 'bot' настроено успешно.
INFO     2025-09-17 13:20:49,237 [bot] (start_handlers.py).seed_admin(26) Проверка: seed_admin вызвана
INFO     2025-09-17 13:20:49,419 [bot] (commands.py).set_commands(20) Установил команды
INFO     2025-09-17 13:21:25,886 [bot] (logging_config.py)._setup_handlers(50) Логирование для 'bot' настроено успешно.
INFO     2025-09-17 13:21:26,423 [bot] (start_handlers.py).seed_admin(26) Проверка: seed_admin вызвана
INFO     2025-09-17 13:21:26,608 [bot] (commands.py).set_commands(20) Установил команды
WARNING  2025-09-17 13:26:54,096 [bot] (main.py).start_bot(21) Бот закрыт
INFO     2025-09-17 13:26:56,596 [bot] (logging_config.py)._setup_handlers(50) Логирование для 'bot' настроено успешно.
INFO     2025-09-17 13:26:57,025 [bot] (start_handlers.py).seed_admin(27) Проверка: seed_admin вызвана
INFO     2025-09-17 13:26:57,218 [bot] (commands.py).set_commands(20) Установил команды
INFO     2025-09-17 13:30:10,495 [bot] (logging_config.py)._setup_handlers(50) Логирование для 'bot' настроено успешно.
INFO     2025-09-17 13:30:10,904 [bot] (start_handlers.py).seed_admin(27) Проверка: seed_admin вызвана
INFO     2025-09-17 13:30:11,086 [bot] (commands.py).set_commands(20) Установил команды
INFO     2025-09-17 13:31:16,159 [bot] (logging_config.py)._setup_handlers(50) Логирование для 'bot' настроено успешно.
INFO     2025-09-17 13:31:16,567 [bot] (start_handlers.py).seed_admin(27) Проверка: seed_admin вызвана
INFO     2025-09-17 13:31:16,741 [bot] (commands.py).set_commands(20) Установил команды
WARNING  2025-09-17 13:31:52,731 [bot] (main.py).start_bot(21) Бот закрыт
WARNING  2025-09-17 13:31:52,882 [bot] (main.py).<module>(43) Помощник завершены
INFO     2025-09-17 13:31:55,078 [bot] (logging_config.py)._setup_handlers(50) Логирование для 'bot' настроено успешно.
INFO     2025-09-17 13:31:55,495 [bot] (start_handlers.py).seed_admin(27) Проверка: seed_admin вызвана
INFO     2025-09-17 13:31:55,805 [bot] (commands.py).set_commands(20) Установил команды
WARNING  2025-09-17 13:34:11,706 [bot] (main.py).start_bot(21) Бот закрыт
INFO     2025-09-17 13:34:14,147 [bot] (logging_config.py)._setup_handlers(50) Логирование для 'bot' настроено успешно.
INFO     2025-09-17 13:34:14,582 [bot] (start_handlers.py).seed_admin(27) Проверка: seed_admin вызвана
INFO     2025-09-17 13:34:14,742 [bot] (commands.py).set_commands(20) Установил команды
WARNING  2025-09-17 15:24:11,611 [bot] (main.py).start_bot(21) Бот закрыт
WARNING  2025-09-17 15:24:11,777 [bot] (main.py).<module>(43) Помощник завершены
INFO     2025-09-17 15:24:16,126 [bot] (logging_config.py)._setup_handlers(50) Логирование для 'bot' настроено успешно.
INFO     2025-09-17 15:24:16,899 [bot] (start_handlers.py).seed_admin(27) Проверка: seed_admin вызвана
INFO     2025-09-17 15:24:17,093 [bot] (commands.py).set_commands(20) Установил команды
WARNING  2025-09-17 15:35:14,438 [bot] (main.py).start_bot(21) Бот закрыт
WARNING  2025-09-17 15:35:14,587 [bot] (main.py).<module>(43) Помощник завершены
INFO     2025-09-17 15:35:17,581 [bot] (logging_config.py)._setup_handlers(50) Логирование для 'bot' настроено успешно.
INFO     2025-09-17 15:35:38,058 [bot] (logging_config.py)._setup_handlers(50) Логирование для 'bot' настроено успешно.
INFO     2025-09-17 15:35:38,652 [bot] (start_handlers.py).seed_admin(27) Проверка: seed_admin вызвана
INFO     2025-09-17 15:35:38,840 [bot] (commands.py).set_commands(20) Установил команды
WARNING  2025-09-17 15:36:31,195 [bot] (main.py).start_bot(21) Бот закрыт
INFO     2025-09-17 15:36:34,022 [bot] (logging_config.py)._setup_handlers(50) Логирование для 'bot' настроено успешно.
INFO     2025-09-17 15:36:34,497 [bot] (start_handlers.py).seed_admin(27) Проверка: seed_admin вызвана
INFO     2025-09-17 15:36:34,751 [bot] (commands.py).set_commands(20) Установил команды
WARNING  2025-09-17 15:36:56,152 [bot] (main.py).start_bot(21) Бот закрыт
INFO     2025-09-17 15:36:58,928 [bot] (logging_config.py)._setup_handlers(50) Логирование для 'bot' настроено успешно.
INFO     2025-09-17 15:36:59,387 [bot] (start_handlers.py).seed_admin(27) Проверка: seed_admin вызвана
INFO     2025-09-17 15:36:59,550 [bot] (commands.py).set_commands(20) Установил команды
WARNING  2025-09-17 15:39:47,121 [bot] (main.py).start_bot(21) Бот закрыт
INFO     2025-09-17 15:39:50,031 [bot] (logging_config.py)._setup_handlers(50) Логирование для 'bot' настроено успешно.
INFO     2025-09-17 15:39:50,601 [bot] (start_handlers.py).seed_admin(27) Проверка: seed_admin вызвана
INFO     2025-09-17 15:39:50,765 [bot] (commands.py).set_commands(20) Установил команды
DEBUG    2025-09-17 15:40:17,907 [bot] (get_user.py).get_role_user(34) Возврат роли: 484385628, admin
DEBUG    2025-09-17 15:40:17,907 [bot] (menu_keyboard.py).inline_menu_kb(14) Передаю inline_menu_kb. Роль юзера: admin
WARNING  2025-09-17 15:49:47,134 [bot] (main.py).start_bot(21) Бот закрыт
WARNING  2025-09-17 15:49:47,310 [bot] (main.py).<module>(43) Помощник завершены
INFO     2025-09-17 15:49:49,719 [bot] (logging_config.py)._setup_handlers(50) Логирование для 'bot' настроено успешно.
INFO     2025-09-17 15:49:50,243 [bot] (start_handlers.py).seed_admin(27) Проверка: seed_admin вызвана
INFO     2025-09-17 15:49:50,425 [bot] (commands.py).set_commands(20) Установил команды
WARNING  2025-09-17 15:50:47,996 [bot] (main.py).start_bot(21) Бот закрыт
INFO     2025-09-17 15:50:50,562 [bot] (logging_config.py)._setup_handlers(50) Логирование для 'bot' настроено успешно.
INFO     2025-09-17 15:50:50,988 [bot] (start_handlers.py).seed_admin(27) Проверка: seed_admin вызвана
INFO     2025-09-17 15:50:51,171 [bot] (commands.py).set_commands(20) Установил команды
WARNING  2025-09-17 15:51:17,273 [bot] (main.py).start_bot(21) Бот закрыт
INFO     2025-09-17 15:51:19,828 [bot] (logging_config.py)._setup_handlers(50) Логирование для 'bot' настроено успешно.
INFO     2025-09-17 15:51:20,263 [bot] (start_handlers.py).seed_admin(27) Проверка: seed_admin вызвана
INFO     2025-09-17 15:51:20,427 [bot] (commands.py).set_commands(20) Установил команды
ERROR    2025-09-17 15:51:28,182 [bot] (registeration.py).save_contact(88) Ошибка сохранения юзера: повторяющееся значение ключа нарушает ограничение уникальности "users_telegram_id_key"
DETAIL:  Ключ "(telegram_id)=(484385628)" уже существует.
Traceback (most recent call last):
  File "E:\python\bots\lawyer_bot\venv\Lib\site-packages\tortoise\backends\asyncpg\client.py", line 89, in _translate_exceptions
    return await func(self, *args, **kwargs)
           ^^^^^^^^^^^^^^^^^^^^^^^^^^^^^^^^^
  File "E:\python\bots\lawyer_bot\venv\Lib\site-packages\tortoise\backends\asyncpg\client.py", line 112, in execute_insert
    return await connection.fetchrow(query, *values)
           ^^^^^^^^^^^^^^^^^^^^^^^^^^^^^^^^^^^^^^^^^
  File "E:\python\bots\lawyer_bot\venv\Lib\site-packages\asyncpg\connection.py", line 748, in fetchrow
    data = await self._execute(
           ^^^^^^^^^^^^^^^^^^^^
    ...<5 lines>...
    )
    ^
  File "E:\python\bots\lawyer_bot\venv\Lib\site-packages\asyncpg\connection.py", line 1864, in _execute
    result, _ = await self.__execute(
                ^^^^^^^^^^^^^^^^^^^^^
    ...<7 lines>...
    )
    ^
  File "E:\python\bots\lawyer_bot\venv\Lib\site-packages\asyncpg\connection.py", line 1961, in __execute
    result, stmt = await self._do_execute(
                   ^^^^^^^^^^^^^^^^^^^^^^^
    ...<5 lines>...
    )
    ^
  File "E:\python\bots\lawyer_bot\venv\Lib\site-packages\asyncpg\connection.py", line 2024, in _do_execute
    result = await executor(stmt, None)
             ^^^^^^^^^^^^^^^^^^^^^^^^^^
  File "asyncpg\\protocol\\protocol.pyx", line 206, in bind_execute
asyncpg.exceptions.UniqueViolationError: повторяющееся значение ключа нарушает ограничение уникальности "users_telegram_id_key"
DETAIL:  Ключ "(telegram_id)=(484385628)" уже существует.

During handling of the above exception, another exception occurred:

Traceback (most recent call last):
  File "E:\python\bots\lawyer_bot\handlers\registeration.py", line 80, in save_contact
    await User.create(
    ...<5 lines>...
        role="user")
  File "E:\python\bots\lawyer_bot\venv\Lib\site-packages\tortoise\models.py", line 1210, in create
    await instance.save(using_db=db, force_create=True)
  File "E:\python\bots\lawyer_bot\venv\Lib\site-packages\tortoise\models.py", line 996, in save
    await executor.execute_insert(self)
  File "E:\python\bots\lawyer_bot\venv\Lib\site-packages\tortoise\backends\base\executor.py", line 188, in execute_insert
    insert_result = await self.db.execute_insert(self.insert_query, values)
                    ^^^^^^^^^^^^^^^^^^^^^^^^^^^^^^^^^^^^^^^^^^^^^^^^^^^^^^^
  File "E:\python\bots\lawyer_bot\venv\Lib\site-packages\tortoise\backends\base_postgres\client.py", line 33, in _translate_exceptions
    return await self._translate_exceptions(func, *args, **kwargs)
           ^^^^^^^^^^^^^^^^^^^^^^^^^^^^^^^^^^^^^^^^^^^^^^^^^^^^^^^
  File "E:\python\bots\lawyer_bot\venv\Lib\site-packages\tortoise\backends\asyncpg\client.py", line 93, in _translate_exceptions
    raise IntegrityError(exc)
tortoise.exceptions.IntegrityError: повторяющееся значение ключа нарушает ограничение уникальности "users_telegram_id_key"
DETAIL:  Ключ "(telegram_id)=(484385628)" уже существует.
WARNING  2025-09-17 15:53:20,502 [bot] (main.py).start_bot(21) Бот закрыт
INFO     2025-09-17 15:53:22,884 [bot] (logging_config.py)._setup_handlers(50) Логирование для 'bot' настроено успешно.
INFO     2025-09-17 15:53:23,309 [bot] (start_handlers.py).seed_admin(27) Проверка: seed_admin вызвана
INFO     2025-09-17 15:53:23,529 [bot] (commands.py).set_commands(20) Установил команды
ERROR    2025-09-17 15:53:40,705 [bot] (registeration.py).save_contact(89) Ошибка сохранения юзера: повторяющееся значение ключа нарушает ограничение уникальности "users_telegram_id_key"
DETAIL:  Ключ "(telegram_id)=(484385628)" уже существует.
Traceback (most recent call last):
  File "E:\python\bots\lawyer_bot\venv\Lib\site-packages\tortoise\backends\asyncpg\client.py", line 89, in _translate_exceptions
    return await func(self, *args, **kwargs)
           ^^^^^^^^^^^^^^^^^^^^^^^^^^^^^^^^^
  File "E:\python\bots\lawyer_bot\venv\Lib\site-packages\tortoise\backends\asyncpg\client.py", line 112, in execute_insert
    return await connection.fetchrow(query, *values)
           ^^^^^^^^^^^^^^^^^^^^^^^^^^^^^^^^^^^^^^^^^
  File "E:\python\bots\lawyer_bot\venv\Lib\site-packages\asyncpg\connection.py", line 748, in fetchrow
    data = await self._execute(
           ^^^^^^^^^^^^^^^^^^^^
    ...<5 lines>...
    )
    ^
  File "E:\python\bots\lawyer_bot\venv\Lib\site-packages\asyncpg\connection.py", line 1864, in _execute
    result, _ = await self.__execute(
                ^^^^^^^^^^^^^^^^^^^^^
    ...<7 lines>...
    )
    ^
  File "E:\python\bots\lawyer_bot\venv\Lib\site-packages\asyncpg\connection.py", line 1961, in __execute
    result, stmt = await self._do_execute(
                   ^^^^^^^^^^^^^^^^^^^^^^^
    ...<5 lines>...
    )
    ^
  File "E:\python\bots\lawyer_bot\venv\Lib\site-packages\asyncpg\connection.py", line 2024, in _do_execute
    result = await executor(stmt, None)
             ^^^^^^^^^^^^^^^^^^^^^^^^^^
  File "asyncpg\\protocol\\protocol.pyx", line 206, in bind_execute
asyncpg.exceptions.UniqueViolationError: повторяющееся значение ключа нарушает ограничение уникальности "users_telegram_id_key"
DETAIL:  Ключ "(telegram_id)=(484385628)" уже существует.

During handling of the above exception, another exception occurred:

Traceback (most recent call last):
  File "E:\python\bots\lawyer_bot\handlers\registeration.py", line 81, in save_contact
    await User.create(
    ...<5 lines>...
        role="user")
  File "E:\python\bots\lawyer_bot\venv\Lib\site-packages\tortoise\models.py", line 1210, in create
    await instance.save(using_db=db, force_create=True)
  File "E:\python\bots\lawyer_bot\venv\Lib\site-packages\tortoise\models.py", line 996, in save
    await executor.execute_insert(self)
  File "E:\python\bots\lawyer_bot\venv\Lib\site-packages\tortoise\backends\base\executor.py", line 188, in execute_insert
    insert_result = await self.db.execute_insert(self.insert_query, values)
                    ^^^^^^^^^^^^^^^^^^^^^^^^^^^^^^^^^^^^^^^^^^^^^^^^^^^^^^^
  File "E:\python\bots\lawyer_bot\venv\Lib\site-packages\tortoise\backends\base_postgres\client.py", line 33, in _translate_exceptions
    return await self._translate_exceptions(func, *args, **kwargs)
           ^^^^^^^^^^^^^^^^^^^^^^^^^^^^^^^^^^^^^^^^^^^^^^^^^^^^^^^
  File "E:\python\bots\lawyer_bot\venv\Lib\site-packages\tortoise\backends\asyncpg\client.py", line 93, in _translate_exceptions
    raise IntegrityError(exc)
tortoise.exceptions.IntegrityError: повторяющееся значение ключа нарушает ограничение уникальности "users_telegram_id_key"
DETAIL:  Ключ "(telegram_id)=(484385628)" уже существует.
DEBUG    2025-09-17 15:53:42,236 [bot] (get_user.py).get_role_user(34) Возврат роли: 484385628, admin
DEBUG    2025-09-17 15:53:42,237 [bot] (menu_keyboard.py).inline_menu_kb(14) Передаю inline_menu_kb. Роль юзера: admin
WARNING  2025-09-17 15:58:55,303 [bot] (main.py).start_bot(21) Бот закрыт
INFO     2025-09-18 09:50:32,970 [bot] (logging_config.py)._setup_handlers(50) Логирование для 'bot' настроено успешно.
INFO     2025-09-18 09:50:35,486 [bot] (start_handlers.py).seed_admin(27) Проверка: seed_admin вызвана
INFO     2025-09-18 09:50:35,666 [bot] (commands.py).set_commands(20) Установил команды
ERROR    2025-09-18 09:50:51,781 [bot] (middleware.py).__call__(116) [StatisticMiddleware] Ошибка статистики: Error 22 connecting to localhost:6379. Удаленный компьютер отклонил это сетевое подключение.
ERROR    2025-09-18 09:50:58,192 [bot] (middleware.py).__call__(116) [StatisticMiddleware] Ошибка статистики: Error 22 connecting to localhost:6379. Удаленный компьютер отклонил это сетевое подключение.
ERROR    2025-09-18 09:50:58,210 [bot] (registeration.py).save_contact(89) Ошибка сохранения юзера: повторяющееся значение ключа нарушает ограничение уникальности "users_telegram_id_key"
DETAIL:  Ключ "(telegram_id)=(484385628)" уже существует.
Traceback (most recent call last):
  File "E:\python\bots\lawyer_bot\venv\Lib\site-packages\tortoise\backends\asyncpg\client.py", line 89, in _translate_exceptions
    return await func(self, *args, **kwargs)
           ^^^^^^^^^^^^^^^^^^^^^^^^^^^^^^^^^
  File "E:\python\bots\lawyer_bot\venv\Lib\site-packages\tortoise\backends\asyncpg\client.py", line 112, in execute_insert
    return await connection.fetchrow(query, *values)
           ^^^^^^^^^^^^^^^^^^^^^^^^^^^^^^^^^^^^^^^^^
  File "E:\python\bots\lawyer_bot\venv\Lib\site-packages\asyncpg\connection.py", line 748, in fetchrow
    data = await self._execute(
           ^^^^^^^^^^^^^^^^^^^^
    ...<5 lines>...
    )
    ^
  File "E:\python\bots\lawyer_bot\venv\Lib\site-packages\asyncpg\connection.py", line 1864, in _execute
    result, _ = await self.__execute(
                ^^^^^^^^^^^^^^^^^^^^^
    ...<7 lines>...
    )
    ^
  File "E:\python\bots\lawyer_bot\venv\Lib\site-packages\asyncpg\connection.py", line 1961, in __execute
    result, stmt = await self._do_execute(
                   ^^^^^^^^^^^^^^^^^^^^^^^
    ...<5 lines>...
    )
    ^
  File "E:\python\bots\lawyer_bot\venv\Lib\site-packages\asyncpg\connection.py", line 2024, in _do_execute
    result = await executor(stmt, None)
             ^^^^^^^^^^^^^^^^^^^^^^^^^^
  File "asyncpg\\protocol\\protocol.pyx", line 206, in bind_execute
asyncpg.exceptions.UniqueViolationError: повторяющееся значение ключа нарушает ограничение уникальности "users_telegram_id_key"
DETAIL:  Ключ "(telegram_id)=(484385628)" уже существует.

During handling of the above exception, another exception occurred:

Traceback (most recent call last):
  File "E:\python\bots\lawyer_bot\handlers\registeration.py", line 81, in save_contact
    await User.create(
    ...<5 lines>...
        role="user")
  File "E:\python\bots\lawyer_bot\venv\Lib\site-packages\tortoise\models.py", line 1210, in create
    await instance.save(using_db=db, force_create=True)
  File "E:\python\bots\lawyer_bot\venv\Lib\site-packages\tortoise\models.py", line 996, in save
    await executor.execute_insert(self)
  File "E:\python\bots\lawyer_bot\venv\Lib\site-packages\tortoise\backends\base\executor.py", line 188, in execute_insert
    insert_result = await self.db.execute_insert(self.insert_query, values)
                    ^^^^^^^^^^^^^^^^^^^^^^^^^^^^^^^^^^^^^^^^^^^^^^^^^^^^^^^
  File "E:\python\bots\lawyer_bot\venv\Lib\site-packages\tortoise\backends\base_postgres\client.py", line 33, in _translate_exceptions
    return await self._translate_exceptions(func, *args, **kwargs)
           ^^^^^^^^^^^^^^^^^^^^^^^^^^^^^^^^^^^^^^^^^^^^^^^^^^^^^^^
  File "E:\python\bots\lawyer_bot\venv\Lib\site-packages\tortoise\backends\asyncpg\client.py", line 93, in _translate_exceptions
    raise IntegrityError(exc)
tortoise.exceptions.IntegrityError: повторяющееся значение ключа нарушает ограничение уникальности "users_telegram_id_key"
DETAIL:  Ключ "(telegram_id)=(484385628)" уже существует.
ERROR    2025-09-18 09:51:40,679 [bot] (middleware.py).__call__(116) [StatisticMiddleware] Ошибка статистики: Error 22 connecting to localhost:6379. Удаленный компьютер отклонил это сетевое подключение.
ERROR    2025-09-18 09:51:53,453 [bot] (middleware.py).__call__(116) [StatisticMiddleware] Ошибка статистики: Error 22 connecting to localhost:6379. Удаленный компьютер отклонил это сетевое подключение.
ERROR    2025-09-18 09:52:00,305 [bot] (middleware.py).__call__(116) [StatisticMiddleware] Ошибка статистики: Error 22 connecting to localhost:6379. Удаленный компьютер отклонил это сетевое подключение.
ERROR    2025-09-18 09:52:11,605 [bot] (middleware.py).__call__(116) [StatisticMiddleware] Ошибка статистики: Error 22 connecting to localhost:6379. Удаленный компьютер отклонил это сетевое подключение.
ERROR    2025-09-18 09:52:11,649 [bot] (registeration.py).save_contact(89) Ошибка сохранения юзера: повторяющееся значение ключа нарушает ограничение уникальности "users_telegram_id_key"
DETAIL:  Ключ "(telegram_id)=(484385628)" уже существует.
Traceback (most recent call last):
  File "E:\python\bots\lawyer_bot\venv\Lib\site-packages\tortoise\backends\asyncpg\client.py", line 89, in _translate_exceptions
    return await func(self, *args, **kwargs)
           ^^^^^^^^^^^^^^^^^^^^^^^^^^^^^^^^^
  File "E:\python\bots\lawyer_bot\venv\Lib\site-packages\tortoise\backends\asyncpg\client.py", line 112, in execute_insert
    return await connection.fetchrow(query, *values)
           ^^^^^^^^^^^^^^^^^^^^^^^^^^^^^^^^^^^^^^^^^
  File "E:\python\bots\lawyer_bot\venv\Lib\site-packages\asyncpg\connection.py", line 748, in fetchrow
    data = await self._execute(
           ^^^^^^^^^^^^^^^^^^^^
    ...<5 lines>...
    )
    ^
  File "E:\python\bots\lawyer_bot\venv\Lib\site-packages\asyncpg\connection.py", line 1864, in _execute
    result, _ = await self.__execute(
                ^^^^^^^^^^^^^^^^^^^^^
    ...<7 lines>...
    )
    ^
  File "E:\python\bots\lawyer_bot\venv\Lib\site-packages\asyncpg\connection.py", line 1961, in __execute
    result, stmt = await self._do_execute(
                   ^^^^^^^^^^^^^^^^^^^^^^^
    ...<5 lines>...
    )
    ^
  File "E:\python\bots\lawyer_bot\venv\Lib\site-packages\asyncpg\connection.py", line 2024, in _do_execute
    result = await executor(stmt, None)
             ^^^^^^^^^^^^^^^^^^^^^^^^^^
  File "asyncpg\\protocol\\protocol.pyx", line 206, in bind_execute
asyncpg.exceptions.UniqueViolationError: повторяющееся значение ключа нарушает ограничение уникальности "users_telegram_id_key"
DETAIL:  Ключ "(telegram_id)=(484385628)" уже существует.

During handling of the above exception, another exception occurred:

Traceback (most recent call last):
  File "E:\python\bots\lawyer_bot\handlers\registeration.py", line 81, in save_contact
    await User.create(
    ...<5 lines>...
        role="user")
  File "E:\python\bots\lawyer_bot\venv\Lib\site-packages\tortoise\models.py", line 1210, in create
    await instance.save(using_db=db, force_create=True)
  File "E:\python\bots\lawyer_bot\venv\Lib\site-packages\tortoise\models.py", line 996, in save
    await executor.execute_insert(self)
  File "E:\python\bots\lawyer_bot\venv\Lib\site-packages\tortoise\backends\base\executor.py", line 188, in execute_insert
    insert_result = await self.db.execute_insert(self.insert_query, values)
                    ^^^^^^^^^^^^^^^^^^^^^^^^^^^^^^^^^^^^^^^^^^^^^^^^^^^^^^^
  File "E:\python\bots\lawyer_bot\venv\Lib\site-packages\tortoise\backends\base_postgres\client.py", line 33, in _translate_exceptions
    return await self._translate_exceptions(func, *args, **kwargs)
           ^^^^^^^^^^^^^^^^^^^^^^^^^^^^^^^^^^^^^^^^^^^^^^^^^^^^^^^
  File "E:\python\bots\lawyer_bot\venv\Lib\site-packages\tortoise\backends\asyncpg\client.py", line 93, in _translate_exceptions
    raise IntegrityError(exc)
tortoise.exceptions.IntegrityError: повторяющееся значение ключа нарушает ограничение уникальности "users_telegram_id_key"
DETAIL:  Ключ "(telegram_id)=(484385628)" уже существует.
WARNING  2025-09-18 10:05:17,977 [bot] (main.py).start_bot(21) Бот закрыт
WARNING  2025-09-18 10:05:18,147 [bot] (main.py).<module>(43) Помощник завершены
INFO     2025-09-18 10:05:22,051 [bot] (logging_config.py)._setup_handlers(50) Логирование для 'bot' настроено успешно.
INFO     2025-09-18 10:05:22,861 [bot] (start_handlers.py).seed_admin(27) Проверка: seed_admin вызвана
INFO     2025-09-18 10:05:23,081 [bot] (commands.py).set_commands(20) Установил команды
ERROR    2025-09-18 10:05:29,259 [bot] (middleware.py).__call__(116) [StatisticMiddleware] Ошибка статистики: Error 22 connecting to localhost:6379. Удаленный компьютер отклонил это сетевое подключение.
ERROR    2025-09-18 10:05:44,108 [bot] (middleware.py).__call__(116) [StatisticMiddleware] Ошибка статистики: Error 22 connecting to localhost:6379. Удаленный компьютер отклонил это сетевое подключение.
ERROR    2025-09-18 10:05:51,299 [bot] (middleware.py).__call__(116) [StatisticMiddleware] Ошибка статистики: Error 22 connecting to localhost:6379. Удаленный компьютер отклонил это сетевое подключение.
DEBUG    2025-09-18 10:05:51,303 [bot] (get_user.py).get_role_user(34) Возврат роли: 484385628, admin
DEBUG    2025-09-18 10:05:51,303 [bot] (menu_keyboard.py).inline_menu_kb(14) Передаю inline_menu_kb. Роль юзера: admin
ERROR    2025-09-18 10:06:49,102 [bot] (registeration.py).save_contact(92) Ошибка сохранения юзера: повторяющееся значение ключа нарушает ограничение уникальности "users_telegram_id_key"
DETAIL:  Ключ "(telegram_id)=(484385628)" уже существует.
Traceback (most recent call last):
  File "E:\python\bots\lawyer_bot\venv\Lib\site-packages\tortoise\backends\asyncpg\client.py", line 89, in _translate_exceptions
    return await func(self, *args, **kwargs)
           ^^^^^^^^^^^^^^^^^^^^^^^^^^^^^^^^^
  File "E:\python\bots\lawyer_bot\venv\Lib\site-packages\tortoise\backends\asyncpg\client.py", line 112, in execute_insert
    return await connection.fetchrow(query, *values)
           ^^^^^^^^^^^^^^^^^^^^^^^^^^^^^^^^^^^^^^^^^
  File "E:\python\bots\lawyer_bot\venv\Lib\site-packages\asyncpg\connection.py", line 748, in fetchrow
    data = await self._execute(
           ^^^^^^^^^^^^^^^^^^^^
    ...<5 lines>...
    )
    ^
  File "E:\python\bots\lawyer_bot\venv\Lib\site-packages\asyncpg\connection.py", line 1864, in _execute
    result, _ = await self.__execute(
                ^^^^^^^^^^^^^^^^^^^^^
    ...<7 lines>...
    )
    ^
  File "E:\python\bots\lawyer_bot\venv\Lib\site-packages\asyncpg\connection.py", line 1961, in __execute
    result, stmt = await self._do_execute(
                   ^^^^^^^^^^^^^^^^^^^^^^^
    ...<5 lines>...
    )
    ^
  File "E:\python\bots\lawyer_bot\venv\Lib\site-packages\asyncpg\connection.py", line 2024, in _do_execute
    result = await executor(stmt, None)
             ^^^^^^^^^^^^^^^^^^^^^^^^^^
  File "asyncpg\\protocol\\protocol.pyx", line 206, in bind_execute
asyncpg.exceptions.UniqueViolationError: повторяющееся значение ключа нарушает ограничение уникальности "users_telegram_id_key"
DETAIL:  Ключ "(telegram_id)=(484385628)" уже существует.

During handling of the above exception, another exception occurred:

Traceback (most recent call last):
  File "E:\python\bots\lawyer_bot\handlers\registeration.py", line 84, in save_contact
  File "E:\python\bots\lawyer_bot\venv\Lib\site-packages\tortoise\models.py", line 1210, in create
    await instance.save(using_db=db, force_create=True)
  File "E:\python\bots\lawyer_bot\venv\Lib\site-packages\tortoise\models.py", line 996, in save
    await executor.execute_insert(self)
  File "E:\python\bots\lawyer_bot\venv\Lib\site-packages\tortoise\backends\base\executor.py", line 188, in execute_insert
    insert_result = await self.db.execute_insert(self.insert_query, values)
                    ^^^^^^^^^^^^^^^^^^^^^^^^^^^^^^^^^^^^^^^^^^^^^^^^^^^^^^^
  File "E:\python\bots\lawyer_bot\venv\Lib\site-packages\tortoise\backends\base_postgres\client.py", line 33, in _translate_exceptions
    return await self._translate_exceptions(func, *args, **kwargs)
           ^^^^^^^^^^^^^^^^^^^^^^^^^^^^^^^^^^^^^^^^^^^^^^^^^^^^^^^
  File "E:\python\bots\lawyer_bot\venv\Lib\site-packages\tortoise\backends\asyncpg\client.py", line 93, in _translate_exceptions
    raise IntegrityError(exc)
tortoise.exceptions.IntegrityError: повторяющееся значение ключа нарушает ограничение уникальности "users_telegram_id_key"
DETAIL:  Ключ "(telegram_id)=(484385628)" уже существует.
DEBUG    2025-09-18 10:06:51,209 [bot] (get_user.py).get_role_user(34) Возврат роли: 484385628, admin
DEBUG    2025-09-18 10:06:51,209 [bot] (menu_keyboard.py).inline_menu_kb(14) Передаю inline_menu_kb. Роль юзера: admin
WARNING  2025-09-18 10:12:54,563 [bot] (main.py).start_bot(21) Бот закрыт
INFO     2025-09-18 10:12:57,499 [bot] (logging_config.py)._setup_handlers(50) Логирование для 'bot' настроено успешно.
INFO     2025-09-18 10:12:58,065 [bot] (start_handlers.py).seed_admin(27) Проверка: seed_admin вызвана
INFO     2025-09-18 10:12:58,215 [bot] (commands.py).set_commands(20) Установил команды
DEBUG    2025-09-18 10:13:00,869 [bot] (get_user.py).get_role_user(34) Возврат роли: 484385628, admin
DEBUG    2025-09-18 10:13:00,870 [bot] (menu_keyboard.py).inline_menu_kb(14) Передаю inline_menu_kb. Роль юзера: admin
DEBUG    2025-09-18 10:13:22,372 [bot] (get_user.py).get_role_user(34) Возврат роли: 484385628, admin
DEBUG    2025-09-18 10:13:22,373 [bot] (menu_keyboard.py).inline_menu_kb(14) Передаю inline_menu_kb. Роль юзера: admin
DEBUG    2025-09-18 10:22:09,102 [bot] (get_user.py).get_role_user(34) Возврат роли: 484385628, admin
DEBUG    2025-09-18 10:22:09,102 [bot] (menu_keyboard.py).inline_menu_kb(14) Передаю inline_menu_kb. Роль юзера: admin
WARNING  2025-09-18 10:22:39,609 [bot] (main.py).start_bot(21) Бот закрыт
WARNING  2025-09-18 10:22:39,872 [bot] (main.py).<module>(43) Помощник завершены
INFO     2025-09-18 10:22:42,120 [bot] (logging_config.py)._setup_handlers(50) Логирование для 'bot' настроено успешно.
INFO     2025-09-18 10:22:42,590 [bot] (start_handlers.py).seed_admin(27) Проверка: seed_admin вызвана
INFO     2025-09-18 10:22:42,777 [bot] (commands.py).set_commands(20) Установил команды
WARNING  2025-09-18 10:26:59,172 [bot] (main.py).start_bot(21) Бот закрыт
INFO     2025-09-18 10:27:02,010 [bot] (logging_config.py)._setup_handlers(50) Логирование для 'bot' настроено успешно.
INFO     2025-09-18 10:27:02,566 [bot] (start_handlers.py).seed_admin(25) Проверка: seed_admin вызвана
INFO     2025-09-18 10:27:02,727 [bot] (commands.py).set_commands(20) Установил команды
DEBUG    2025-09-18 10:27:05,623 [bot] (get_user.py).get_role_user(34) Возврат роли: 484385628, admin
DEBUG    2025-09-18 10:27:05,624 [bot] (menu_keyboard.py).inline_menu_kb(14) Передаю inline_menu_kb. Роль юзера: admin
DEBUG    2025-09-18 10:27:21,578 [bot] (get_user.py).get_role_user(34) Возврат роли: 484385628, admin
DEBUG    2025-09-18 10:27:21,579 [bot] (menu_keyboard.py).inline_menu_kb(14) Передаю inline_menu_kb. Роль юзера: admin
WARNING  2025-09-18 10:43:29,447 [bot] (main.py).start_bot(21) Бот закрыт
WARNING  2025-09-18 10:43:29,610 [bot] (main.py).<module>(43) Помощник завершены
INFO     2025-09-18 10:43:31,942 [bot] (logging_config.py)._setup_handlers(50) Логирование для 'bot' настроено успешно.
INFO     2025-09-18 10:43:32,384 [bot] (start_handlers.py).seed_admin(25) Проверка: seed_admin вызвана
INFO     2025-09-18 10:43:32,674 [bot] (commands.py).set_commands(20) Установил команды
WARNING  2025-09-18 10:44:31,728 [bot] (main.py).start_bot(21) Бот закрыт
INFO     2025-09-18 10:44:34,570 [bot] (logging_config.py)._setup_handlers(50) Логирование для 'bot' настроено успешно.
INFO     2025-09-18 10:44:34,993 [bot] (start_handlers.py).seed_admin(25) Проверка: seed_admin вызвана
INFO     2025-09-18 10:44:35,161 [bot] (commands.py).set_commands(20) Установил команды
WARNING  2025-09-18 10:45:20,455 [bot] (main.py).start_bot(21) Бот закрыт
INFO     2025-09-18 10:45:23,022 [bot] (logging_config.py)._setup_handlers(50) Логирование для 'bot' настроено успешно.
INFO     2025-09-18 10:45:23,478 [bot] (start_handlers.py).seed_admin(25) Проверка: seed_admin вызвана
INFO     2025-09-18 10:45:23,643 [bot] (commands.py).set_commands(20) Установил команды
DEBUG    2025-09-18 10:45:29,489 [bot] (get_user.py).get_role_user(34) Возврат роли: 484385628, admin
DEBUG    2025-09-18 10:45:29,489 [bot] (menu_keyboard.py).inline_menu_kb(14) Передаю inline_menu_kb. Роль юзера: admin
WARNING  2025-09-18 10:47:13,201 [bot] (main.py).start_bot(21) Бот закрыт
INFO     2025-09-18 10:47:15,708 [bot] (logging_config.py)._setup_handlers(50) Логирование для 'bot' настроено успешно.
INFO     2025-09-18 10:47:16,155 [bot] (start_handlers.py).seed_admin(25) Проверка: seed_admin вызвана
INFO     2025-09-18 10:47:16,324 [bot] (commands.py).set_commands(20) Установил команды
WARNING  2025-09-18 10:47:41,798 [bot] (main.py).start_bot(21) Бот закрыт
INFO     2025-09-18 10:47:44,399 [bot] (logging_config.py)._setup_handlers(50) Логирование для 'bot' настроено успешно.
INFO     2025-09-18 10:47:44,963 [bot] (start_handlers.py).seed_admin(25) Проверка: seed_admin вызвана
INFO     2025-09-18 10:47:45,131 [bot] (commands.py).set_commands(20) Установил команды
WARNING  2025-09-18 10:48:01,555 [bot] (main.py).start_bot(21) Бот закрыт
INFO     2025-09-18 10:48:03,997 [bot] (logging_config.py)._setup_handlers(50) Логирование для 'bot' настроено успешно.
INFO     2025-09-18 10:48:14,151 [bot] (logging_config.py)._setup_handlers(50) Логирование для 'bot' настроено успешно.
INFO     2025-09-18 10:48:14,697 [bot] (start_handlers.py).seed_admin(25) Проверка: seed_admin вызвана
INFO     2025-09-18 10:48:14,888 [bot] (commands.py).set_commands(20) Установил команды
DEBUG    2025-09-18 10:48:19,512 [bot] (get_user.py).get_role_user(34) Возврат роли: 484385628, admin
DEBUG    2025-09-18 10:48:19,512 [bot] (menu_keyboard.py).inline_menu_kb(14) Передаю inline_menu_kb. Роль юзера: admin
DEBUG    2025-09-18 10:54:30,866 [bot] (get_user.py).get_role_user(34) Возврат роли: 484385628, admin
DEBUG    2025-09-18 10:54:30,866 [bot] (menu_keyboard.py).inline_menu_kb(14) Передаю inline_menu_kb. Роль юзера: admin
WARNING  2025-09-18 11:08:53,228 [bot] (main.py).start_bot(21) Бот закрыт
WARNING  2025-09-18 11:08:53,386 [bot] (main.py).<module>(43) Помощник завершены
INFO     2025-09-18 11:08:57,943 [bot] (logging_config.py)._setup_handlers(50) Логирование для 'bot' настроено успешно.
INFO     2025-09-18 11:08:58,386 [bot] (start_handlers.py).seed_admin(25) Проверка: seed_admin вызвана
INFO     2025-09-18 11:08:58,702 [bot] (commands.py).set_commands(20) Установил команды
DEBUG    2025-09-18 11:19:33,177 [bot] (get_user.py).get_role_user(34) Возврат роли: 484385628, admin
DEBUG    2025-09-18 11:19:33,177 [bot] (menu_keyboard.py).inline_menu_kb(14) Передаю inline_menu_kb. Роль юзера: admin
WARNING  2025-09-18 11:29:45,157 [bot] (main.py).start_bot(21) Бот закрыт
WARNING  2025-09-18 11:29:45,303 [bot] (main.py).<module>(43) Помощник завершены
INFO     2025-09-18 11:29:47,739 [bot] (logging_config.py)._setup_handlers(50) Логирование для 'bot' настроено успешно.
INFO     2025-09-18 11:29:48,301 [bot] (start_handlers.py).seed_admin(25) Проверка: seed_admin вызвана
INFO     2025-09-18 11:29:48,478 [bot] (commands.py).set_commands(20) Установил команды
DEBUG    2025-09-18 11:29:52,139 [bot] (get_user.py).get_role_user(34) Возврат роли: 484385628, admin
DEBUG    2025-09-18 11:29:52,139 [bot] (menu_keyboard.py).inline_menu_kb(14) Передаю inline_menu_kb. Роль юзера: admin
WARNING  2025-09-18 11:31:15,711 [bot] (main.py).start_bot(21) Бот закрыт
INFO     2025-09-18 11:31:18,342 [bot] (logging_config.py)._setup_handlers(50) Логирование для 'bot' настроено успешно.
INFO     2025-09-18 11:31:18,787 [bot] (start_handlers.py).seed_admin(25) Проверка: seed_admin вызвана
INFO     2025-09-18 11:31:18,953 [bot] (commands.py).set_commands(20) Установил команды
DEBUG    2025-09-18 11:31:29,603 [bot] (back_handler.py).back(23) Начало обработки back. Текущее состояние: AnswerState:docs_questions
DEBUG    2025-09-18 11:31:32,643 [bot] (back_handler.py).back(23) Начало обработки back. Текущее состояние: AnswerState:question
DEBUG    2025-09-18 11:31:38,068 [bot] (back_handler.py).back(23) Начало обработки back. Текущее состояние: AnswerState:question
WARNING  2025-09-18 11:36:34,282 [bot] (main.py).start_bot(21) Бот закрыт
INFO     2025-09-18 11:36:36,964 [bot] (logging_config.py)._setup_handlers(50) Логирование для 'bot' настроено успешно.
INFO     2025-09-18 11:36:37,456 [bot] (start_handlers.py).seed_admin(25) Проверка: seed_admin вызвана
INFO     2025-09-18 11:36:37,668 [bot] (commands.py).set_commands(20) Установил команды
WARNING  2025-09-18 11:40:32,143 [bot] (main.py).start_bot(21) Бот закрыт
WARNING  2025-09-18 11:40:32,287 [bot] (main.py).<module>(43) Помощник завершены
INFO     2025-09-18 11:40:34,767 [bot] (logging_config.py)._setup_handlers(50) Логирование для 'bot' настроено успешно.
INFO     2025-09-18 11:40:35,206 [bot] (start_handlers.py).seed_admin(25) Проверка: seed_admin вызвана
INFO     2025-09-18 11:40:35,559 [bot] (commands.py).set_commands(20) Установил команды
WARNING  2025-09-18 11:40:55,836 [bot] (main.py).start_bot(21) Бот закрыт
INFO     2025-09-18 11:40:58,455 [bot] (logging_config.py)._setup_handlers(50) Логирование для 'bot' настроено успешно.
INFO     2025-09-18 11:40:58,893 [bot] (start_handlers.py).seed_admin(25) Проверка: seed_admin вызвана
INFO     2025-09-18 11:40:59,043 [bot] (commands.py).set_commands(20) Установил команды
DEBUG    2025-09-18 11:42:28,640 [bot] (back_handler.py).back(23) Начало обработки back. Текущее состояние: AnswerState:question
WARNING  2025-09-18 11:45:55,341 [bot] (main.py).start_bot(21) Бот закрыт
INFO     2025-09-18 11:45:57,961 [bot] (logging_config.py)._setup_handlers(50) Логирование для 'bot' настроено успешно.
INFO     2025-09-18 11:45:58,392 [bot] (start_handlers.py).seed_admin(25) Проверка: seed_admin вызвана
INFO     2025-09-18 11:45:58,590 [bot] (commands.py).set_commands(20) Установил команды
WARNING  2025-09-18 11:47:33,952 [bot] (main.py).start_bot(21) Бот закрыт
INFO     2025-09-18 11:47:36,585 [bot] (logging_config.py)._setup_handlers(50) Логирование для 'bot' настроено успешно.
INFO     2025-09-18 11:47:37,136 [bot] (start_handlers.py).seed_admin(25) Проверка: seed_admin вызвана
INFO     2025-09-18 11:47:37,412 [bot] (commands.py).set_commands(20) Установил команды
DEBUG    2025-09-18 11:47:45,111 [bot] (back_handler.py).back(23) Начало обработки back. Текущее состояние: AnswerState:doc_answer
DEBUG    2025-09-18 11:47:53,480 [bot] (back_handler.py).back(23) Начало обработки back. Текущее состояние: AnswerState:answer
DEBUG    2025-09-18 11:48:19,976 [bot] (back_handler.py).back(23) Начало обработки back. Текущее состояние: AnswerState:doc_answer
WARNING  2025-09-18 11:48:41,726 [bot] (main.py).start_bot(21) Бот закрыт
INFO     2025-09-18 11:48:44,253 [bot] (logging_config.py)._setup_handlers(50) Логирование для 'bot' настроено успешно.
INFO     2025-09-18 11:48:44,719 [bot] (start_handlers.py).seed_admin(25) Проверка: seed_admin вызвана
INFO     2025-09-18 11:48:44,883 [bot] (commands.py).set_commands(20) Установил команды
DEBUG    2025-09-18 11:48:49,492 [bot] (back_handler.py).back(24) Начало обработки back. Текущее состояние: AnswerState:doc_answer
DEBUG    2025-09-18 11:48:51,666 [bot] (back_handler.py).back(24) Начало обработки back. Текущее состояние: AnswerState:docs_questions
DEBUG    2025-09-18 11:48:55,241 [bot] (back_handler.py).back(24) Начало обработки back. Текущее состояние: AnswerState:answer
WARNING  2025-09-18 11:50:05,475 [bot] (main.py).start_bot(21) Бот закрыт
INFO     2025-09-18 11:50:08,343 [bot] (logging_config.py)._setup_handlers(50) Логирование для 'bot' настроено успешно.
INFO     2025-09-18 11:50:08,786 [bot] (start_handlers.py).seed_admin(25) Проверка: seed_admin вызвана
INFO     2025-09-18 11:50:08,958 [bot] (commands.py).set_commands(20) Установил команды
DEBUG    2025-09-18 11:50:10,572 [bot] (get_user.py).get_role_user(34) Возврат роли: 484385628, admin
DEBUG    2025-09-18 11:50:10,572 [bot] (menu_keyboard.py).inline_menu_kb(14) Передаю inline_menu_kb. Роль юзера: admin
DEBUG    2025-09-18 11:50:18,493 [bot] (back_handler.py).back(24) Начало обработки back. Текущее состояние: AnswerState:answer
WARNING  2025-09-18 12:23:48,769 [bot] (main.py).start_bot(21) Бот закрыт
WARNING  2025-09-18 12:23:48,925 [bot] (main.py).<module>(43) Помощник завершены
INFO     2025-09-18 12:23:52,421 [bot] (logging_config.py)._setup_handlers(50) Логирование для 'bot' настроено успешно.
INFO     2025-09-18 12:23:53,240 [bot] (start_handlers.py).seed_admin(25) Проверка: seed_admin вызвана
INFO     2025-09-18 12:23:53,428 [bot] (commands.py).set_commands(20) Установил команды
DEBUG    2025-09-18 12:23:56,964 [bot] (get_user.py).get_role_user(34) Возврат роли: 484385628, admin
DEBUG    2025-09-18 12:23:56,964 [bot] (menu_keyboard.py).inline_menu_kb(14) Передаю inline_menu_kb. Роль юзера: admin
DEBUG    2025-09-18 12:24:00,450 [bot] (back_handler.py).back(24) Начало обработки back. Текущее состояние: AdminMenuState:admin_menu
DEBUG    2025-09-18 12:24:02,791 [bot] (get_user.py).get_role_user(34) Возврат роли: 484385628, admin
DEBUG    2025-09-18 12:24:02,792 [bot] (menu_keyboard.py).inline_menu_kb(14) Передаю inline_menu_kb. Роль юзера: admin
WARNING  2025-09-18 12:28:46,032 [bot] (main.py).start_bot(21) Бот закрыт
INFO     2025-09-18 12:28:48,714 [bot] (logging_config.py)._setup_handlers(50) Логирование для 'bot' настроено успешно.
INFO     2025-09-18 12:28:49,157 [bot] (start_handlers.py).seed_admin(25) Проверка: seed_admin вызвана
INFO     2025-09-18 12:28:49,308 [bot] (commands.py).set_commands(20) Установил команды
DEBUG    2025-09-18 12:28:53,676 [bot] (get_user.py).get_role_user(34) Возврат роли: 484385628, admin
DEBUG    2025-09-18 12:28:53,676 [bot] (menu_keyboard.py).inline_menu_kb(14) Передаю inline_menu_kb. Роль юзера: admin
INFO     2025-09-18 12:29:01,478 [bot] (cancel_state_handler.py).cancel_handler(18) Состояние ожидания: CreateRequest:wait_contract - отменено
DEBUG    2025-09-18 12:29:01,780 [bot] (get_user.py).get_role_user(34) Возврат роли: 484385628, admin
DEBUG    2025-09-18 12:29:01,780 [bot] (menu_keyboard.py).inline_menu_kb(14) Передаю inline_menu_kb. Роль юзера: admin
WARNING  2025-09-18 12:50:02,632 [bot] (main.py).start_bot(21) Бот закрыт
WARNING  2025-09-18 12:50:02,776 [bot] (main.py).<module>(43) Помощник завершены
INFO     2025-09-18 12:50:05,360 [bot] (logging_config.py)._setup_handlers(50) Логирование для 'bot' настроено успешно.
INFO     2025-09-18 12:50:05,814 [bot] (start_handlers.py).seed_admin(25) Проверка: seed_admin вызвана
INFO     2025-09-18 12:50:06,426 [bot] (commands.py).set_commands(20) Установил команды
DEBUG    2025-09-18 12:50:12,254 [bot] (get_user.py).get_role_user(34) Возврат роли: 484385628, admin
DEBUG    2025-09-18 12:50:12,255 [bot] (menu_keyboard.py).inline_menu_kb(14) Передаю inline_menu_kb. Роль юзера: admin
WARNING  2025-09-18 12:51:49,963 [bot] (main.py).start_bot(21) Бот закрыт
INFO     2025-09-18 12:51:52,477 [bot] (logging_config.py)._setup_handlers(50) Логирование для 'bot' настроено успешно.
INFO     2025-09-18 12:51:52,904 [bot] (start_handlers.py).seed_admin(25) Проверка: seed_admin вызвана
INFO     2025-09-18 12:51:53,123 [bot] (commands.py).set_commands(20) Установил команды
DEBUG    2025-09-18 12:51:55,038 [bot] (get_user.py).get_role_user(34) Возврат роли: 484385628, admin
DEBUG    2025-09-18 12:51:55,039 [bot] (menu_keyboard.py).inline_menu_kb(14) Передаю inline_menu_kb. Роль юзера: admin
DEBUG    2025-09-18 13:01:56,331 [bot] (get_user.py).get_role_user(34) Возврат роли: 484385628, admin
DEBUG    2025-09-18 13:01:56,331 [bot] (menu_keyboard.py).inline_menu_kb(14) Передаю inline_menu_kb. Роль юзера: admin
INFO     2025-09-18 13:01:56,435 [bot] (cancel_state_handler.py).cancel_state_handler(40) Состояние сброшено: CreateRequest:wait_contract 
WARNING  2025-09-18 13:05:57,277 [bot] (main.py).start_bot(21) Бот закрыт
WARNING  2025-09-18 13:05:57,441 [bot] (main.py).<module>(43) Помощник завершены
INFO     2025-09-18 13:05:59,888 [bot] (logging_config.py)._setup_handlers(50) Логирование для 'bot' настроено успешно.
INFO     2025-09-18 13:06:00,373 [bot] (start_handlers.py).seed_admin(25) Проверка: seed_admin вызвана
INFO     2025-09-18 13:06:00,718 [bot] (commands.py).set_commands(20) Установил команды
WARNING  2025-09-18 13:06:47,905 [bot] (main.py).start_bot(21) Бот закрыт
INFO     2025-09-18 13:06:50,467 [bot] (logging_config.py)._setup_handlers(50) Логирование для 'bot' настроено успешно.
INFO     2025-09-18 13:06:51,000 [bot] (start_handlers.py).seed_admin(25) Проверка: seed_admin вызвана
INFO     2025-09-18 13:06:51,224 [bot] (commands.py).set_commands(20) Установил команды
DEBUG    2025-09-18 13:06:53,418 [bot] (get_user.py).get_role_user(34) Возврат роли: 484385628, admin
DEBUG    2025-09-18 13:06:53,418 [bot] (menu_keyboard.py).inline_menu_kb(14) Передаю inline_menu_kb. Роль юзера: admin
DEBUG    2025-09-18 13:06:59,437 [bot] (user_request_handlers.py).creating_request_acc_screenshot(38) получен документ: file_id='BQACAgIAAxkBAAP1aMvZw-6FO2bFIMXG2Vg-n6_eMdQAAjh5AAOUYEqar-tEimBqtDYE' file_unique_id='AgADOHkAA5RgSg' thumbnail=None file_name='py01.pdf' mime_type='application/pdf' file_size=155196, file_id: BQACAgIAAxkBAAP1aMvZw-6FO2bFIMXG2Vg-n6_eMdQAAjh5AAOUYEqar-tEimBqtDYE
DEBUG    2025-09-18 13:16:54,887 [bot] (get_user.py).get_role_user(34) Возврат роли: 484385628, admin
DEBUG    2025-09-18 13:16:54,887 [bot] (menu_keyboard.py).inline_menu_kb(14) Передаю inline_menu_kb. Роль юзера: admin
INFO     2025-09-18 13:16:54,970 [bot] (cancel_state_handler.py).cancel_state_handler(40) Состояние сброшено: CreateRequest:wait_contract 
WARNING  2025-09-18 13:25:23,483 [bot] (main.py).start_bot(21) Бот закрыт
WARNING  2025-09-18 13:25:23,629 [bot] (main.py).<module>(43) Помощник завершены
INFO     2025-09-18 13:25:25,923 [bot] (logging_config.py)._setup_handlers(50) Логирование для 'bot' настроено успешно.
INFO     2025-09-18 13:25:26,352 [bot] (start_handlers.py).seed_admin(25) Проверка: seed_admin вызвана
INFO     2025-09-18 13:25:26,545 [bot] (commands.py).set_commands(20) Установил команды
DEBUG    2025-09-18 13:25:28,682 [bot] (get_user.py).get_role_user(34) Возврат роли: 484385628, admin
DEBUG    2025-09-18 13:25:28,682 [bot] (menu_keyboard.py).inline_menu_kb(14) Передаю inline_menu_kb. Роль юзера: admin
DEBUG    2025-09-18 13:25:35,556 [bot] (user_request_handlers.py).creating_request_acc_screenshot(39) получен документ: file_id='BQACAgIAAxkBAAP6aMveIIRHVORGDpLnRH8rw7Mn2dUAAl55AAOUYEqKhBwnAY8tgTYE' file_unique_id='AgADXnkAA5RgSg' thumbnail=None file_name='py01.pdf' mime_type='application/pdf' file_size=155196, file_id: BQACAgIAAxkBAAP6aMveIIRHVORGDpLnRH8rw7Mn2dUAAl55AAOUYEqKhBwnAY8tgTYE
WARNING  2025-09-18 13:29:21,881 [bot] (main.py).start_bot(21) Бот закрыт
INFO     2025-09-18 13:29:24,530 [bot] (logging_config.py)._setup_handlers(50) Логирование для 'bot' настроено успешно.
INFO     2025-09-18 13:29:24,993 [bot] (start_handlers.py).seed_admin(25) Проверка: seed_admin вызвана
INFO     2025-09-18 13:29:25,164 [bot] (commands.py).set_commands(20) Установил команды
DEBUG    2025-09-18 13:29:27,878 [bot] (get_user.py).get_role_user(34) Возврат роли: 484385628, admin
DEBUG    2025-09-18 13:29:27,878 [bot] (menu_keyboard.py).inline_menu_kb(14) Передаю inline_menu_kb. Роль юзера: admin
WARNING  2025-09-18 13:31:41,310 [bot] (main.py).start_bot(21) Бот закрыт
INFO     2025-09-18 13:31:43,744 [bot] (logging_config.py)._setup_handlers(50) Логирование для 'bot' настроено успешно.
INFO     2025-09-18 13:31:44,296 [bot] (start_handlers.py).seed_admin(25) Проверка: seed_admin вызвана
INFO     2025-09-18 13:31:44,491 [bot] (commands.py).set_commands(20) Установил команды
DEBUG    2025-09-18 13:31:46,531 [bot] (get_user.py).get_role_user(34) Возврат роли: 484385628, admin
DEBUG    2025-09-18 13:31:46,531 [bot] (menu_keyboard.py).inline_menu_kb(14) Передаю inline_menu_kb. Роль юзера: admin
WARNING  2025-09-18 13:32:07,137 [bot] (main.py).start_bot(21) Бот закрыт
INFO     2025-09-18 13:32:09,616 [bot] (logging_config.py)._setup_handlers(50) Логирование для 'bot' настроено успешно.
INFO     2025-09-18 13:32:10,161 [bot] (start_handlers.py).seed_admin(25) Проверка: seed_admin вызвана
INFO     2025-09-18 13:32:10,316 [bot] (commands.py).set_commands(20) Установил команды
DEBUG    2025-09-18 13:32:11,982 [bot] (get_user.py).get_role_user(34) Возврат роли: 484385628, admin
DEBUG    2025-09-18 13:32:11,982 [bot] (menu_keyboard.py).inline_menu_kb(14) Передаю inline_menu_kb. Роль юзера: admin
WARNING  2025-09-18 13:34:13,036 [bot] (main.py).start_bot(21) Бот закрыт
INFO     2025-09-18 13:34:15,600 [bot] (logging_config.py)._setup_handlers(50) Логирование для 'bot' настроено успешно.
INFO     2025-09-18 13:34:16,061 [bot] (start_handlers.py).seed_admin(25) Проверка: seed_admin вызвана
INFO     2025-09-18 13:34:16,233 [bot] (commands.py).set_commands(20) Установил команды
DEBUG    2025-09-18 13:34:22,648 [bot] (get_user.py).get_role_user(34) Возврат роли: 484385628, admin
DEBUG    2025-09-18 13:34:22,648 [bot] (menu_keyboard.py).inline_menu_kb(14) Передаю inline_menu_kb. Роль юзера: admin
DEBUG    2025-09-18 13:35:02,915 [bot] (user_request_handlers.py).creating_request_acc_screenshot(39) получен документ: file_id='BQACAgIAAxkBAAIBDmjL4FeyJ8qWUy4qCV_Li3pW5b4LAAJ2eQADlGBK8E4jb82A1FI2BA' file_unique_id='AgADdnkAA5RgSg' thumbnail=None file_name='py01.pdf' mime_type='application/pdf' file_size=155196, file_id: BQACAgIAAxkBAAIBDmjL4FeyJ8qWUy4qCV_Li3pW5b4LAAJ2eQADlGBK8E4jb82A1FI2BA
DEBUG    2025-09-18 13:45:03,056 [bot] (get_user.py).get_role_user(34) Возврат роли: 484385628, admin
DEBUG    2025-09-18 13:45:03,057 [bot] (menu_keyboard.py).inline_menu_kb(14) Передаю inline_menu_kb. Роль юзера: admin
INFO     2025-09-18 13:45:03,192 [bot] (cancel_state_handler.py).cancel_state_handler(40) Состояние сброшено: CreateRequest:wait_acc_screenshot 
WARNING  2025-09-18 15:19:53,824 [bot] (main.py).start_bot(21) Бот закрыт
WARNING  2025-09-18 15:19:53,969 [bot] (main.py).<module>(43) Помощник завершены
INFO     2025-09-18 15:19:56,734 [bot] (logging_config.py)._setup_handlers(50) Логирование для 'bot' настроено успешно.
INFO     2025-09-18 15:19:57,194 [bot] (start_handlers.py).seed_admin(25) Проверка: seed_admin вызвана
INFO     2025-09-18 15:19:57,361 [bot] (commands.py).set_commands(20) Установил команды
DEBUG    2025-09-18 15:20:03,702 [bot] (get_user.py).get_role_user(34) Возврат роли: 484385628, admin
DEBUG    2025-09-18 15:20:03,702 [bot] (menu_keyboard.py).inline_menu_kb(14) Передаю inline_menu_kb. Роль юзера: admin
WARNING  2025-09-18 15:21:32,529 [bot] (main.py).start_bot(21) Бот закрыт
INFO     2025-09-18 15:21:35,056 [bot] (logging_config.py)._setup_handlers(50) Логирование для 'bot' настроено успешно.
INFO     2025-09-18 15:21:35,478 [bot] (start_handlers.py).seed_admin(25) Проверка: seed_admin вызвана
INFO     2025-09-18 15:21:35,629 [bot] (commands.py).set_commands(20) Установил команды
DEBUG    2025-09-18 15:21:40,751 [bot] (get_user.py).get_role_user(34) Возврат роли: 484385628, admin
DEBUG    2025-09-18 15:21:40,751 [bot] (menu_keyboard.py).inline_menu_kb(14) Передаю inline_menu_kb. Роль юзера: admin
DEBUG    2025-09-18 15:21:55,219 [bot] (user_request_handlers.py).creating_request_acc_screenshot(48) получен документ: file_id='BQACAgIAAxkBAAIBG2jL-WPtH8aVYNEc6ECkuIcPvckWAAL5egADlGBKcivFTVTQ4os2BA' file_unique_id='AgAD-XoAA5RgSg' thumbnail=None file_name='Справка_по_операции_2023_07_11_11_26_19.pdf' mime_type='application/pdf' file_size=24656, file_id: BQACAgIAAxkBAAIBG2jL-WPtH8aVYNEc6ECkuIcPvckWAAL5egADlGBKcivFTVTQ4os2BA
DEBUG    2025-09-18 15:22:15,393 [bot] (user_request_handlers.py).creating_request_pass(70) получен скрин лк: None, file_id: AgACAgIAAxkBAAIBFWjL-PvrtROSBZERXIvEGNeXYa2lAALjAAEyGwABlGBKszRXqcWypjkBAAMCAAN4AAM2BA
WARNING  2025-09-18 15:22:45,774 [bot] (main.py).start_bot(21) Бот закрыт
INFO     2025-09-18 15:22:48,350 [bot] (logging_config.py)._setup_handlers(50) Логирование для 'bot' настроено успешно.
INFO     2025-09-18 15:22:48,791 [bot] (start_handlers.py).seed_admin(25) Проверка: seed_admin вызвана
INFO     2025-09-18 15:22:48,938 [bot] (commands.py).set_commands(20) Установил команды
DEBUG    2025-09-18 15:22:56,341 [bot] (get_user.py).get_role_user(34) Возврат роли: 484385628, admin
DEBUG    2025-09-18 15:22:56,341 [bot] (menu_keyboard.py).inline_menu_kb(14) Передаю inline_menu_kb. Роль юзера: admin
DEBUG    2025-09-18 15:23:08,376 [bot] (user_request_handlers.py).creating_request_acc_screenshot(48) получен документ: None, file_id: AgACAgIAAxkBAAIBFWjL-PvrtROSBZERXIvEGNeXYa2lAALjAAEyGwABlGBKszRXqcWypjkBAAMCAAN4AAM2BA
DEBUG    2025-09-18 15:23:49,020 [bot] (user_request_handlers.py).creating_request_pass(70) получен скрин лк: None, file_id: AgACAgIAAxkBAAIBI2jL-dWtlpyYu_52TYdVyYUrte28AALrAAEyGwABlGBKPD1Td4Yavg4BAAMCAAN5AAM2BA
INFO     2025-09-18 15:24:00,638 [bot] (cancel_state_handler.py).cancel_handler(18) Состояние ожидания: CreateRequest:wait_pass - отменено
DEBUG    2025-09-18 15:24:00,956 [bot] (get_user.py).get_role_user(34) Возврат роли: 484385628, admin
DEBUG    2025-09-18 15:24:00,956 [bot] (menu_keyboard.py).inline_menu_kb(14) Передаю inline_menu_kb. Роль юзера: admin
DEBUG    2025-09-18 15:24:11,030 [bot] (user_request_handlers.py).creating_request_acc_screenshot(48) получен документ: file_id='BQACAgIAAxkBAAIBJ2jL-evpUDd59mDFtkRWQAGKaDM0AAL-egADlGBKa9GYD2LQBo02BA' file_unique_id='AgAD_noAA5RgSg' thumbnail=None file_name='Docker.docx' mime_type='application/vnd.openxmlformats-officedocument.wordprocessingml.document' file_size=768878, file_id: BQACAgIAAxkBAAIBJ2jL-evpUDd59mDFtkRWQAGKaDM0AAL-egADlGBKa9GYD2LQBo02BA
DEBUG    2025-09-18 15:24:24,871 [bot] (user_request_handlers.py).creating_request_pass(70) получен скрин лк: None, file_id: AgACAgIAAxkBAAIBKWjL-fmuCMa6naMozGf-9EsUCNVWAALsAAEyGwABlGBKIbXp16evTZQBAAMCAAN5AAM2BA
DEBUG    2025-09-18 15:33:49,170 [bot] (get_user.py).get_role_user(34) Возврат роли: 484385628, admin
DEBUG    2025-09-18 15:33:49,170 [bot] (menu_keyboard.py).inline_menu_kb(14) Передаю inline_menu_kb. Роль юзера: admin
INFO     2025-09-18 15:33:49,238 [bot] (cancel_state_handler.py).cancel_state_handler(40) Состояние сброшено: CreateRequest:wait_pass 
WARNING  2025-09-18 15:38:20,415 [bot] (main.py).start_bot(21) Бот закрыт
WARNING  2025-09-18 15:38:20,586 [bot] (main.py).<module>(43) Помощник завершены
INFO     2025-09-18 15:38:22,914 [bot] (logging_config.py)._setup_handlers(50) Логирование для 'bot' настроено успешно.
INFO     2025-09-18 15:38:23,329 [bot] (start_handlers.py).seed_admin(25) Проверка: seed_admin вызвана
INFO     2025-09-18 15:38:23,806 [bot] (commands.py).set_commands(20) Установил команды
DEBUG    2025-09-18 15:38:31,795 [bot] (get_user.py).get_role_user(34) Возврат роли: 484385628, admin
DEBUG    2025-09-18 15:38:31,795 [bot] (menu_keyboard.py).inline_menu_kb(14) Передаю inline_menu_kb. Роль юзера: admin
DEBUG    2025-09-18 15:38:56,869 [bot] (user_request_handlers.py).creating_request_acc_screenshot(47) получен документ: file_id='BQACAgIAAxkBAAIBMGjL_WEEbbosbwYrWAzenIydeWKsAAI5ewADlGBKi9Fsg00afMM2BA' file_unique_id='AgADOXsAA5RgSg' thumbnail=None file_name='Справка_по_операции_2023_07_11_11_26_19.pdf' mime_type='application/pdf' file_size=24656, file_id: BQACAgIAAxkBAAIBMGjL_WEEbbosbwYrWAzenIydeWKsAAI5ewADlGBKi9Fsg00afMM2BA
DEBUG    2025-09-18 15:39:03,445 [bot] (user_request_handlers.py).creating_request_pass(72) получен скрин лк: [PhotoSize(file_id='AgACAgIAAxkBAAIBMmjL_WcO4TGl_BeNb-zlvHTlJckGAALjAAEyGwABlGBKszRXqcWypjkBAAMCAANzAAM2BA', file_unique_id='AQAD4wABMhsAAZRgSng', width=90, height=78, file_size=944), PhotoSize(file_id='AgACAgIAAxkBAAIBMmjL_WcO4TGl_BeNb-zlvHTlJckGAALjAAEyGwABlGBKszRXqcWypjkBAAMCAANtAAM2BA', file_unique_id='AQAD4wABMhsAAZRgSnI', width=320, height=279, file_size=13366), PhotoSize(file_id='AgACAgIAAxkBAAIBMmjL_WcO4TGl_BeNb-zlvHTlJckGAALjAAEyGwABlGBKszRXqcWypjkBAAMCAAN4AAM2BA', file_unique_id='AQAD4wABMhsAAZRgSn0', width=596, height=520, file_size=33648)], file_id: AgACAgIAAxkBAAIBMmjL_WcO4TGl_BeNb-zlvHTlJckGAALjAAEyGwABlGBKszRXqcWypjkBAAMCAAN4AAM2BA
DEBUG    2025-09-18 15:39:12,113 [bot] (user_request_handlers.py).creating_request_ndfl(99) получено фото бейджа/пропуска: [PhotoSize(file_id='AgACAgIAAxkBAAIBNGjL_XCY9AiXS7vu74iUyrEAAQovDwACAgEyGwABlGBK2s7QhuSJu-0BAAMCAANzAAM2BA', file_unique_id='AQADAgEyGwABlGBKeA', width=90, height=90, file_size=2199), PhotoSize(file_id='AgACAgIAAxkBAAIBNGjL_XCY9AiXS7vu74iUyrEAAQovDwACAgEyGwABlGBK2s7QhuSJu-0BAAMCAANtAAM2BA', file_unique_id='AQADAgEyGwABlGBKcg', width=320, height=320, file_size=29466), PhotoSize(file_id='AgACAgIAAxkBAAIBNGjL_XCY9AiXS7vu74iUyrEAAQovDwACAgEyGwABlGBK2s7QhuSJu-0BAAMCAAN4AAM2BA', file_unique_id='AQADAgEyGwABlGBKfQ', width=800, height=800, file_size=115826), PhotoSize(file_id='AgACAgIAAxkBAAIBNGjL_XCY9AiXS7vu74iUyrEAAQovDwACAgEyGwABlGBK2s7QhuSJu-0BAAMCAAN5AAM2BA', file_unique_id='AQADAgEyGwABlGBKfg', width=1024, height=1024, file_size=153078)], file_id: AgACAgIAAxkBAAIBNGjL_XCY9AiXS7vu74iUyrEAAQovDwACAgEyGwABlGBK2s7QhuSJu-0BAAMCAAN5AAM2BA
DEBUG    2025-09-18 15:39:21,948 [bot] (user_request_handlers.py).creating_request_extract(130) Получен скрин НДФЛ: file_id: AgACAgIAAxkBAAIBNmjL_Xqt5ovG8IlIDPuqCHH_hWt3AALrAAEyGwABlGBKPD1Td4Yavg4BAAMCAAN5AAM2BA
DEBUG    2025-09-18 15:39:32,370 [bot] (user_request_handlers.py).creating_request_record(160) Получена выписка : file_id='BQACAgIAAxkBAAIBOGjL_YScOa-gvgdnRM-qu1QJL30RAAI9ewADlGBKeVe9cmKffj02BA' file_unique_id='AgADPXsAA5RgSg' thumbnail=None file_name='py01.pdf' mime_type='application/pdf' file_size=155196, file_id: BQACAgIAAxkBAAIBOGjL_YScOa-gvgdnRM-qu1QJL30RAAI9ewADlGBKeVe9cmKffj02BA
WARNING  2025-09-18 15:40:32,102 [bot] (main.py).start_bot(21) Бот закрыт
INFO     2025-09-18 15:40:34,703 [bot] (logging_config.py)._setup_handlers(50) Логирование для 'bot' настроено успешно.
INFO     2025-09-18 15:40:35,155 [bot] (start_handlers.py).seed_admin(25) Проверка: seed_admin вызвана
INFO     2025-09-18 15:40:35,301 [bot] (commands.py).set_commands(20) Установил команды
DEBUG    2025-09-18 15:40:45,342 [bot] (get_user.py).get_role_user(34) Возврат роли: 484385628, admin
DEBUG    2025-09-18 15:40:45,342 [bot] (menu_keyboard.py).inline_menu_kb(14) Передаю inline_menu_kb. Роль юзера: admin
DEBUG    2025-09-18 15:40:59,458 [bot] (user_request_handlers.py).creating_request_acc_screenshot(47) получен документ: file_id='BQACAgIAAxkBAAIBPGjL_du0xwM_uUC68V7B36Gc9vi8AAJJewADlGBKPOTTlhTWGLs2BA' file_unique_id='AgADSXsAA5RgSg' thumbnail=None file_name='Справка_по_операции_2023_07_11_11_26_19.pdf' mime_type='application/pdf' file_size=24656, file_id: BQACAgIAAxkBAAIBPGjL_du0xwM_uUC68V7B36Gc9vi8AAJJewADlGBKPOTTlhTWGLs2BA
DEBUG    2025-09-18 15:41:07,319 [bot] (user_request_handlers.py).creating_request_pass(72) получен скрин лк: [PhotoSize(file_id='AgACAgIAAxkBAAIBNmjL_Xqt5ovG8IlIDPuqCHH_hWt3AALrAAEyGwABlGBKPD1Td4Yavg4BAAMCAANzAAM2BA', file_unique_id='AQAD6wABMhsAAZRgSng', width=80, height=90, file_size=916), PhotoSize(file_id='AgACAgIAAxkBAAIBNmjL_Xqt5ovG8IlIDPuqCHH_hWt3AALrAAEyGwABlGBKPD1Td4Yavg4BAAMCAANtAAM2BA', file_unique_id='AQAD6wABMhsAAZRgSnI', width=285, height=320, file_size=12224), PhotoSize(file_id='AgACAgIAAxkBAAIBNmjL_Xqt5ovG8IlIDPuqCHH_hWt3AALrAAEyGwABlGBKPD1Td4Yavg4BAAMCAAN4AAM2BA', file_unique_id='AQAD6wABMhsAAZRgSn0', width=713, height=800, file_size=55449), PhotoSize(file_id='AgACAgIAAxkBAAIBNmjL_Xqt5ovG8IlIDPuqCHH_hWt3AALrAAEyGwABlGBKPD1Td4Yavg4BAAMCAAN5AAM2BA', file_unique_id='AQAD6wABMhsAAZRgSn4', width=1021, height=1146, file_size=85843)], file_id: AgACAgIAAxkBAAIBNmjL_Xqt5ovG8IlIDPuqCHH_hWt3AALrAAEyGwABlGBKPD1Td4Yavg4BAAMCAAN5AAM2BA
DEBUG    2025-09-18 15:41:14,904 [bot] (user_request_handlers.py).creating_request_ndfl(99) получено фото бейджа/пропуска: [PhotoSize(file_id='AgACAgIAAxkBAAIBQGjL_eva24JUb16g1-UajFaYgsZFAALsAAEyGwABlGBKIbXp16evTZQBAAMCAANzAAM2BA', file_unique_id='AQAD7AABMhsAAZRgSng', width=90, height=90, file_size=2104), PhotoSize(file_id='AgACAgIAAxkBAAIBQGjL_eva24JUb16g1-UajFaYgsZFAALsAAEyGwABlGBKIbXp16evTZQBAAMCAANtAAM2BA', file_unique_id='AQAD7AABMhsAAZRgSnI', width=320, height=320, file_size=23306), PhotoSize(file_id='AgACAgIAAxkBAAIBQGjL_eva24JUb16g1-UajFaYgsZFAALsAAEyGwABlGBKIbXp16evTZQBAAMCAAN4AAM2BA', file_unique_id='AQAD7AABMhsAAZRgSn0', width=800, height=800, file_size=83780), PhotoSize(file_id='AgACAgIAAxkBAAIBQGjL_eva24JUb16g1-UajFaYgsZFAALsAAEyGwABlGBKIbXp16evTZQBAAMCAAN5AAM2BA', file_unique_id='AQAD7AABMhsAAZRgSn4', width=1024, height=1024, file_size=108015)], file_id: AgACAgIAAxkBAAIBQGjL_eva24JUb16g1-UajFaYgsZFAALsAAEyGwABlGBKIbXp16evTZQBAAMCAAN5AAM2BA
DEBUG    2025-09-18 15:41:29,158 [bot] (user_request_handlers.py).creating_request_extract(130) Получен скрин НДФЛ: file_id: BQACAgIAAxkBAAIBQmjL_fm5cjOYmSGXbFzOOeCdLvriAAJKewADlGBKiT1wbVXOhm42BA
DEBUG    2025-09-18 15:41:35,678 [bot] (user_request_handlers.py).creating_request_record(160) Получена выписка : None, file_id: AgACAgIAAxkBAAIBMmjL_WcO4TGl_BeNb-zlvHTlJckGAALjAAEyGwABlGBKszRXqcWypjkBAAMCAAN4AAM2BA
WARNING  2025-09-18 15:52:21,812 [bot] (main.py).start_bot(21) Бот закрыт
WARNING  2025-09-18 15:52:21,962 [bot] (main.py).<module>(43) Помощник завершены
INFO     2025-09-18 15:52:24,264 [bot] (logging_config.py)._setup_handlers(50) Логирование для 'bot' настроено успешно.
INFO     2025-09-18 15:52:24,690 [bot] (start_handlers.py).seed_admin(25) Проверка: seed_admin вызвана
INFO     2025-09-18 15:52:24,914 [bot] (commands.py).set_commands(20) Установил команды
DEBUG    2025-09-18 15:52:30,499 [bot] (get_user.py).get_role_user(34) Возврат роли: 484385628, admin
DEBUG    2025-09-18 15:52:30,500 [bot] (menu_keyboard.py).inline_menu_kb(14) Передаю inline_menu_kb. Роль юзера: admin
WARNING  2025-09-18 15:53:30,871 [bot] (main.py).start_bot(21) Бот закрыт
INFO     2025-09-18 15:53:33,388 [bot] (logging_config.py)._setup_handlers(50) Логирование для 'bot' настроено успешно.
INFO     2025-09-18 15:53:44,104 [bot] (logging_config.py)._setup_handlers(50) Логирование для 'bot' настроено успешно.
INFO     2025-09-18 15:53:44,559 [bot] (start_handlers.py).seed_admin(25) Проверка: seed_admin вызвана
INFO     2025-09-18 15:53:44,830 [bot] (commands.py).set_commands(20) Установил команды
DEBUG    2025-09-18 15:53:47,430 [bot] (get_user.py).get_role_user(34) Возврат роли: 484385628, admin
DEBUG    2025-09-18 15:53:47,430 [bot] (menu_keyboard.py).inline_menu_kb(14) Передаю inline_menu_kb. Роль юзера: admin
DEBUG    2025-09-18 15:55:20,797 [bot] (back_handler.py).back(24) Начало обработки back. Текущее состояние: None
WARNING  2025-09-18 15:57:17,649 [bot] (main.py).start_bot(21) Бот закрыт
INFO     2025-09-18 15:57:20,779 [bot] (logging_config.py)._setup_handlers(50) Логирование для 'bot' настроено успешно.
INFO     2025-09-18 15:57:21,251 [bot] (start_handlers.py).seed_admin(25) Проверка: seed_admin вызвана
INFO     2025-09-18 15:57:21,512 [bot] (commands.py).set_commands(20) Установил команды
DEBUG    2025-09-18 15:57:23,706 [bot] (get_user.py).get_role_user(34) Возврат роли: 484385628, admin
DEBUG    2025-09-18 15:57:23,706 [bot] (menu_keyboard.py).inline_menu_kb(14) Передаю inline_menu_kb. Роль юзера: admin
DEBUG    2025-09-18 15:57:25,913 [bot] (back_handler.py).back(24) Начало обработки back. Текущее состояние: UserState:request
DEBUG    2025-09-18 15:57:25,916 [bot] (get_user.py).get_role_user(34) Возврат роли: 484385628, admin
DEBUG    2025-09-18 15:57:25,916 [bot] (menu_keyboard.py).inline_menu_kb(14) Передаю inline_menu_kb. Роль юзера: admin
WARNING  2025-09-18 15:57:38,657 [bot] (main.py).start_bot(21) Бот закрыт
INFO     2025-09-18 20:04:54,978 [bot] (logging_config.py)._setup_handlers(50) Логирование для 'bot' настроено успешно.
INFO     2025-09-18 20:04:55,438 [bot] (start_handlers.py).seed_admin(25) Проверка: seed_admin вызвана
INFO     2025-09-18 20:04:55,623 [bot] (commands.py).set_commands(20) Установил команды
DEBUG    2025-09-18 20:04:57,341 [bot] (get_user.py).get_role_user(34) Возврат роли: 484385628, admin
DEBUG    2025-09-18 20:04:57,341 [bot] (menu_keyboard.py).inline_menu_kb(14) Передаю inline_menu_kb. Роль юзера: admin
WARNING  2025-09-18 20:07:40,158 [bot] (main.py).start_bot(21) Бот закрыт
WARNING  2025-09-18 20:07:40,325 [bot] (main.py).<module>(43) Помощник завершены
INFO     2025-09-18 20:07:43,313 [bot] (logging_config.py)._setup_handlers(50) Логирование для 'bot' настроено успешно.
INFO     2025-09-18 20:07:43,768 [bot] (start_handlers.py).seed_admin(25) Проверка: seed_admin вызвана
INFO     2025-09-18 20:07:44,140 [bot] (commands.py).set_commands(20) Установил команды
DEBUG    2025-09-18 20:07:48,127 [bot] (get_user.py).get_role_user(34) Возврат роли: 484385628, admin
DEBUG    2025-09-18 20:07:48,127 [bot] (menu_keyboard.py).inline_menu_kb(14) Передаю inline_menu_kb. Роль юзера: admin
DEBUG    2025-09-18 20:08:12,339 [bot] (get_user.py).get_role_user(34) Возврат роли: 484385628, admin
DEBUG    2025-09-18 20:08:12,340 [bot] (menu_keyboard.py).inline_menu_kb(14) Передаю inline_menu_kb. Роль юзера: admin
WARNING  2025-09-18 21:13:25,177 [bot] (main.py).start_bot(21) Бот закрыт
WARNING  2025-09-18 21:13:25,331 [bot] (main.py).<module>(43) Помощник завершены
INFO     2025-09-18 21:13:27,955 [bot] (logging_config.py)._setup_handlers(50) Логирование для 'bot' настроено успешно.
INFO     2025-09-18 21:13:28,517 [bot] (start_handlers.py).seed_admin(25) Проверка: seed_admin вызвана
INFO     2025-09-18 21:13:28,881 [bot] (commands.py).set_commands(20) Установил команды
WARNING  2025-09-18 21:13:51,348 [bot] (main.py).start_bot(21) Бот закрыт
INFO     2025-09-18 21:13:54,062 [bot] (logging_config.py)._setup_handlers(50) Логирование для 'bot' настроено успешно.
INFO     2025-09-18 21:13:54,500 [bot] (start_handlers.py).seed_admin(25) Проверка: seed_admin вызвана
INFO     2025-09-18 21:13:54,677 [bot] (commands.py).set_commands(20) Установил команды
DEBUG    2025-09-18 21:13:57,552 [bot] (get_user.py).get_role_user(34) Возврат роли: 484385628, admin
DEBUG    2025-09-18 21:13:57,552 [bot] (menu_keyboard.py).inline_menu_kb(14) Передаю inline_menu_kb. Роль юзера: admin
DEBUG    2025-09-18 21:14:26,309 [bot] (user_request_handlers.py).creating_request_acc_screenshot(70) получен документ: file_id='BQACAgIAAxkBAAIBZWjMTALElZ6Yx1xD4iNfv11oRBrnAAIZggADlGBKp8Fp_ZKjEwE2BA' file_unique_id='AgADGYIAA5RgSg' thumbnail=None file_name='Справка_по_операции_2023_07_11_11_26_19.pdf' mime_type='application/pdf' file_size=24656, file_id: BQACAgIAAxkBAAIBZWjMTALElZ6Yx1xD4iNfv11oRBrnAAIZggADlGBKp8Fp_ZKjEwE2BA
WARNING  2025-09-18 21:18:31,351 [bot] (main.py).start_bot(21) Бот закрыт
INFO     2025-09-18 21:18:34,424 [bot] (logging_config.py)._setup_handlers(50) Логирование для 'bot' настроено успешно.
INFO     2025-09-18 21:18:34,846 [bot] (start_handlers.py).seed_admin(25) Проверка: seed_admin вызвана
INFO     2025-09-18 21:18:35,091 [bot] (commands.py).set_commands(20) Установил команды
DEBUG    2025-09-18 21:18:37,404 [bot] (get_user.py).get_role_user(34) Возврат роли: 484385628, admin
DEBUG    2025-09-18 21:18:37,404 [bot] (menu_keyboard.py).inline_menu_kb(14) Передаю inline_menu_kb. Роль юзера: admin
DEBUG    2025-09-18 21:18:47,614 [bot] (user_request_handlers.py).creating_request_acc_screenshot(90) получен документ: file_id='BQACAgIAAxkBAAIBa2jMTQdt52M-ppfMp78XTJnjqVBdAAIpggADlGBKycahaxFB9Zw2BA' file_unique_id='AgADKYIAA5RgSg' thumbnail=None file_name='Справка_по_операции_2023_07_11_11_26_19.pdf' mime_type='application/pdf' file_size=24656, file_id: BQACAgIAAxkBAAIBa2jMTQdt52M-ppfMp78XTJnjqVBdAAIpggADlGBKycahaxFB9Zw2BA
WARNING  2025-09-18 21:19:27,013 [bot] (main.py).start_bot(21) Бот закрыт
INFO     2025-09-18 21:19:29,575 [bot] (logging_config.py)._setup_handlers(50) Логирование для 'bot' настроено успешно.
INFO     2025-09-18 21:19:30,003 [bot] (start_handlers.py).seed_admin(25) Проверка: seed_admin вызвана
INFO     2025-09-18 21:19:30,173 [bot] (commands.py).set_commands(20) Установил команды
DEBUG    2025-09-18 21:19:31,987 [bot] (get_user.py).get_role_user(34) Возврат роли: 484385628, admin
DEBUG    2025-09-18 21:19:31,988 [bot] (menu_keyboard.py).inline_menu_kb(14) Передаю inline_menu_kb. Роль юзера: admin
WARNING  2025-09-18 21:20:51,310 [bot] (main.py).start_bot(21) Бот закрыт
INFO     2025-09-18 21:20:53,860 [bot] (logging_config.py)._setup_handlers(50) Логирование для 'bot' настроено успешно.
INFO     2025-09-18 21:20:54,330 [bot] (start_handlers.py).seed_admin(25) Проверка: seed_admin вызвана
INFO     2025-09-18 21:20:54,554 [bot] (commands.py).set_commands(20) Установил команды
WARNING  2025-09-18 21:21:02,518 [bot] (main.py).start_bot(21) Бот закрыт
INFO     2025-09-18 21:21:05,097 [bot] (logging_config.py)._setup_handlers(50) Логирование для 'bot' настроено успешно.
INFO     2025-09-18 21:21:05,554 [bot] (start_handlers.py).seed_admin(25) Проверка: seed_admin вызвана
INFO     2025-09-18 21:21:05,739 [bot] (commands.py).set_commands(20) Установил команды
DEBUG    2025-09-18 21:21:07,419 [bot] (get_user.py).get_role_user(34) Возврат роли: 484385628, admin
DEBUG    2025-09-18 21:21:07,419 [bot] (menu_keyboard.py).inline_menu_kb(14) Передаю inline_menu_kb. Роль юзера: admin
DEBUG    2025-09-18 21:21:17,719 [bot] (back_handler.py).back(24) Начало обработки back. Текущее состояние: CreateRequest:wait_contract
WARNING  2025-09-18 21:23:45,171 [bot] (main.py).start_bot(21) Бот закрыт
WARNING  2025-09-18 21:23:45,359 [bot] (main.py).<module>(43) Помощник завершены
INFO     2025-09-18 21:23:48,396 [bot] (logging_config.py)._setup_handlers(50) Логирование для 'bot' настроено успешно.
INFO     2025-09-18 21:23:48,838 [bot] (start_handlers.py).seed_admin(25) Проверка: seed_admin вызвана
INFO     2025-09-18 21:23:49,048 [bot] (commands.py).set_commands(20) Установил команды
DEBUG    2025-09-18 21:23:55,028 [bot] (get_user.py).get_role_user(34) Возврат роли: 484385628, admin
DEBUG    2025-09-18 21:23:55,029 [bot] (menu_keyboard.py).inline_menu_kb(14) Передаю inline_menu_kb. Роль юзера: admin
DEBUG    2025-09-18 21:24:04,605 [bot] (back_handler.py).back(24) Начало обработки back. Текущее состояние: CreateRequest:wait_contract
DEBUG    2025-09-18 21:24:23,041 [bot] (back_handler.py).back(24) Начало обработки back. Текущее состояние: AnswerState:doc_answer
DEBUG    2025-09-18 21:24:34,104 [bot] (back_handler.py).back(24) Начало обработки back. Текущее состояние: AnswerState:doc_answer
DEBUG    2025-09-18 21:24:39,468 [bot] (back_handler.py).back(24) Начало обработки back. Текущее состояние: AnswerState:doc_answer
DEBUG    2025-09-18 21:24:40,664 [bot] (back_handler.py).back(24) Начало обработки back. Текущее состояние: AnswerState:docs_questions
DEBUG    2025-09-18 21:24:43,836 [bot] (back_handler.py).back(24) Начало обработки back. Текущее состояние: AnswerState:answer
DEBUG    2025-09-18 21:24:46,400 [bot] (back_handler.py).back(24) Начало обработки back. Текущее состояние: AnswerState:docs_questions
DEBUG    2025-09-18 21:24:46,977 [bot] (get_user.py).get_role_user(34) Возврат роли: 484385628, admin
DEBUG    2025-09-18 21:24:46,978 [bot] (menu_keyboard.py).inline_menu_kb(14) Передаю inline_menu_kb. Роль юзера: admin
WARNING  2025-09-18 21:28:27,611 [bot] (main.py).start_bot(21) Бот закрыт
INFO     2025-09-18 21:28:30,300 [bot] (logging_config.py)._setup_handlers(50) Логирование для 'bot' настроено успешно.
INFO     2025-09-18 21:28:30,831 [bot] (start_handlers.py).seed_admin(25) Проверка: seed_admin вызвана
INFO     2025-09-18 21:28:31,071 [bot] (commands.py).set_commands(20) Установил команды
DEBUG    2025-09-18 21:28:35,533 [bot] (get_user.py).get_role_user(34) Возврат роли: 484385628, admin
DEBUG    2025-09-18 21:28:35,533 [bot] (menu_keyboard.py).inline_menu_kb(14) Передаю inline_menu_kb. Роль юзера: admin
DEBUG    2025-09-18 21:28:46,014 [bot] (back_handler.py).back(24) Начало обработки back. Текущее состояние: CreateRequest:wait_contract
DEBUG    2025-09-18 21:28:50,733 [bot] (back_handler.py).back(24) Начало обработки back. Текущее состояние: AnswerState:doc_answer
DEBUG    2025-09-18 21:28:52,095 [bot] (back_handler.py).back(24) Начало обработки back. Текущее состояние: AnswerState:docs_questions
DEBUG    2025-09-18 21:28:54,075 [bot] (back_handler.py).back(24) Начало обработки back. Текущее состояние: AnswerState:answer
DEBUG    2025-09-18 21:28:54,666 [bot] (get_user.py).get_role_user(34) Возврат роли: 484385628, admin
DEBUG    2025-09-18 21:28:54,666 [bot] (menu_keyboard.py).inline_menu_kb(14) Передаю inline_menu_kb. Роль юзера: admin
DEBUG    2025-09-18 21:29:07,923 [bot] (back_handler.py).back(24) Начало обработки back. Текущее состояние: CreateRequest:wait_contract
DEBUG    2025-09-18 21:29:29,923 [bot] (back_handler.py).back(24) Начало обработки back. Текущее состояние: AnswerState:doc_answer
DEBUG    2025-09-18 21:29:35,594 [bot] (get_user.py).get_role_user(34) Возврат роли: 484385628, admin
DEBUG    2025-09-18 21:29:35,594 [bot] (menu_keyboard.py).inline_menu_kb(14) Передаю inline_menu_kb. Роль юзера: admin
DEBUG    2025-09-18 21:29:40,035 [bot] (back_handler.py).back(24) Начало обработки back. Текущее состояние: CreateRequest:wait_contract
WARNING  2025-09-18 21:29:43,937 [bot] (main.py).start_bot(21) Бот закрыт
INFO     2025-09-18 21:29:46,685 [bot] (logging_config.py)._setup_handlers(50) Логирование для 'bot' настроено успешно.
INFO     2025-09-18 21:29:47,148 [bot] (start_handlers.py).seed_admin(25) Проверка: seed_admin вызвана
INFO     2025-09-18 21:29:47,805 [bot] (commands.py).set_commands(20) Установил команды
DEBUG    2025-09-18 21:29:50,335 [bot] (get_user.py).get_role_user(34) Возврат роли: 484385628, admin
DEBUG    2025-09-18 21:29:50,336 [bot] (menu_keyboard.py).inline_menu_kb(14) Передаю inline_menu_kb. Роль юзера: admin
DEBUG    2025-09-18 21:30:02,062 [bot] (back_handler.py).back(24) Начало обработки back. Текущее состояние: CreateRequest:wait_contract
WARNING  2025-09-18 21:31:44,528 [bot] (main.py).start_bot(21) Бот закрыт
INFO     2025-09-18 21:31:47,268 [bot] (logging_config.py)._setup_handlers(50) Логирование для 'bot' настроено успешно.
INFO     2025-09-18 21:31:47,699 [bot] (start_handlers.py).seed_admin(25) Проверка: seed_admin вызвана
INFO     2025-09-18 21:31:47,911 [bot] (commands.py).set_commands(20) Установил команды
DEBUG    2025-09-18 21:31:50,467 [bot] (get_user.py).get_role_user(34) Возврат роли: 484385628, admin
DEBUG    2025-09-18 21:31:50,468 [bot] (menu_keyboard.py).inline_menu_kb(14) Передаю inline_menu_kb. Роль юзера: admin
DEBUG    2025-09-18 21:32:05,357 [bot] (back_handler.py).back(25) Начало обработки back. Текущее состояние: CreateRequest:wait_contract
DEBUG    2025-09-18 21:33:16,467 [bot] (back_handler.py).back(25) Начало обработки back. Текущее состояние: CreateRequest:wait_contract
WARNING  2025-09-18 21:43:17,155 [bot] (main.py).start_bot(21) Бот закрыт
WARNING  2025-09-18 21:43:17,352 [bot] (main.py).<module>(43) Помощник завершены
INFO     2025-09-18 21:43:19,964 [bot] (logging_config.py)._setup_handlers(50) Логирование для 'bot' настроено успешно.
INFO     2025-09-18 22:08:31,980 [bot] (logging_config.py)._setup_handlers(50) Логирование для 'bot' настроено успешно.
INFO     2025-09-18 22:09:42,978 [bot] (logging_config.py)._setup_handlers(50) Логирование для 'bot' настроено успешно.
INFO     2025-09-18 22:09:43,430 [bot] (start_handlers.py).seed_admin(25) Проверка: seed_admin вызвана
INFO     2025-09-18 22:09:43,620 [bot] (commands.py).set_commands(20) Установил команды
DEBUG    2025-09-18 22:09:45,098 [bot] (get_user.py).get_role_user(34) Возврат роли: 484385628, admin
DEBUG    2025-09-18 22:09:45,099 [bot] (menu_keyboard.py).inline_menu_kb(14) Передаю inline_menu_kb. Роль юзера: admin
DEBUG    2025-09-18 22:09:57,692 [bot] (back_handler.py).back(25) Начало обработки back. Текущее состояние: CreateRequest:wait_contract
DEBUG    2025-09-18 22:10:11,867 [bot] (back_handler.py).back(25) Начало обработки back. Текущее состояние: CreateRequest:wait_pass
DEBUG    2025-09-18 22:10:32,701 [bot] (back_handler.py).back(25) Начало обработки back. Текущее состояние: CreateRequest:wait_ndfl
DEBUG    2025-09-18 22:10:46,291 [bot] (back_handler.py).back(25) Начало обработки back. Текущее состояние: CreateRequest:wait_extract
DEBUG    2025-09-18 22:11:02,220 [bot] (back_handler.py).back(25) Начало обработки back. Текущее состояние: CreateRequest:wait_acc_screenshot
DEBUG    2025-09-18 22:11:15,499 [bot] (back_handler.py).back(25) Начало обработки back. Текущее состояние: CreateRequest:wait_pass
DEBUG    2025-09-18 22:11:18,682 [bot] (back_handler.py).back(25) Начало обработки back. Текущее состояние: CreateRequest:wait_pass
DEBUG    2025-09-18 22:11:21,351 [bot] (back_handler.py).back(25) Начало обработки back. Текущее состояние: CreateRequest:wait_acc_screenshot
DEBUG    2025-09-18 22:11:35,950 [bot] (back_handler.py).back(25) Начало обработки back. Текущее состояние: CreateRequest:wait_extract
DEBUG    2025-09-18 22:11:58,792 [bot] (back_handler.py).back(25) Начало обработки back. Текущее состояние: CreateRequest:wait_ndfl
DEBUG    2025-09-18 22:12:42,322 [bot] (back_handler.py).back(25) Начало обработки back. Текущее состояние: CreateRequest:wait_contract
DEBUG    2025-09-18 22:13:41,058 [bot] (back_handler.py).back(25) Начало обработки back. Текущее состояние: CreateRequest:wait_acc_screenshot
DEBUG    2025-09-18 22:13:43,793 [bot] (back_handler.py).back(25) Начало обработки back. Текущее состояние: CreateRequest:wait_acc_screenshot
DEBUG    2025-09-18 22:14:23,916 [bot] (back_handler.py).back(25) Начало обработки back. Текущее состояние: CreateRequest:wait_acc_screenshot
DEBUG    2025-09-18 22:14:45,823 [bot] (back_handler.py).back(25) Начало обработки back. Текущее состояние: CreateRequest:wait_contract
DEBUG    2025-09-18 22:15:40,859 [bot] (back_handler.py).back(25) Начало обработки back. Текущее состояние: CreateRequest:wait_acc_screenshot
WARNING  2025-09-18 22:16:42,128 [bot] (main.py).start_bot(21) Бот закрыт
INFO     2025-09-18 22:16:44,621 [bot] (logging_config.py)._setup_handlers(50) Логирование для 'bot' настроено успешно.
INFO     2025-09-18 22:16:45,053 [bot] (start_handlers.py).seed_admin(25) Проверка: seed_admin вызвана
INFO     2025-09-18 22:16:45,272 [bot] (commands.py).set_commands(20) Установил команды
DEBUG    2025-09-18 22:16:53,711 [bot] (get_user.py).get_role_user(34) Возврат роли: 484385628, admin
DEBUG    2025-09-18 22:16:53,711 [bot] (menu_keyboard.py).inline_menu_kb(14) Передаю inline_menu_kb. Роль юзера: admin
DEBUG    2025-09-18 22:17:04,084 [bot] (back_handler.py).back(25) Начало обработки back. Текущее состояние: CreateRequest:wait_acc_screenshot
WARNING  2025-09-18 22:24:03,982 [bot] (main.py).start_bot(21) Бот закрыт
WARNING  2025-09-18 22:24:04,323 [bot] (main.py).<module>(43) Помощник завершены
INFO     2025-09-18 22:24:06,689 [bot] (logging_config.py)._setup_handlers(50) Логирование для 'bot' настроено успешно.
INFO     2025-09-18 22:24:07,159 [bot] (start_handlers.py).seed_admin(25) Проверка: seed_admin вызвана
INFO     2025-09-18 22:24:07,883 [bot] (commands.py).set_commands(20) Установил команды
DEBUG    2025-09-18 22:24:14,433 [bot] (get_user.py).get_role_user(34) Возврат роли: 484385628, admin
DEBUG    2025-09-18 22:24:14,433 [bot] (menu_keyboard.py).inline_menu_kb(14) Передаю inline_menu_kb. Роль юзера: admin
DEBUG    2025-09-18 22:24:30,388 [bot] (back_handler.py).back(25) Начало обработки back. Текущее состояние: CreateRequest:wait_contract
DEBUG    2025-09-18 22:24:32,366 [bot] (acc_screenshot.py).creating_request_acc_screenshot(19) Current state data: {'contract': 'BQACAgIAAxkBAAIBxmjMXGutGc2LYShtuV1Hp9AVLYxSAAJNgwADlGBKNChAOdj2Mdo2BA'}
DEBUG    2025-09-18 22:24:32,366 [bot] (acc_screenshot.py).creating_request_acc_screenshot(20) acc_screenshot in data: None
DEBUG    2025-09-18 22:24:48,719 [bot] (back_handler.py).back(25) Начало обработки back. Текущее состояние: CreateRequest:wait_acc_screenshot
DEBUG    2025-09-18 22:24:50,787 [bot] (acc_screenshot.py).creating_request_acc_screenshot(19) Current state data: {'contract': 'AgACAgIAAxkBAAIByWjMXH6X7v_zFoLyTwiRYTOBkuYIAAKiAzIbAAGUYEppmd7DOmaI_QEAAwIAA3gAAzYE'}
DEBUG    2025-09-18 22:24:50,788 [bot] (acc_screenshot.py).creating_request_acc_screenshot(20) acc_screenshot in data: None
DEBUG    2025-09-18 22:25:42,586 [bot] (back_handler.py).back(25) Начало обработки back. Текущее состояние: CreateRequest:wait_acc_screenshot
DEBUG    2025-09-18 22:25:45,765 [bot] (back_handler.py).back(25) Начало обработки back. Текущее состояние: CreateRequest:wait_contract
DEBUG    2025-09-18 22:25:47,792 [bot] (acc_screenshot.py).creating_request_acc_screenshot(19) Current state data: {'contract': 'AgACAgIAAxkBAAIByWjMXH6X7v_zFoLyTwiRYTOBkuYIAAKiAzIbAAGUYEppmd7DOmaI_QEAAwIAA3gAAzYE'}
DEBUG    2025-09-18 22:25:47,793 [bot] (acc_screenshot.py).creating_request_acc_screenshot(20) acc_screenshot in data: None
DEBUG    2025-09-18 22:26:03,569 [bot] (back_handler.py).back(25) Начало обработки back. Текущее состояние: CreateRequest:wait_acc_screenshot
DEBUG    2025-09-18 22:26:04,851 [bot] (acc_screenshot.py).creating_request_acc_screenshot(19) Current state data: {'contract': 'AgACAgIAAxkBAAIByWjMXH6X7v_zFoLyTwiRYTOBkuYIAAKiAzIbAAGUYEppmd7DOmaI_QEAAwIAA3gAAzYE'}
DEBUG    2025-09-18 22:26:04,851 [bot] (acc_screenshot.py).creating_request_acc_screenshot(20) acc_screenshot in data: None
DEBUG    2025-09-18 22:26:12,155 [bot] (back_handler.py).back(25) Начало обработки back. Текущее состояние: CreateRequest:wait_acc_screenshot
DEBUG    2025-09-18 22:26:14,114 [bot] (back_handler.py).back(25) Начало обработки back. Текущее состояние: CreateRequest:wait_contract
WARNING  2025-09-18 22:27:07,063 [bot] (main.py).start_bot(21) Бот закрыт
INFO     2025-09-18 22:27:10,103 [bot] (logging_config.py)._setup_handlers(50) Логирование для 'bot' настроено успешно.
INFO     2025-09-18 22:27:10,535 [bot] (start_handlers.py).seed_admin(25) Проверка: seed_admin вызвана
INFO     2025-09-18 22:27:10,799 [bot] (commands.py).set_commands(20) Установил команды
DEBUG    2025-09-18 22:27:12,208 [bot] (get_user.py).get_role_user(34) Возврат роли: 484385628, admin
DEBUG    2025-09-18 22:27:12,208 [bot] (menu_keyboard.py).inline_menu_kb(14) Передаю inline_menu_kb. Роль юзера: admin
DEBUG    2025-09-18 22:27:14,634 [bot] (contract.py).creating_contract(19) Current state data: {}
DEBUG    2025-09-18 22:27:14,635 [bot] (contract.py).creating_contract(20) contract in data: None
DEBUG    2025-09-18 22:27:20,217 [bot] (back_handler.py).back(25) Начало обработки back. Текущее состояние: CreateRequest:wait_contract
DEBUG    2025-09-18 22:27:24,304 [bot] (contract.py).creating_contract(19) Current state data: {'contract': 'BQACAgIAAxkBAAIB1mjMXRdtzXMv-RHRhjXWOTVLk-u7AAJcgwADlGBK0SNna3lio302BA'}
DEBUG    2025-09-18 22:27:24,305 [bot] (contract.py).creating_contract(20) contract in data: None
DEBUG    2025-09-18 22:27:28,323 [bot] (back_handler.py).back(25) Начало обработки back. Текущее состояние: CreateRequest:wait_contract
DEBUG    2025-09-18 22:27:30,295 [bot] (acc_screenshot.py).creating_request_acc_screenshot(19) Current state data: {'contract': 'BQACAgIAAxkBAAIB1mjMXRdtzXMv-RHRhjXWOTVLk-u7AAJcgwADlGBK0SNna3lio302BA'}
DEBUG    2025-09-18 22:27:30,295 [bot] (acc_screenshot.py).creating_request_acc_screenshot(20) acc_screenshot in data: None
DEBUG    2025-09-18 22:27:46,321 [bot] (back_handler.py).back(25) Начало обработки back. Текущее состояние: CreateRequest:wait_acc_screenshot
DEBUG    2025-09-18 22:27:48,764 [bot] (acc_screenshot.py).creating_request_acc_screenshot(19) Current state data: {'contract': 'AgACAgIAAxkBAAIByWjMXH6X7v_zFoLyTwiRYTOBkuYIAAKiAzIbAAGUYEppmd7DOmaI_QEAAwIAA3gAAzYE'}
DEBUG    2025-09-18 22:27:48,765 [bot] (acc_screenshot.py).creating_request_acc_screenshot(20) acc_screenshot in data: None
DEBUG    2025-09-18 22:37:30,599 [bot] (get_user.py).get_role_user(34) Возврат роли: 484385628, admin
DEBUG    2025-09-18 22:37:30,599 [bot] (menu_keyboard.py).inline_menu_kb(14) Передаю inline_menu_kb. Роль юзера: admin
INFO     2025-09-18 22:37:30,721 [bot] (cancel_state_handler.py).cancel_state_handler(40) Состояние сброшено: CreateRequest:wait_acc_screenshot 
WARNING  2025-09-18 22:57:38,732 [bot] (main.py).start_bot(21) Бот закрыт
WARNING  2025-09-18 22:57:38,890 [bot] (main.py).<module>(43) Помощник завершены
INFO     2025-09-18 22:57:41,460 [bot] (logging_config.py)._setup_handlers(50) Логирование для 'bot' настроено успешно.
INFO     2025-09-18 22:57:41,918 [bot] (start_handlers.py).seed_admin(25) Проверка: seed_admin вызвана
INFO     2025-09-18 22:57:42,090 [bot] (commands.py).set_commands(20) Установил команды
DEBUG    2025-09-18 22:57:50,595 [bot] (get_user.py).get_role_user(34) Возврат роли: 484385628, admin
DEBUG    2025-09-18 22:57:50,596 [bot] (menu_keyboard.py).inline_menu_kb(14) Передаю inline_menu_kb. Роль юзера: admin
DEBUG    2025-09-18 22:57:54,626 [bot] (contract.py).creating_contract(19) Current state data: {}
DEBUG    2025-09-18 22:57:54,627 [bot] (contract.py).creating_contract(20) contract in data: None
DEBUG    2025-09-18 22:58:02,673 [bot] (back_handler.py).back(25) Начало обработки back. Текущее состояние: CreateRequest:wait_contract
DEBUG    2025-09-18 22:58:04,351 [bot] (acc_screenshot.py).creating_request_acc_screenshot(19) Current state data: {'contract': 'BQACAgIAAxkBAAIB4mjMZEjUXENgvgNsupYJo61TJapiAAKxgwADlGBK2GygATTM_z42BA'}
DEBUG    2025-09-18 22:58:04,351 [bot] (acc_screenshot.py).creating_request_acc_screenshot(20) acc_screenshot in data: None
DEBUG    2025-09-18 22:58:10,913 [bot] (back_handler.py).back(25) Начало обработки back. Текущее состояние: CreateRequest:wait_acc_screenshot
DEBUG    2025-09-18 22:58:12,259 [bot] (acc_screenshot.py).creating_request_acc_screenshot(19) Current state data: {'contract': 'AgACAgIAAxkBAAIB5WjMZFE7I_N90cy6dKLkqtvUD_aEAAKiAzIbAAGUYEppmd7DOmaI_QEAAwIAA3gAAzYE'}
DEBUG    2025-09-18 22:58:12,259 [bot] (acc_screenshot.py).creating_request_acc_screenshot(20) acc_screenshot in data: None
DEBUG    2025-09-18 22:58:16,313 [bot] (back_handler.py).back(25) Начало обработки back. Текущее состояние: CreateRequest:wait_acc_screenshot
DEBUG    2025-09-18 22:58:20,199 [bot] (contract.py).creating_contract(19) Current state data: {'contract': 'AgACAgIAAxkBAAIB5WjMZFE7I_N90cy6dKLkqtvUD_aEAAKiAzIbAAGUYEppmd7DOmaI_QEAAwIAA3gAAzYE'}
DEBUG    2025-09-18 22:58:20,199 [bot] (contract.py).creating_contract(20) contract in data: None
DEBUG    2025-09-18 22:58:22,989 [bot] (back_handler.py).back(25) Начало обработки back. Текущее состояние: CreateRequest:wait_contract
WARNING  2025-09-18 22:59:44,419 [bot] (main.py).start_bot(21) Бот закрыт
INFO     2025-09-18 22:59:46,992 [bot] (logging_config.py)._setup_handlers(50) Логирование для 'bot' настроено успешно.
INFO     2025-09-18 22:59:47,423 [bot] (start_handlers.py).seed_admin(25) Проверка: seed_admin вызвана
INFO     2025-09-18 22:59:47,605 [bot] (commands.py).set_commands(20) Установил команды
WARNING  2025-09-18 23:00:34,462 [bot] (main.py).start_bot(21) Бот закрыт
INFO     2025-09-18 23:00:37,032 [bot] (logging_config.py)._setup_handlers(50) Логирование для 'bot' настроено успешно.
INFO     2025-09-18 23:00:48,948 [bot] (logging_config.py)._setup_handlers(50) Логирование для 'bot' настроено успешно.
INFO     2025-09-18 23:00:49,386 [bot] (start_handlers.py).seed_admin(25) Проверка: seed_admin вызвана
INFO     2025-09-18 23:00:49,700 [bot] (commands.py).set_commands(20) Установил команды
DEBUG    2025-09-18 23:00:51,530 [bot] (get_user.py).get_role_user(34) Возврат роли: 484385628, admin
DEBUG    2025-09-18 23:00:51,530 [bot] (menu_keyboard.py).inline_menu_kb(14) Передаю inline_menu_kb. Роль юзера: admin
DEBUG    2025-09-18 23:00:54,029 [bot] (contract.py).creating_contract(20) Current state data: {}
DEBUG    2025-09-18 23:00:54,030 [bot] (contract.py).creating_contract(21) contract in data: None
DEBUG    2025-09-18 23:01:00,423 [bot] (acc_screenshot.py).creating_request_acc_screenshot(19) Current state data: {'contract': 'BQACAgIAAxkBAAIB7mjMZPrjxzPWwL2GM9fHlC3pTzMOAAK6gwADlGBKYx07MQQIdZE2BA'}
DEBUG    2025-09-18 23:01:00,424 [bot] (acc_screenshot.py).creating_request_acc_screenshot(20) acc_screenshot in data: None
DEBUG    2025-09-18 23:01:11,760 [bot] (contract.py).creating_contract(20) Current state data: {'contract': 'AgACAgIAAxkBAAIB5WjMZFE7I_N90cy6dKLkqtvUD_aEAAKiAzIbAAGUYEppmd7DOmaI_QEAAwIAA3gAAzYE'}
DEBUG    2025-09-18 23:01:11,761 [bot] (contract.py).creating_contract(21) contract in data: None
DEBUG    2025-09-18 23:01:14,559 [bot] (back_handler.py).back(25) Начало обработки back. Текущее состояние: CreateRequest:wait_contract
DEBUG    2025-09-18 23:01:16,856 [bot] (acc_screenshot.py).creating_request_acc_screenshot(19) Current state data: {'contract': 'AgACAgIAAxkBAAIB5WjMZFE7I_N90cy6dKLkqtvUD_aEAAKiAzIbAAGUYEppmd7DOmaI_QEAAwIAA3gAAzYE'}
DEBUG    2025-09-18 23:01:16,856 [bot] (acc_screenshot.py).creating_request_acc_screenshot(20) acc_screenshot in data: None
DEBUG    2025-09-18 23:01:18,498 [bot] (back_handler.py).back(25) Начало обработки back. Текущее состояние: CreateRequest:wait_acc_screenshot
DEBUG    2025-09-18 23:01:20,479 [bot] (acc_screenshot.py).creating_request_acc_screenshot(19) Current state data: {'contract': 'AgACAgIAAxkBAAIB5WjMZFE7I_N90cy6dKLkqtvUD_aEAAKiAzIbAAGUYEppmd7DOmaI_QEAAwIAA3gAAzYE'}
DEBUG    2025-09-18 23:01:20,479 [bot] (acc_screenshot.py).creating_request_acc_screenshot(20) acc_screenshot in data: None
DEBUG    2025-09-18 23:01:29,312 [bot] (acc_screenshot.py).creating_request_acc_screenshot(19) Current state data: {'contract': 'AgACAgIAAxkBAAIB5WjMZFE7I_N90cy6dKLkqtvUD_aEAAKiAzIbAAGUYEppmd7DOmaI_QEAAwIAA3gAAzYE'}
DEBUG    2025-09-18 23:01:29,312 [bot] (acc_screenshot.py).creating_request_acc_screenshot(20) acc_screenshot in data: None
DEBUG    2025-09-18 23:01:31,298 [bot] (back_handler.py).back(25) Начало обработки back. Текущее состояние: CreateRequest:wait_acc_screenshot
WARNING  2025-09-18 23:02:44,981 [bot] (main.py).start_bot(21) Бот закрыт
INFO     2025-09-18 23:02:47,598 [bot] (logging_config.py)._setup_handlers(50) Логирование для 'bot' настроено успешно.
INFO     2025-09-18 23:02:48,041 [bot] (start_handlers.py).seed_admin(25) Проверка: seed_admin вызвана
INFO     2025-09-18 23:02:48,200 [bot] (commands.py).set_commands(20) Установил команды
DEBUG    2025-09-18 23:02:50,543 [bot] (get_user.py).get_role_user(34) Возврат роли: 484385628, admin
DEBUG    2025-09-18 23:02:50,543 [bot] (menu_keyboard.py).inline_menu_kb(14) Передаю inline_menu_kb. Роль юзера: admin
DEBUG    2025-09-18 23:02:53,009 [bot] (acc_screenshot.py).creating_request_acc_screenshot(19) Current state data: {}
DEBUG    2025-09-18 23:02:53,010 [bot] (acc_screenshot.py).creating_request_acc_screenshot(20) acc_screenshot in data: None
DEBUG    2025-09-18 23:03:01,932 [bot] (back_handler.py).back(25) Начало обработки back. Текущее состояние: CreateRequest:wait_acc_screenshot
DEBUG    2025-09-18 23:03:03,587 [bot] (acc_screenshot.py).creating_request_acc_screenshot(19) Current state data: {'contract': 'AgACAgIAAxkBAAIB5WjMZFE7I_N90cy6dKLkqtvUD_aEAAKiAzIbAAGUYEppmd7DOmaI_QEAAwIAA3gAAzYE'}
DEBUG    2025-09-18 23:03:03,587 [bot] (acc_screenshot.py).creating_request_acc_screenshot(20) acc_screenshot in data: None
WARNING  2025-09-18 23:03:36,445 [bot] (main.py).start_bot(21) Бот закрыт
INFO     2025-09-18 23:03:38,923 [bot] (logging_config.py)._setup_handlers(50) Логирование для 'bot' настроено успешно.
INFO     2025-09-18 23:03:39,347 [bot] (start_handlers.py).seed_admin(25) Проверка: seed_admin вызвана
INFO     2025-09-18 23:03:39,508 [bot] (commands.py).set_commands(20) Установил команды
DEBUG    2025-09-18 23:03:41,592 [bot] (get_user.py).get_role_user(34) Возврат роли: 484385628, admin
DEBUG    2025-09-18 23:03:41,593 [bot] (menu_keyboard.py).inline_menu_kb(14) Передаю inline_menu_kb. Роль юзера: admin
DEBUG    2025-09-18 23:03:43,961 [bot] (acc_screenshot.py).creating_request_acc_screenshot(19) Current state data: {}
DEBUG    2025-09-18 23:03:43,962 [bot] (acc_screenshot.py).creating_request_acc_screenshot(20) acc_screenshot in data: None
WARNING  2025-09-18 23:04:20,719 [bot] (main.py).start_bot(21) Бот закрыт
INFO     2025-09-18 23:04:23,205 [bot] (logging_config.py)._setup_handlers(50) Логирование для 'bot' настроено успешно.
INFO     2025-09-18 23:04:23,630 [bot] (start_handlers.py).seed_admin(25) Проверка: seed_admin вызвана
INFO     2025-09-18 23:04:23,829 [bot] (commands.py).set_commands(20) Установил команды
DEBUG    2025-09-18 23:04:25,613 [bot] (get_user.py).get_role_user(34) Возврат роли: 484385628, admin
DEBUG    2025-09-18 23:04:25,613 [bot] (menu_keyboard.py).inline_menu_kb(14) Передаю inline_menu_kb. Роль юзера: admin
DEBUG    2025-09-18 23:04:28,531 [bot] (acc_screenshot.py).creating_request_acc_screenshot(19) Current state data: {}
DEBUG    2025-09-18 23:04:28,532 [bot] (acc_screenshot.py).creating_request_acc_screenshot(20) acc_screenshot in data: None
DEBUG    2025-09-18 23:04:37,903 [bot] (back_handler.py).back(25) Начало обработки back. Текущее состояние: CreateRequest:wait_acc_screenshot
DEBUG    2025-09-18 23:05:16,676 [bot] (acc_screenshot.py).creating_request_acc_screenshot(19) Current state data: {'contract': 'AgACAgIAAxkBAAIB5WjMZFE7I_N90cy6dKLkqtvUD_aEAAKiAzIbAAGUYEppmd7DOmaI_QEAAwIAA3gAAzYE'}
DEBUG    2025-09-18 23:05:16,676 [bot] (acc_screenshot.py).creating_request_acc_screenshot(20) acc_screenshot in data: None
WARNING  2025-09-18 23:05:24,199 [bot] (main.py).start_bot(21) Бот закрыт
INFO     2025-09-18 23:05:26,784 [bot] (logging_config.py)._setup_handlers(50) Логирование для 'bot' настроено успешно.
INFO     2025-09-18 23:05:27,340 [bot] (start_handlers.py).seed_admin(25) Проверка: seed_admin вызвана
INFO     2025-09-18 23:05:27,506 [bot] (commands.py).set_commands(20) Установил команды
DEBUG    2025-09-18 23:05:29,111 [bot] (get_user.py).get_role_user(34) Возврат роли: 484385628, admin
DEBUG    2025-09-18 23:05:29,111 [bot] (menu_keyboard.py).inline_menu_kb(14) Передаю inline_menu_kb. Роль юзера: admin
DEBUG    2025-09-18 23:05:32,528 [bot] (back_handler.py).back(25) Начало обработки back. Текущее состояние: CreateRequest:wait_ndfl
DEBUG    2025-09-18 23:05:33,539 [bot] (acc_screenshot.py).creating_request_acc_screenshot(19) Current state data: {}
DEBUG    2025-09-18 23:05:33,540 [bot] (acc_screenshot.py).creating_request_acc_screenshot(20) acc_screenshot in data: None
WARNING  2025-09-18 23:06:05,254 [bot] (main.py).start_bot(21) Бот закрыт
INFO     2025-09-18 23:06:07,836 [bot] (logging_config.py)._setup_handlers(50) Логирование для 'bot' настроено успешно.
INFO     2025-09-18 23:06:08,289 [bot] (start_handlers.py).seed_admin(25) Проверка: seed_admin вызвана
INFO     2025-09-18 23:06:08,496 [bot] (commands.py).set_commands(20) Установил команды
DEBUG    2025-09-18 23:06:11,006 [bot] (get_user.py).get_role_user(34) Возврат роли: 484385628, admin
DEBUG    2025-09-18 23:06:11,006 [bot] (menu_keyboard.py).inline_menu_kb(14) Передаю inline_menu_kb. Роль юзера: admin
DEBUG    2025-09-18 23:06:15,403 [bot] (acc_screenshot.py).creating_request_acc_screenshot(19) Current state data: {}
DEBUG    2025-09-18 23:06:15,403 [bot] (acc_screenshot.py).creating_request_acc_screenshot(20) acc_screenshot in data: None
WARNING  2025-09-18 23:06:45,313 [bot] (main.py).start_bot(21) Бот закрыт
INFO     2025-09-18 23:06:47,675 [bot] (logging_config.py)._setup_handlers(50) Логирование для 'bot' настроено успешно.
INFO     2025-09-18 23:06:48,117 [bot] (start_handlers.py).seed_admin(25) Проверка: seed_admin вызвана
INFO     2025-09-18 23:06:48,416 [bot] (commands.py).set_commands(20) Установил команды
DEBUG    2025-09-18 23:06:49,820 [bot] (get_user.py).get_role_user(34) Возврат роли: 484385628, admin
DEBUG    2025-09-18 23:06:49,820 [bot] (menu_keyboard.py).inline_menu_kb(14) Передаю inline_menu_kb. Роль юзера: admin
DEBUG    2025-09-18 23:06:52,146 [bot] (acc_screenshot.py).creating_request_acc_screenshot(19) Current state data: {}
DEBUG    2025-09-18 23:06:52,146 [bot] (acc_screenshot.py).creating_request_acc_screenshot(20) acc_screenshot in data: None
WARNING  2025-09-18 23:08:40,183 [bot] (main.py).start_bot(21) Бот закрыт
WARNING  2025-09-18 23:08:40,344 [bot] (main.py).<module>(43) Помощник завершены
INFO     2025-09-18 23:08:42,670 [bot] (logging_config.py)._setup_handlers(50) Логирование для 'bot' настроено успешно.
INFO     2025-09-18 23:08:43,087 [bot] (start_handlers.py).seed_admin(25) Проверка: seed_admin вызвана
INFO     2025-09-18 23:08:43,287 [bot] (commands.py).set_commands(20) Установил команды
DEBUG    2025-09-18 23:08:45,646 [bot] (get_user.py).get_role_user(34) Возврат роли: 484385628, admin
DEBUG    2025-09-18 23:08:45,647 [bot] (menu_keyboard.py).inline_menu_kb(14) Передаю inline_menu_kb. Роль юзера: admin
DEBUG    2025-09-18 23:08:48,220 [bot] (acc_screenshot.py).creating_request_acc_screenshot(19) Current state data: {}
DEBUG    2025-09-18 23:08:48,220 [bot] (acc_screenshot.py).creating_request_acc_screenshot(20) acc_screenshot in data: None
WARNING  2025-09-18 23:21:26,479 [bot] (main.py).start_bot(21) Бот закрыт
WARNING  2025-09-18 23:21:26,630 [bot] (main.py).<module>(43) Помощник завершены
INFO     2025-09-18 23:25:43,398 [bot] (logging_config.py)._setup_handlers(50) Логирование для 'bot' настроено успешно.
INFO     2025-09-18 23:25:43,979 [bot] (start_handlers.py).seed_admin(25) Проверка: seed_admin вызвана
INFO     2025-09-18 23:25:44,175 [bot] (commands.py).set_commands(20) Установил команды
DEBUG    2025-09-18 23:25:50,480 [bot] (get_user.py).get_role_user(34) Возврат роли: 484385628, admin
DEBUG    2025-09-18 23:25:50,480 [bot] (menu_keyboard.py).inline_menu_kb(14) Передаю inline_menu_kb. Роль юзера: admin
DEBUG    2025-09-18 23:25:53,219 [bot] (contract.py).creating_contract(21) Current state data: {}
DEBUG    2025-09-18 23:25:53,220 [bot] (contract.py).creating_contract(22) contract in data: None
DEBUG    2025-09-18 23:26:07,402 [bot] (back_handler.py).back(25) Начало обработки back. Текущее состояние: CreateRequest:wait_contract
DEBUG    2025-09-18 23:26:08,670 [bot] (acc_screenshot.py).creating_request_acc_screenshot(19) Current state data: {'contract': 'BQACAgIAAxkBAAICKmjMatx22M22KIsdLu_EYJBAomtIAAIbhAADlGBKMxMbPUpdTik2BA'}
DEBUG    2025-09-18 23:26:08,670 [bot] (acc_screenshot.py).creating_request_acc_screenshot(20) acc_screenshot in data: None
WARNING  2025-09-18 23:37:10,598 [bot] (main.py).start_bot(21) Бот закрыт
WARNING  2025-09-18 23:37:10,744 [bot] (main.py).<module>(43) Помощник завершены
INFO     2025-09-18 23:37:13,257 [bot] (logging_config.py)._setup_handlers(50) Логирование для 'bot' настроено успешно.
INFO     2025-09-18 23:37:13,790 [bot] (start_handlers.py).seed_admin(25) Проверка: seed_admin вызвана
INFO     2025-09-18 23:37:13,968 [bot] (commands.py).set_commands(20) Установил команды
DEBUG    2025-09-18 23:38:02,001 [bot] (get_user.py).get_role_user(34) Возврат роли: 484385628, admin
DEBUG    2025-09-18 23:38:02,001 [bot] (menu_keyboard.py).inline_menu_kb(14) Передаю inline_menu_kb. Роль юзера: admin
DEBUG    2025-09-18 23:38:06,865 [bot] (contract.py).creating_contract(21) Current state data: {}
DEBUG    2025-09-18 23:38:06,865 [bot] (contract.py).creating_contract(22) contract in data: None
DEBUG    2025-09-18 23:38:16,228 [bot] (back_handler.py).back(25) Начало обработки back. Текущее состояние: CreateRequest:wait_contract
DEBUG    2025-09-18 23:38:17,485 [bot] (acc_screenshot.py).creating_request_acc_screenshot(19) Current state data: {'contract': 'BQACAgIAAxkBAAICM2jMbbXgNORXNMPU-g2ErlApj0XbAAIuhAADlGBKLZ0KAAGfZAwqNgQ'}
DEBUG    2025-09-18 23:38:17,485 [bot] (acc_screenshot.py).creating_request_acc_screenshot(20) acc_screenshot in data: None
WARNING  2025-09-18 23:40:42,623 [bot] (main.py).start_bot(21) Бот закрыт
INFO     2025-09-18 23:40:45,241 [bot] (logging_config.py)._setup_handlers(50) Логирование для 'bot' настроено успешно.
INFO     2025-09-18 23:40:45,771 [bot] (start_handlers.py).seed_admin(25) Проверка: seed_admin вызвана
INFO     2025-09-18 23:40:45,930 [bot] (commands.py).set_commands(20) Установил команды
DEBUG    2025-09-18 23:40:51,110 [bot] (get_user.py).get_role_user(34) Возврат роли: 484385628, admin
DEBUG    2025-09-18 23:40:51,110 [bot] (menu_keyboard.py).inline_menu_kb(14) Передаю inline_menu_kb. Роль юзера: admin
DEBUG    2025-09-18 23:40:53,416 [bot] (contract.py).creating_contract(21) Current state data: {}
DEBUG    2025-09-18 23:40:53,416 [bot] (contract.py).creating_contract(22) contract in data: None
DEBUG    2025-09-18 23:40:59,731 [bot] (back_handler.py).back(25) Начало обработки back. Текущее состояние: CreateRequest:wait_contract
DEBUG    2025-09-18 23:41:00,805 [bot] (acc_screenshot.py).creating_request_acc_screenshot(19) Current state data: {'contract': 'BQACAgIAAxkBAAICPGjMblnQIDXPKcvfhsIX6x_WpjXDAAI1hAADlGBKdzL2CJz_lPs2BA'}
DEBUG    2025-09-18 23:41:00,805 [bot] (acc_screenshot.py).creating_request_acc_screenshot(20) acc_screenshot in data: None
DEBUG    2025-09-18 23:41:05,482 [bot] (acc_screenshot.py).creating_request_acc_screenshot_save(40) сохраняю скрин лк
DEBUG    2025-09-18 23:41:05,547 [bot] (acc_screenshot.py).creating_request_acc_screenshot_save(55) получен скрин: None, file_id: AgACAgIAAxkBAAICNmjMbb5xYdSm7v6rk0O349OqNx8hAAKiAzIbAAGUYEppmd7DOmaI_QEAAwIAA3gAAzYE
DEBUG    2025-09-18 23:43:19,375 [bot] (back_handler.py).back(25) Начало обработки back. Текущее состояние: CreateRequest:wait_acc_screenshot
DEBUG    2025-09-18 23:43:20,261 [bot] (acc_screenshot.py).creating_request_acc_screenshot(19) Current state data: {'contract': 'BQACAgIAAxkBAAICPGjMblnQIDXPKcvfhsIX6x_WpjXDAAI1hAADlGBKdzL2CJz_lPs2BA', 'acc_screenshot': 'AgACAgIAAxkBAAICNmjMbb5xYdSm7v6rk0O349OqNx8hAAKiAzIbAAGUYEppmd7DOmaI_QEAAwIAA3gAAzYE'}
DEBUG    2025-09-18 23:43:20,262 [bot] (acc_screenshot.py).creating_request_acc_screenshot(20) acc_screenshot in data: AgACAgIAAxkBAAICNmjMbb5xYdSm7v6rk0O349OqNx8hAAKiAzIbAAGUYEppmd7DOmaI_QEAAwIAA3gAAzYE
DEBUG    2025-09-18 23:43:21,513 [bot] (back_handler.py).back(25) Начало обработки back. Текущее состояние: CreateRequest:wait_acc_screenshot
WARNING  2025-09-18 23:43:23,277 [bot] (main.py).start_bot(21) Бот закрыт
INFO     2025-09-18 23:43:25,872 [bot] (logging_config.py)._setup_handlers(50) Логирование для 'bot' настроено успешно.
INFO     2025-09-18 23:43:26,298 [bot] (start_handlers.py).seed_admin(25) Проверка: seed_admin вызвана
INFO     2025-09-18 23:43:26,610 [bot] (commands.py).set_commands(20) Установил команды
DEBUG    2025-09-18 23:49:40,645 [bot] (back_handler.py).back(25) Начало обработки back. Текущее состояние: None
DEBUG    2025-09-18 23:49:42,201 [bot] (get_user.py).get_role_user(34) Возврат роли: 484385628, admin
DEBUG    2025-09-18 23:49:42,201 [bot] (menu_keyboard.py).inline_menu_kb(14) Передаю inline_menu_kb. Роль юзера: admin
DEBUG    2025-09-18 23:49:45,106 [bot] (back_handler.py).back(25) Начало обработки back. Текущее состояние: UserState:request
DEBUG    2025-09-18 23:49:45,107 [bot] (get_user.py).get_role_user(34) Возврат роли: 484385628, admin
DEBUG    2025-09-18 23:49:45,107 [bot] (menu_keyboard.py).inline_menu_kb(14) Передаю inline_menu_kb. Роль юзера: admin
DEBUG    2025-09-18 23:50:07,441 [bot] (back_handler.py).back(25) Начало обработки back. Текущее состояние: AnswerState:doc_answer
DEBUG    2025-09-18 23:50:39,136 [bot] (back_handler.py).back(25) Начало обработки back. Текущее состояние: AnswerState:docs_questions
WARNING  2025-09-19 00:04:05,933 [bot] (main.py).start_bot(21) Бот закрыт
WARNING  2025-09-19 00:04:06,099 [bot] (main.py).<module>(43) Помощник завершены
INFO     2025-09-19 00:04:08,539 [bot] (logging_config.py)._setup_handlers(50) Логирование для 'bot' настроено успешно.
INFO     2025-09-19 00:04:08,987 [bot] (start_handlers.py).seed_admin(25) Проверка: seed_admin вызвана
INFO     2025-09-19 00:04:09,191 [bot] (commands.py).set_commands(20) Установил команды
DEBUG    2025-09-19 00:04:11,051 [bot] (get_user.py).get_role_user(34) Возврат роли: 484385628, admin
DEBUG    2025-09-19 00:04:11,051 [bot] (menu_keyboard.py).inline_menu_kb(14) Передаю inline_menu_kb. Роль юзера: admin
ERROR    2025-09-19 00:04:18,273 [bot] (user_request_handlers.py).creating_request_save(56) Не получилось сохранить заявку: 'int' object has no attribute '_saved_in_db'
Traceback (most recent call last):
  File "E:\python\bots\lawyer_bot\handlers\user\user_request_handlers.py", line 44, in creating_request_save
    await SalaryRequest.create(
    ...<8 lines>...
    )
  File "E:\python\bots\lawyer_bot\venv\Lib\site-packages\tortoise\models.py", line 1207, in create
    instance = cls(**kwargs)
  File "E:\python\bots\lawyer_bot\venv\Lib\site-packages\tortoise\models.py", line 698, in __init__
    for key in meta.fields.difference(self._set_kwargs(kwargs)):
                                      ~~~~~~~~~~~~~~~~^^^^^^^^
  File "E:\python\bots\lawyer_bot\venv\Lib\site-packages\tortoise\models.py", line 724, in _set_kwargs
    if value and not value._saved_in_db:
                     ^^^^^^^^^^^^^^^^^^
AttributeError: 'int' object has no attribute '_saved_in_db'
DEBUG    2025-09-19 00:04:24,039 [bot] (back_handler.py).back(25) Начало обработки back. Текущее состояние: CreateRequest:wait_save
WARNING  2025-09-19 00:06:45,040 [bot] (main.py).start_bot(21) Бот закрыт
INFO     2025-09-19 00:06:47,537 [bot] (logging_config.py)._setup_handlers(50) Логирование для 'bot' настроено успешно.
INFO     2025-09-19 00:06:47,969 [bot] (start_handlers.py).seed_admin(25) Проверка: seed_admin вызвана
INFO     2025-09-19 00:06:48,137 [bot] (commands.py).set_commands(20) Установил команды
DEBUG    2025-09-19 00:06:52,251 [bot] (get_user.py).get_role_user(34) Возврат роли: 484385628, admin
DEBUG    2025-09-19 00:06:52,251 [bot] (menu_keyboard.py).inline_menu_kb(14) Передаю inline_menu_kb. Роль юзера: admin
ERROR    2025-09-19 00:06:59,341 [bot] (user_request_handlers.py).creating_request_save(57) Не получилось сохранить заявку: 'int' object has no attribute '_saved_in_db'
Traceback (most recent call last):
  File "E:\python\bots\lawyer_bot\handlers\user\user_request_handlers.py", line 44, in creating_request_save
    await SalaryRequest.create(
    ...<8 lines>...
    )
  File "E:\python\bots\lawyer_bot\venv\Lib\site-packages\tortoise\models.py", line 1207, in create
    instance = cls(**kwargs)
  File "E:\python\bots\lawyer_bot\venv\Lib\site-packages\tortoise\models.py", line 698, in __init__
    for key in meta.fields.difference(self._set_kwargs(kwargs)):
                                      ~~~~~~~~~~~~~~~~^^^^^^^^
  File "E:\python\bots\lawyer_bot\venv\Lib\site-packages\tortoise\models.py", line 724, in _set_kwargs
    if value and not value._saved_in_db:
                     ^^^^^^^^^^^^^^^^^^
AttributeError: 'int' object has no attribute '_saved_in_db'
WARNING  2025-09-19 00:07:48,311 [bot] (main.py).start_bot(21) Бот закрыт
INFO     2025-09-19 00:07:50,736 [bot] (logging_config.py)._setup_handlers(50) Логирование для 'bot' настроено успешно.
INFO     2025-09-19 00:07:51,160 [bot] (start_handlers.py).seed_admin(25) Проверка: seed_admin вызвана
INFO     2025-09-19 00:07:51,306 [bot] (commands.py).set_commands(20) Установил команды
DEBUG    2025-09-19 00:07:52,967 [bot] (get_user.py).get_role_user(34) Возврат роли: 484385628, admin
DEBUG    2025-09-19 00:07:52,967 [bot] (menu_keyboard.py).inline_menu_kb(14) Передаю inline_menu_kb. Роль юзера: admin
ERROR    2025-09-19 00:07:57,662 [bot] (user_request_handlers.py).creating_request_save(57) Не получилось сохранить заявку: 'int' object has no attribute '_saved_in_db'
Traceback (most recent call last):
  File "E:\python\bots\lawyer_bot\handlers\user\user_request_handlers.py", line 44, in creating_request_save
    await SalaryRequest.create(
    ...<8 lines>...
    )
  File "E:\python\bots\lawyer_bot\venv\Lib\site-packages\tortoise\models.py", line 1207, in create
    instance = cls(**kwargs)
  File "E:\python\bots\lawyer_bot\venv\Lib\site-packages\tortoise\models.py", line 698, in __init__
    for key in meta.fields.difference(self._set_kwargs(kwargs)):
                                      ~~~~~~~~~~~~~~~~^^^^^^^^
  File "E:\python\bots\lawyer_bot\venv\Lib\site-packages\tortoise\models.py", line 724, in _set_kwargs
    if value and not value._saved_in_db:
                     ^^^^^^^^^^^^^^^^^^
AttributeError: 'int' object has no attribute '_saved_in_db'
DEBUG    2025-09-19 00:08:04,056 [bot] (back_handler.py).back(25) Начало обработки back. Текущее состояние: CreateRequest:wait_save
WARNING  2025-09-19 00:08:07,144 [bot] (main.py).start_bot(21) Бот закрыт
INFO     2025-09-19 10:16:43,100 [bot] (logging_config.py)._setup_handlers(50) Логирование для 'bot' настроено успешно.
INFO     2025-09-19 10:16:45,639 [bot] (start_handlers.py).seed_admin(25) Проверка: seed_admin вызвана
INFO     2025-09-19 10:16:45,871 [bot] (commands.py).set_commands(20) Установил команды
WARNING  2025-09-19 10:17:15,894 [bot] (main.py).start_bot(21) Бот закрыт
WARNING  2025-09-19 10:17:16,059 [bot] (main.py).<module>(43) Помощник завершены
INFO     2025-09-19 10:17:19,781 [bot] (logging_config.py)._setup_handlers(50) Логирование для 'bot' настроено успешно.
INFO     2025-09-19 10:17:20,447 [bot] (start_handlers.py).seed_admin(25) Проверка: seed_admin вызвана
INFO     2025-09-19 10:17:20,666 [bot] (commands.py).set_commands(20) Установил команды
DEBUG    2025-09-19 10:17:22,797 [bot] (get_user.py).get_role_user(34) Возврат роли: 484385628, admin
DEBUG    2025-09-19 10:17:22,798 [bot] (menu_keyboard.py).inline_menu_kb(14) Передаю inline_menu_kb. Роль юзера: admin
WARNING  2025-09-19 10:18:21,346 [bot] (main.py).start_bot(21) Бот закрыт
INFO     2025-09-19 10:18:25,244 [bot] (logging_config.py)._setup_handlers(50) Логирование для 'bot' настроено успешно.
INFO     2025-09-19 10:18:26,190 [bot] (start_handlers.py).seed_admin(25) Проверка: seed_admin вызвана
INFO     2025-09-19 10:18:26,473 [bot] (commands.py).set_commands(20) Установил команды
DEBUG    2025-09-19 10:18:28,048 [bot] (get_user.py).get_role_user(34) Возврат роли: 484385628, admin
DEBUG    2025-09-19 10:18:28,048 [bot] (menu_keyboard.py).inline_menu_kb(14) Передаю inline_menu_kb. Роль юзера: admin
DEBUG    2025-09-19 10:19:58,373 [bot] (back_handler.py).back(25) Начало обработки back. Текущее состояние: CreateRequest:wait_save
ERROR    2025-09-19 10:20:44,914 [bot] (user_request_handlers.py).creating_request_save(57) Не получилось сохранить заявку: 'int' object has no attribute '_saved_in_db'
Traceback (most recent call last):
  File "E:\python\bots\lawyer_bot\handlers\user\user_request_handlers.py", line 44, in creating_request_save
    await SalaryRequest.create(
    ...<8 lines>...
    )
  File "E:\python\bots\lawyer_bot\venv\Lib\site-packages\tortoise\models.py", line 1207, in create
    instance = cls(**kwargs)
  File "E:\python\bots\lawyer_bot\venv\Lib\site-packages\tortoise\models.py", line 698, in __init__
    for key in meta.fields.difference(self._set_kwargs(kwargs)):
                                      ~~~~~~~~~~~~~~~~^^^^^^^^
  File "E:\python\bots\lawyer_bot\venv\Lib\site-packages\tortoise\models.py", line 724, in _set_kwargs
    if value and not value._saved_in_db:
                     ^^^^^^^^^^^^^^^^^^
AttributeError: 'int' object has no attribute '_saved_in_db'
DEBUG    2025-09-19 10:21:59,320 [bot] (back_handler.py).back(25) Начало обработки back. Текущее состояние: CreateRequest:wait_save
DEBUG    2025-09-19 10:22:03,177 [bot] (back_handler.py).back(25) Начало обработки back. Текущее состояние: CreateRequest:wait_comment
ERROR    2025-09-19 10:22:36,368 [bot] (user_request_handlers.py).creating_request_save(57) Не получилось сохранить заявку: 'int' object has no attribute '_saved_in_db'
Traceback (most recent call last):
  File "E:\python\bots\lawyer_bot\handlers\user\user_request_handlers.py", line 44, in creating_request_save
    await SalaryRequest.create(
    ...<8 lines>...
    )
  File "E:\python\bots\lawyer_bot\venv\Lib\site-packages\tortoise\models.py", line 1207, in create
    instance = cls(**kwargs)
  File "E:\python\bots\lawyer_bot\venv\Lib\site-packages\tortoise\models.py", line 698, in __init__
    for key in meta.fields.difference(self._set_kwargs(kwargs)):
                                      ~~~~~~~~~~~~~~~~^^^^^^^^
  File "E:\python\bots\lawyer_bot\venv\Lib\site-packages\tortoise\models.py", line 724, in _set_kwargs
    if value and not value._saved_in_db:
                     ^^^^^^^^^^^^^^^^^^
AttributeError: 'int' object has no attribute '_saved_in_db'
DEBUG    2025-09-19 10:22:39,092 [bot] (back_handler.py).back(25) Начало обработки back. Текущее состояние: CreateRequest:wait_save
WARNING  2025-09-19 10:23:29,743 [bot] (main.py).start_bot(21) Бот закрыт
INFO     2025-09-19 10:23:33,101 [bot] (logging_config.py)._setup_handlers(50) Логирование для 'bot' настроено успешно.
INFO     2025-09-19 10:23:33,724 [bot] (start_handlers.py).seed_admin(25) Проверка: seed_admin вызвана
INFO     2025-09-19 10:23:33,892 [bot] (commands.py).set_commands(20) Установил команды
DEBUG    2025-09-19 10:23:36,630 [bot] (get_user.py).get_role_user(34) Возврат роли: 484385628, admin
DEBUG    2025-09-19 10:23:36,631 [bot] (menu_keyboard.py).inline_menu_kb(14) Передаю inline_menu_kb. Роль юзера: admin
ERROR    2025-09-19 10:23:41,764 [bot] (user_request_handlers.py).creating_request_save(57) Не получилось сохранить заявку: 'int' object has no attribute '_saved_in_db'
Traceback (most recent call last):
  File "E:\python\bots\lawyer_bot\handlers\user\user_request_handlers.py", line 44, in creating_request_save
    await SalaryRequest.create(
    ...<8 lines>...
    )
  File "E:\python\bots\lawyer_bot\venv\Lib\site-packages\tortoise\models.py", line 1207, in create
    instance = cls(**kwargs)
  File "E:\python\bots\lawyer_bot\venv\Lib\site-packages\tortoise\models.py", line 698, in __init__
    for key in meta.fields.difference(self._set_kwargs(kwargs)):
                                      ~~~~~~~~~~~~~~~~^^^^^^^^
  File "E:\python\bots\lawyer_bot\venv\Lib\site-packages\tortoise\models.py", line 724, in _set_kwargs
    if value and not value._saved_in_db:
                     ^^^^^^^^^^^^^^^^^^
AttributeError: 'int' object has no attribute '_saved_in_db'
WARNING  2025-09-19 10:24:06,620 [bot] (main.py).start_bot(21) Бот закрыт
INFO     2025-09-19 10:24:09,835 [bot] (logging_config.py)._setup_handlers(50) Логирование для 'bot' настроено успешно.
INFO     2025-09-19 10:24:10,435 [bot] (start_handlers.py).seed_admin(25) Проверка: seed_admin вызвана
INFO     2025-09-19 10:24:10,648 [bot] (commands.py).set_commands(20) Установил команды
DEBUG    2025-09-19 10:24:12,044 [bot] (get_user.py).get_role_user(34) Возврат роли: 484385628, admin
DEBUG    2025-09-19 10:24:12,044 [bot] (menu_keyboard.py).inline_menu_kb(14) Передаю inline_menu_kb. Роль юзера: admin
WARNING  2025-09-19 10:24:39,512 [bot] (main.py).start_bot(21) Бот закрыт
INFO     2025-09-19 10:24:43,056 [bot] (logging_config.py)._setup_handlers(50) Логирование для 'bot' настроено успешно.
INFO     2025-09-19 10:24:43,870 [bot] (start_handlers.py).seed_admin(25) Проверка: seed_admin вызвана
INFO     2025-09-19 10:24:44,053 [bot] (commands.py).set_commands(20) Установил команды
WARNING  2025-09-19 10:24:47,317 [bot] (main.py).start_bot(21) Бот закрыт
INFO     2025-09-19 10:24:50,691 [bot] (logging_config.py)._setup_handlers(50) Логирование для 'bot' настроено успешно.
INFO     2025-09-19 10:24:51,469 [bot] (start_handlers.py).seed_admin(25) Проверка: seed_admin вызвана
INFO     2025-09-19 10:24:51,644 [bot] (commands.py).set_commands(20) Установил команды
DEBUG    2025-09-19 10:24:56,391 [bot] (get_user.py).get_role_user(34) Возврат роли: 484385628, admin
DEBUG    2025-09-19 10:24:56,392 [bot] (menu_keyboard.py).inline_menu_kb(14) Передаю inline_menu_kb. Роль юзера: admin
WARNING  2025-09-19 10:27:56,312 [bot] (main.py).start_bot(21) Бот закрыт
WARNING  2025-09-19 10:27:56,494 [bot] (main.py).<module>(43) Помощник завершены
INFO     2025-09-19 10:28:00,395 [bot] (logging_config.py)._setup_handlers(50) Логирование для 'bot' настроено успешно.
INFO     2025-09-19 10:28:01,157 [bot] (start_handlers.py).seed_admin(25) Проверка: seed_admin вызвана
INFO     2025-09-19 10:28:01,564 [bot] (commands.py).set_commands(20) Установил команды
WARNING  2025-09-19 10:31:50,224 [bot] (main.py).start_bot(21) Бот закрыт
INFO     2025-09-19 10:31:53,557 [bot] (logging_config.py)._setup_handlers(50) Логирование для 'bot' настроено успешно.
INFO     2025-09-19 10:31:54,169 [bot] (start_handlers.py).seed_admin(25) Проверка: seed_admin вызвана
INFO     2025-09-19 10:31:54,347 [bot] (commands.py).set_commands(20) Установил команды
DEBUG    2025-09-19 10:31:59,427 [bot] (get_user.py).get_role_user(34) Возврат роли: 484385628, admin
DEBUG    2025-09-19 10:31:59,427 [bot] (menu_keyboard.py).inline_menu_kb(14) Передаю inline_menu_kb. Роль юзера: admin
DEBUG    2025-09-19 10:32:26,092 [bot] (contract.py).creating_contract(21) Current state data: {}
DEBUG    2025-09-19 10:32:26,093 [bot] (contract.py).creating_contract(22) contract in data: None
DEBUG    2025-09-19 10:32:34,399 [bot] (back_handler.py).back(25) Начало обработки back. Текущее состояние: CreateRequest:wait_contract
DEBUG    2025-09-19 10:32:35,809 [bot] (acc_screenshot.py).creating_request_acc_screenshot(19) Current state data: {'contract': 'BQACAgIAAxkBAAICbmjNBw9y-Na02FmciVFbkJ1ZA9g4AALGgQADlGhK7CSiKiqpr2s2BA'}
DEBUG    2025-09-19 10:32:35,809 [bot] (acc_screenshot.py).creating_request_acc_screenshot(20) acc_screenshot in data: None
DEBUG    2025-09-19 10:32:45,050 [bot] (acc_screenshot.py).creating_request_acc_screenshot_save(40) сохраняю скрин лк
DEBUG    2025-09-19 10:32:45,130 [bot] (acc_screenshot.py).creating_request_acc_screenshot_save(54) получен скрин: None, file_id: AgACAgIAAxkBAAICcWjNBxwcBH2ItRQZNCcE92TE6Hf6AAJo_DEbAAGUaErQNF7cXJSmTgEAAwIAA3kAAzYE
DEBUG    2025-09-19 10:32:46,187 [bot] (back_handler.py).back(25) Начало обработки back. Текущее состояние: CreateRequest:wait_acc_screenshot
DEBUG    2025-09-19 10:32:54,777 [bot] (personal_pass.py).creating_request_pass_save(52) получен скрин лк: [PhotoSize(file_id='AgACAgIAAxkBAAICdGjNByZOmR6eCOtX2DYo1ZPe-RuPAAJp_DEbAAGUaEpG55jqugS_YgEAAwIAA3MAAzYE', file_unique_id='AQADafwxGwABlGhKeA', width=90, height=90, file_size=2104), PhotoSize(file_id='AgACAgIAAxkBAAICdGjNByZOmR6eCOtX2DYo1ZPe-RuPAAJp_DEbAAGUaEpG55jqugS_YgEAAwIAA20AAzYE', file_unique_id='AQADafwxGwABlGhKcg', width=320, height=320, file_size=23306), PhotoSize(file_id='AgACAgIAAxkBAAICdGjNByZOmR6eCOtX2DYo1ZPe-RuPAAJp_DEbAAGUaEpG55jqugS_YgEAAwIAA3gAAzYE', file_unique_id='AQADafwxGwABlGhKfQ', width=800, height=800, file_size=83780), PhotoSize(file_id='AgACAgIAAxkBAAICdGjNByZOmR6eCOtX2DYo1ZPe-RuPAAJp_DEbAAGUaEpG55jqugS_YgEAAwIAA3kAAzYE', file_unique_id='AQADafwxGwABlGhKfg', width=1024, height=1024, file_size=108015)], file_id: AgACAgIAAxkBAAICdGjNByZOmR6eCOtX2DYo1ZPe-RuPAAJp_DEbAAGUaEpG55jqugS_YgEAAwIAA3kAAzYE
DEBUG    2025-09-19 10:32:57,126 [bot] (back_handler.py).back(25) Начало обработки back. Текущее состояние: CreateRequest:wait_pass
DEBUG    2025-09-19 10:33:09,270 [bot] (extract.py).creating_request_extract_save(55) получена выписка ИЛС: file_id: AgACAgIAAxkBAAICd2jNBzWfBHLxHlfkW6HPovNxUl5SAAJq_DEbAAGUaErrFyLFzUbuxAEAAwIAA3gAAzYE
DEBUG    2025-09-19 10:33:11,504 [bot] (back_handler.py).back(25) Начало обработки back. Текущее состояние: CreateRequest:wait_extract
DEBUG    2025-09-19 10:33:16,208 [bot] (back_handler.py).back(25) Начало обработки back. Текущее состояние: CreateRequest:wait_extract
DEBUG    2025-09-19 10:33:25,101 [bot] (ndfl.py).creating_request_ndfl_save(54) получен НДФЛ: file_id: BQACAgIAAxkBAAICe2jNB0Ux85Fe-7lWuUN4BYZQIpN8AALLgQADlGhKe5Uyxb_lee82BA
DEBUG    2025-09-19 10:33:26,438 [bot] (back_handler.py).back(25) Начало обработки back. Текущее состояние: CreateRequest:wait_ndfl
DEBUG    2025-09-19 10:33:28,500 [bot] (back_handler.py).back(25) Начало обработки back. Текущее состояние: CreateRequest:wait_ndfl
DEBUG    2025-09-19 10:33:40,825 [bot] (back_handler.py).back(25) Начало обработки back. Текущее состояние: CreateRequest:wait_comment
DEBUG    2025-09-19 10:33:49,082 [bot] (back_handler.py).back(25) Начало обработки back. Текущее состояние: CreateRequest:wait_extract
DEBUG    2025-09-19 10:33:53,454 [bot] (back_handler.py).back(25) Начало обработки back. Текущее состояние: CreateRequest:wait_comment
DEBUG    2025-09-19 10:33:55,086 [bot] (user_request_handlers.py).creating_request_save(30) Получаю все data state
ERROR    2025-09-19 10:33:55,088 [bot] (user_request_handlers.py).creating_request_save(62) Не получилось сохранить заявку: 'int' object has no attribute '_saved_in_db'
Traceback (most recent call last):
  File "E:\python\bots\lawyer_bot\handlers\user\user_request_handlers.py", line 48, in creating_request_save
    await SalaryRequest.create(
    ...<8 lines>...
    )
  File "E:\python\bots\lawyer_bot\venv\Lib\site-packages\tortoise\models.py", line 1207, in create
    instance = cls(**kwargs)
  File "E:\python\bots\lawyer_bot\venv\Lib\site-packages\tortoise\models.py", line 698, in __init__
    for key in meta.fields.difference(self._set_kwargs(kwargs)):
                                      ~~~~~~~~~~~~~~~~^^^^^^^^
  File "E:\python\bots\lawyer_bot\venv\Lib\site-packages\tortoise\models.py", line 724, in _set_kwargs
    if value and not value._saved_in_db:
                     ^^^^^^^^^^^^^^^^^^
AttributeError: 'int' object has no attribute '_saved_in_db'
DEBUG    2025-09-19 10:43:09,357 [bot] (get_user.py).get_role_user(34) Возврат роли: 484385628, admin
DEBUG    2025-09-19 10:43:09,357 [bot] (menu_keyboard.py).inline_menu_kb(14) Передаю inline_menu_kb. Роль юзера: admin
INFO     2025-09-19 10:43:09,546 [bot] (cancel_state_handler.py).cancel_state_handler(40) Состояние сброшено: CreateRequest:wait_extract 
WARNING  2025-09-19 11:15:13,289 [bot] (main.py).start_bot(21) Бот закрыт
WARNING  2025-09-19 11:15:13,449 [bot] (main.py).<module>(43) Помощник завершены
INFO     2025-09-19 11:15:16,417 [bot] (logging_config.py)._setup_handlers(50) Логирование для 'bot' настроено успешно.
INFO     2025-09-19 11:15:16,883 [bot] (start_handlers.py).seed_admin(25) Проверка: seed_admin вызвана
INFO     2025-09-19 11:15:17,153 [bot] (commands.py).set_commands(20) Установил команды
DEBUG    2025-09-19 11:15:19,867 [bot] (get_user.py).get_role_user(34) Возврат роли: 484385628, admin
DEBUG    2025-09-19 11:15:19,867 [bot] (menu_keyboard.py).inline_menu_kb(14) Передаю inline_menu_kb. Роль юзера: admin
WARNING  2025-09-19 11:17:02,387 [bot] (main.py).start_bot(21) Бот закрыт
INFO     2025-09-19 11:17:05,278 [bot] (logging_config.py)._setup_handlers(50) Логирование для 'bot' настроено успешно.
INFO     2025-09-19 11:17:05,745 [bot] (start_handlers.py).seed_admin(25) Проверка: seed_admin вызвана
INFO     2025-09-19 11:17:05,945 [bot] (commands.py).set_commands(20) Установил команды
DEBUG    2025-09-19 11:17:25,978 [bot] (get_user.py).get_role_user(34) Возврат роли: 484385628, admin
DEBUG    2025-09-19 11:17:25,979 [bot] (menu_keyboard.py).inline_menu_kb(14) Передаю inline_menu_kb. Роль юзера: admin
WARNING  2025-09-19 11:17:46,450 [bot] (main.py).start_bot(21) Бот закрыт
INFO     2025-09-19 11:17:49,066 [bot] (logging_config.py)._setup_handlers(50) Логирование для 'bot' настроено успешно.
INFO     2025-09-19 11:17:49,498 [bot] (start_handlers.py).seed_admin(25) Проверка: seed_admin вызвана
INFO     2025-09-19 11:17:49,659 [bot] (commands.py).set_commands(20) Установил команды
DEBUG    2025-09-19 11:17:52,674 [bot] (get_user.py).get_role_user(34) Возврат роли: 484385628, admin
DEBUG    2025-09-19 11:17:52,674 [bot] (menu_keyboard.py).inline_menu_kb(14) Передаю inline_menu_kb. Роль юзера: admin
WARNING  2025-09-19 11:18:44,773 [bot] (main.py).start_bot(21) Бот закрыт
INFO     2025-09-19 11:18:47,370 [bot] (logging_config.py)._setup_handlers(50) Логирование для 'bot' настроено успешно.
INFO     2025-09-19 11:18:47,800 [bot] (start_handlers.py).seed_admin(25) Проверка: seed_admin вызвана
INFO     2025-09-19 11:18:48,003 [bot] (commands.py).set_commands(20) Установил команды
DEBUG    2025-09-19 11:18:49,327 [bot] (get_user.py).get_role_user(34) Возврат роли: 484385628, admin
DEBUG    2025-09-19 11:18:49,327 [bot] (menu_keyboard.py).inline_menu_kb(14) Передаю inline_menu_kb. Роль юзера: admin
DEBUG    2025-09-19 11:20:31,828 [bot] (back_handler.py).back(25) Начало обработки back. Текущее состояние: CreateRequest:wait_surname
DEBUG    2025-09-19 11:20:35,009 [bot] (user_request_handlers.py).creating_request_save(30) Получаю все data state
DEBUG    2025-09-19 11:20:46,013 [bot] (back_handler.py).back(25) Начало обработки back. Текущее состояние: CreateRequest:wait_comment
DEBUG    2025-09-19 11:20:48,591 [bot] (back_handler.py).back(25) Начало обработки back. Текущее состояние: CreateRequest:wait_comment
DEBUG    2025-09-19 11:21:37,901 [bot] (back_handler.py).back(25) Начало обработки back. Текущее состояние: CreateRequest:wait_surname
WARNING  2025-09-19 11:22:10,402 [bot] (main.py).start_bot(21) Бот закрыт
INFO     2025-09-19 11:22:13,004 [bot] (logging_config.py)._setup_handlers(50) Логирование для 'bot' настроено успешно.
INFO     2025-09-19 11:22:13,452 [bot] (start_handlers.py).seed_admin(25) Проверка: seed_admin вызвана
INFO     2025-09-19 11:22:13,639 [bot] (commands.py).set_commands(20) Установил команды
DEBUG    2025-09-19 11:22:16,835 [bot] (get_user.py).get_role_user(34) Возврат роли: 484385628, admin
DEBUG    2025-09-19 11:22:16,835 [bot] (menu_keyboard.py).inline_menu_kb(14) Передаю inline_menu_kb. Роль юзера: admin
WARNING  2025-09-19 11:24:47,002 [bot] (main.py).start_bot(21) Бот закрыт
INFO     2025-09-19 11:24:49,612 [bot] (logging_config.py)._setup_handlers(50) Логирование для 'bot' настроено успешно.
INFO     2025-09-19 11:24:50,064 [bot] (start_handlers.py).seed_admin(25) Проверка: seed_admin вызвана
INFO     2025-09-19 11:24:50,249 [bot] (commands.py).set_commands(20) Установил команды
DEBUG    2025-09-19 11:24:55,046 [bot] (get_user.py).get_role_user(34) Возврат роли: 484385628, admin
DEBUG    2025-09-19 11:24:55,046 [bot] (menu_keyboard.py).inline_menu_kb(14) Передаю inline_menu_kb. Роль юзера: admin
DEBUG    2025-09-19 11:25:03,021 [bot] (surname.py).creating_request_surname_save(41) введена фамилия Макушина
DEBUG    2025-09-19 11:25:03,111 [bot] (surname.py).creating_request_surname_save(56) фамилия введена
DEBUG    2025-09-19 11:25:05,061 [bot] (back_handler.py).back(25) Начало обработки back. Текущее состояние: CreateRequest:wait_surname
DEBUG    2025-09-19 11:25:07,007 [bot] (back_handler.py).back(25) Начало обработки back. Текущее состояние: CreateRequest:wait_surname
WARNING  2025-09-19 11:25:23,657 [bot] (main.py).start_bot(21) Бот закрыт
WARNING  2025-09-19 11:25:23,795 [bot] (main.py).<module>(43) Помощник завершены
INFO     2025-09-19 11:25:26,084 [bot] (logging_config.py)._setup_handlers(50) Логирование для 'bot' настроено успешно.
INFO     2025-09-19 11:25:26,523 [bot] (start_handlers.py).seed_admin(25) Проверка: seed_admin вызвана
INFO     2025-09-19 11:25:26,710 [bot] (commands.py).set_commands(20) Установил команды
DEBUG    2025-09-19 11:25:28,394 [bot] (get_user.py).get_role_user(34) Возврат роли: 484385628, admin
DEBUG    2025-09-19 11:25:28,394 [bot] (menu_keyboard.py).inline_menu_kb(14) Передаю inline_menu_kb. Роль юзера: admin
DEBUG    2025-09-19 11:25:33,749 [bot] (surname.py).creating_request_surname_save(42) введена фамилия Vfreib
DEBUG    2025-09-19 11:25:33,862 [bot] (surname.py).creating_request_surname_save(57) фамилия введена
DEBUG    2025-09-19 11:25:35,355 [bot] (back_handler.py).back(25) Начало обработки back. Текущее состояние: CreateRequest:wait_surname
DEBUG    2025-09-19 11:25:38,391 [bot] (back_handler.py).back(25) Начало обработки back. Текущее состояние: CreateRequest:wait_surname
WARNING  2025-09-19 11:26:19,629 [bot] (main.py).start_bot(21) Бот закрыт
INFO     2025-09-19 11:26:22,108 [bot] (logging_config.py)._setup_handlers(50) Логирование для 'bot' настроено успешно.
INFO     2025-09-19 11:26:22,537 [bot] (start_handlers.py).seed_admin(25) Проверка: seed_admin вызвана
INFO     2025-09-19 11:26:22,694 [bot] (commands.py).set_commands(20) Установил команды
DEBUG    2025-09-19 11:26:24,265 [bot] (get_user.py).get_role_user(34) Возврат роли: 484385628, admin
DEBUG    2025-09-19 11:26:24,265 [bot] (menu_keyboard.py).inline_menu_kb(14) Передаю inline_menu_kb. Роль юзера: admin
DEBUG    2025-09-19 11:26:28,283 [bot] (surname.py).creating_request_surname_save(44) введена фамилия aEBTSETBZ
DEBUG    2025-09-19 11:26:28,423 [bot] (surname.py).creating_request_surname_save(59) фамилия введена
DEBUG    2025-09-19 11:26:29,341 [bot] (back_handler.py).back(25) Начало обработки back. Текущее состояние: CreateRequest:wait_surname
DEBUG    2025-09-19 11:26:32,669 [bot] (back_handler.py).back(25) Начало обработки back. Текущее состояние: CreateRequest:wait_surname
WARNING  2025-09-19 11:27:39,504 [bot] (main.py).start_bot(21) Бот закрыт
INFO     2025-09-19 11:27:41,993 [bot] (logging_config.py)._setup_handlers(50) Логирование для 'bot' настроено успешно.
INFO     2025-09-19 11:27:42,449 [bot] (start_handlers.py).seed_admin(25) Проверка: seed_admin вызвана
INFO     2025-09-19 11:27:42,616 [bot] (commands.py).set_commands(20) Установил команды
DEBUG    2025-09-19 11:27:44,161 [bot] (get_user.py).get_role_user(34) Возврат роли: 484385628, admin
DEBUG    2025-09-19 11:27:44,161 [bot] (menu_keyboard.py).inline_menu_kb(14) Передаю inline_menu_kb. Роль юзера: admin
DEBUG    2025-09-19 11:27:48,609 [bot] (surname.py).creating_request_surname_save(44) введена фамилия Макушина
WARNING  2025-09-19 11:29:31,364 [bot] (main.py).start_bot(21) Бот закрыт
INFO     2025-09-19 11:29:33,950 [bot] (logging_config.py)._setup_handlers(50) Логирование для 'bot' настроено успешно.
INFO     2025-09-19 11:29:34,402 [bot] (start_handlers.py).seed_admin(25) Проверка: seed_admin вызвана
INFO     2025-09-19 11:29:34,610 [bot] (commands.py).set_commands(20) Установил команды
DEBUG    2025-09-19 11:29:38,916 [bot] (get_user.py).get_role_user(34) Возврат роли: 484385628, admin
DEBUG    2025-09-19 11:29:38,916 [bot] (menu_keyboard.py).inline_menu_kb(14) Передаю inline_menu_kb. Роль юзера: admin
DEBUG    2025-09-19 11:29:47,248 [bot] (surname.py).creating_request_surname_save(44) введена фамилия Макушина
DEBUG    2025-09-19 11:29:47,314 [bot] (surname.py).creating_request_surname_save(61) фамилия введена
DEBUG    2025-09-19 11:29:49,773 [bot] (back_handler.py).back(25) Начало обработки back. Текущее состояние: CreateRequest:wait_surname
WARNING  2025-09-19 12:27:47,997 [bot] (main.py).start_bot(21) Бот закрыт
WARNING  2025-09-19 12:27:48,143 [bot] (main.py).<module>(43) Помощник завершены
INFO     2025-09-19 12:27:51,909 [bot] (logging_config.py)._setup_handlers(50) Логирование для 'bot' настроено успешно.
INFO     2025-09-19 12:27:52,603 [bot] (start_handlers.py).seed_admin(25) Проверка: seed_admin вызвана
INFO     2025-09-19 12:27:52,853 [bot] (commands.py).set_commands(20) Установил команды
WARNING  2025-09-19 12:28:38,830 [bot] (main.py).start_bot(21) Бот закрыт
INFO     2025-09-19 12:28:41,489 [bot] (logging_config.py)._setup_handlers(50) Логирование для 'bot' настроено успешно.
INFO     2025-09-19 12:28:42,052 [bot] (start_handlers.py).seed_admin(25) Проверка: seed_admin вызвана
INFO     2025-09-19 12:28:42,225 [bot] (commands.py).set_commands(20) Установил команды
DEBUG    2025-09-19 12:28:53,495 [bot] (get_user.py).get_role_user(34) Возврат роли: 484385628, admin
DEBUG    2025-09-19 12:28:53,495 [bot] (menu_keyboard.py).inline_menu_kb(14) Передаю inline_menu_kb. Роль юзера: admin
DEBUG    2025-09-19 12:29:05,333 [bot] (surname.py).creating_request_surname_save(46) введена фамилия Макушина
DEBUG    2025-09-19 12:29:05,418 [bot] (surname.py).creating_request_surname_save(63) фамилия введена
DEBUG    2025-09-19 12:29:07,690 [bot] (back_handler.py).back(25) Начало обработки back. Текущее состояние: CreateRequest:wait_surname
DEBUG    2025-09-19 12:29:09,198 [bot] (contract.py).creating_contract(21) Current state data: {'surname': 'Макушина'}
DEBUG    2025-09-19 12:29:09,198 [bot] (contract.py).creating_contract(22) contract in data: None
DEBUG    2025-09-19 12:29:15,572 [bot] (back_handler.py).back(25) Начало обработки back. Текущее состояние: CreateRequest:wait_contract
DEBUG    2025-09-19 12:29:17,271 [bot] (acc_screenshot.py).creating_request_acc_screenshot(19) Current state data: {'surname': 'Макушина', 'contract': 'BQACAgIAAxkBAAICymjNImre1stU4L2f7mzguF38kv73AAJRgwADlGhKp04ydyzDSbk2BA'}
DEBUG    2025-09-19 12:29:17,272 [bot] (acc_screenshot.py).creating_request_acc_screenshot(20) acc_screenshot in data: None
DEBUG    2025-09-19 12:29:22,333 [bot] (acc_screenshot.py).creating_request_acc_screenshot_save(40) сохраняю скрин лк
DEBUG    2025-09-19 12:29:22,413 [bot] (acc_screenshot.py).creating_request_acc_screenshot_save(54) получен скрин: None, file_id: AgACAgIAAxkBAAICzWjNInI4fekSQfaxdsAvTVOlEWixAAIY_TEbAAGUaEqrEHzccw4hqwEAAwIAA3kAAzYE
DEBUG    2025-09-19 12:29:24,085 [bot] (back_handler.py).back(25) Начало обработки back. Текущее состояние: CreateRequest:wait_acc_screenshot
DEBUG    2025-09-19 12:29:33,399 [bot] (personal_pass.py).creating_request_pass_save(52) получен скрин лк: [PhotoSize(file_id='AgACAgIAAxkBAAIC0GjNIn2eJbhYVqNzt0LGP2gDSHZlAAIZ_TEbAAGUaErfOIoOlST6SwEAAwIAA3MAAzYE', file_unique_id='AQADGf0xGwABlGhKeA', width=90, height=90, file_size=2199), PhotoSize(file_id='AgACAgIAAxkBAAIC0GjNIn2eJbhYVqNzt0LGP2gDSHZlAAIZ_TEbAAGUaErfOIoOlST6SwEAAwIAA20AAzYE', file_unique_id='AQADGf0xGwABlGhKcg', width=320, height=320, file_size=29466), PhotoSize(file_id='AgACAgIAAxkBAAIC0GjNIn2eJbhYVqNzt0LGP2gDSHZlAAIZ_TEbAAGUaErfOIoOlST6SwEAAwIAA3gAAzYE', file_unique_id='AQADGf0xGwABlGhKfQ', width=800, height=800, file_size=115826), PhotoSize(file_id='AgACAgIAAxkBAAIC0GjNIn2eJbhYVqNzt0LGP2gDSHZlAAIZ_TEbAAGUaErfOIoOlST6SwEAAwIAA3kAAzYE', file_unique_id='AQADGf0xGwABlGhKfg', width=1024, height=1024, file_size=153078)], file_id: AgACAgIAAxkBAAIC0GjNIn2eJbhYVqNzt0LGP2gDSHZlAAIZ_TEbAAGUaErfOIoOlST6SwEAAwIAA3kAAzYE
DEBUG    2025-09-19 12:29:35,452 [bot] (back_handler.py).back(25) Начало обработки back. Текущее состояние: CreateRequest:wait_pass
DEBUG    2025-09-19 12:29:53,529 [bot] (ndfl.py).creating_request_ndfl_save(54) получен НДФЛ: file_id: BQACAgIAAxkBAAIC02jNIpEJE3b9YNnc8Q1l5ccGC6PZAAJUgwADlGhKX-1kCZBIrLo2BA
DEBUG    2025-09-19 12:29:55,281 [bot] (back_handler.py).back(25) Начало обработки back. Текущее состояние: CreateRequest:wait_ndfl
DEBUG    2025-09-19 12:30:06,479 [bot] (extract.py).creating_request_extract_save(55) получена выписка ИЛС: file_id: AgACAgIAAxkBAAIC1mjNIp7G9lcaRqyZ-QucobsF4FD1AAIa_TEbAAGUaEpHkeqwabtYTwEAAwIAA3gAAzYE
DEBUG    2025-09-19 12:30:08,313 [bot] (back_handler.py).back(25) Начало обработки back. Текущее состояние: CreateRequest:wait_extract
DEBUG    2025-09-19 12:30:14,430 [bot] (extract.py).creating_request_extract_save(55) получена выписка ИЛС: file_id: BQACAgIAAxkBAAIC2WjNIqYsb6aKitDI4X6XVoCBYU5dAAJXgwADlGhKO4CdRRZjKM82BA
DEBUG    2025-09-19 12:30:16,345 [bot] (back_handler.py).back(25) Начало обработки back. Текущее состояние: CreateRequest:wait_extract
DEBUG    2025-09-19 12:30:23,162 [bot] (back_handler.py).back(25) Начало обработки back. Текущее состояние: CreateRequest:wait_comment
DEBUG    2025-09-19 12:30:25,613 [bot] (user_request_handlers.py).creating_request_save(38) Получаю все data state
INFO     2025-09-19 12:30:25,614 [bot] (user_request_handlers.py).creating_request_save(48)  Не все документы загружены. • Трудовая книжка
• Telegram ID 
WARNING  2025-09-19 12:37:04,901 [bot] (main.py).start_bot(21) Бот закрыт
INFO     2025-09-19 12:37:07,435 [bot] (logging_config.py)._setup_handlers(50) Логирование для 'bot' настроено успешно.
INFO     2025-09-19 12:37:07,878 [bot] (start_handlers.py).seed_admin(25) Проверка: seed_admin вызвана
INFO     2025-09-19 12:37:08,049 [bot] (commands.py).set_commands(20) Установил команды
DEBUG    2025-09-19 12:37:13,136 [bot] (get_user.py).get_role_user(34) Возврат роли: 484385628, admin
DEBUG    2025-09-19 12:37:13,136 [bot] (menu_keyboard.py).inline_menu_kb(14) Передаю inline_menu_kb. Роль юзера: admin
DEBUG    2025-09-19 12:37:22,076 [bot] (surname.py).creating_request_surname_save(46) введена фамилия Макушина
DEBUG    2025-09-19 12:37:22,220 [bot] (surname.py).creating_request_surname_save(63) фамилия введена
DEBUG    2025-09-19 12:37:24,690 [bot] (back_handler.py).back(25) Начало обработки back. Текущее состояние: CreateRequest:wait_surname
DEBUG    2025-09-19 12:37:26,331 [bot] (contract.py).creating_contract(21) Current state data: {'surname': 'Макушина'}
DEBUG    2025-09-19 12:37:26,331 [bot] (contract.py).creating_contract(22) contract in data: None
DEBUG    2025-09-19 12:38:04,288 [bot] (back_handler.py).back(25) Начало обработки back. Текущее состояние: CreateRequest:wait_contract
DEBUG    2025-09-19 12:38:06,212 [bot] (acc_screenshot.py).creating_request_acc_screenshot(19) Current state data: {'surname': 'Макушина', 'contract': 'BQACAgIAAxkBAAIC5GjNJHkUmWyut0aqeK_FVXMNMw_-AAKHgwADlGhK3h6vkU3w7-g2BA'}
DEBUG    2025-09-19 12:38:06,213 [bot] (acc_screenshot.py).creating_request_acc_screenshot(20) acc_screenshot in data: None
DEBUG    2025-09-19 12:38:10,583 [bot] (acc_screenshot.py).creating_request_acc_screenshot_save(40) сохраняю скрин лк
DEBUG    2025-09-19 12:38:10,680 [bot] (acc_screenshot.py).creating_request_acc_screenshot_save(54) получен скрин: None, file_id: AgACAgIAAxkBAAIC1mjNIp7G9lcaRqyZ-QucobsF4FD1AAIa_TEbAAGUaEpHkeqwabtYTwEAAwIAA3gAAzYE
DEBUG    2025-09-19 12:38:13,796 [bot] (back_handler.py).back(25) Начало обработки back. Текущее состояние: CreateRequest:wait_acc_screenshot
DEBUG    2025-09-19 12:38:22,851 [bot] (personal_pass.py).creating_request_pass_save(52) получен скрин лк: [PhotoSize(file_id='AgACAgIAAxkBAAIC0GjNIn2eJbhYVqNzt0LGP2gDSHZlAAIZ_TEbAAGUaErfOIoOlST6SwEAAwIAA3MAAzYE', file_unique_id='AQADGf0xGwABlGhKeA', width=90, height=90, file_size=2199), PhotoSize(file_id='AgACAgIAAxkBAAIC0GjNIn2eJbhYVqNzt0LGP2gDSHZlAAIZ_TEbAAGUaErfOIoOlST6SwEAAwIAA20AAzYE', file_unique_id='AQADGf0xGwABlGhKcg', width=320, height=320, file_size=29466), PhotoSize(file_id='AgACAgIAAxkBAAIC0GjNIn2eJbhYVqNzt0LGP2gDSHZlAAIZ_TEbAAGUaErfOIoOlST6SwEAAwIAA3gAAzYE', file_unique_id='AQADGf0xGwABlGhKfQ', width=800, height=800, file_size=115826), PhotoSize(file_id='AgACAgIAAxkBAAIC0GjNIn2eJbhYVqNzt0LGP2gDSHZlAAIZ_TEbAAGUaErfOIoOlST6SwEAAwIAA3kAAzYE', file_unique_id='AQADGf0xGwABlGhKfg', width=1024, height=1024, file_size=153078)], file_id: AgACAgIAAxkBAAIC0GjNIn2eJbhYVqNzt0LGP2gDSHZlAAIZ_TEbAAGUaErfOIoOlST6SwEAAwIAA3kAAzYE
DEBUG    2025-09-19 12:38:23,628 [bot] (back_handler.py).back(25) Начало обработки back. Текущее состояние: CreateRequest:wait_pass
DEBUG    2025-09-19 12:38:37,078 [bot] (ndfl.py).creating_request_ndfl_save(54) получен НДФЛ: file_id: AgACAgIAAxkBAAICzWjNInI4fekSQfaxdsAvTVOlEWixAAIY_TEbAAGUaEqrEHzccw4hqwEAAwIAA3kAAzYE
DEBUG    2025-09-19 12:38:38,474 [bot] (back_handler.py).back(25) Начало обработки back. Текущее состояние: CreateRequest:wait_ndfl
DEBUG    2025-09-19 12:38:44,795 [bot] (extract.py).creating_request_extract_save(55) получена выписка ИЛС: file_id: AgACAgIAAxkBAAIC1mjNIp7G9lcaRqyZ-QucobsF4FD1AAIa_TEbAAGUaEpHkeqwabtYTwEAAwIAA3gAAzYE
DEBUG    2025-09-19 12:38:45,888 [bot] (back_handler.py).back(25) Начало обработки back. Текущее состояние: CreateRequest:wait_extract
DEBUG    2025-09-19 12:38:59,179 [bot] (back_handler.py).back(25) Начало обработки back. Текущее состояние: CreateRequest:wait_extract
DEBUG    2025-09-19 12:39:02,974 [bot] (back_handler.py).back(25) Начало обработки back. Текущее состояние: CreateRequest:wait_extract
DEBUG    2025-09-19 12:39:09,634 [bot] (back_handler.py).back(25) Начало обработки back. Текущее состояние: CreateRequest:wait_comment
DEBUG    2025-09-19 12:39:10,912 [bot] (user_request_handlers.py).creating_request_save(38) Получаю все data state
INFO     2025-09-19 12:39:10,912 [bot] (user_request_handlers.py).creating_request_save(48)  Не все документы загружены. • Трудовая книжка 
WARNING  2025-09-19 12:41:40,108 [bot] (main.py).start_bot(21) Бот закрыт
WARNING  2025-09-19 12:41:40,272 [bot] (main.py).<module>(43) Помощник завершены
INFO     2025-09-19 12:41:42,973 [bot] (logging_config.py)._setup_handlers(50) Логирование для 'bot' настроено успешно.
INFO     2025-09-19 12:41:43,428 [bot] (start_handlers.py).seed_admin(25) Проверка: seed_admin вызвана
INFO     2025-09-19 12:41:43,616 [bot] (commands.py).set_commands(20) Установил команды
DEBUG    2025-09-19 12:41:45,768 [bot] (get_user.py).get_role_user(34) Возврат роли: 484385628, admin
DEBUG    2025-09-19 12:41:45,768 [bot] (menu_keyboard.py).inline_menu_kb(14) Передаю inline_menu_kb. Роль юзера: admin
DEBUG    2025-09-19 12:41:54,257 [bot] (surname.py).creating_request_surname_save(46) введена фамилия Макушина
DEBUG    2025-09-19 12:41:54,338 [bot] (surname.py).creating_request_surname_save(63) фамилия введена
DEBUG    2025-09-19 12:41:56,106 [bot] (back_handler.py).back(25) Начало обработки back. Текущее состояние: CreateRequest:wait_surname
DEBUG    2025-09-19 12:41:58,472 [bot] (back_handler.py).back(25) Начало обработки back. Текущее состояние: CreateRequest:wait_surname
DEBUG    2025-09-19 12:41:59,998 [bot] (contract.py).creating_contract(21) Current state data: {'surname': 'Макушина'}
DEBUG    2025-09-19 12:41:59,998 [bot] (contract.py).creating_contract(22) contract in data: None
DEBUG    2025-09-19 12:42:06,064 [bot] (back_handler.py).back(25) Начало обработки back. Текущее состояние: CreateRequest:wait_contract
DEBUG    2025-09-19 12:42:07,458 [bot] (acc_screenshot.py).creating_request_acc_screenshot(19) Current state data: {'surname': 'Макушина', 'contract': 'BQACAgIAAxkBAAIC_2jNJW1ToTcvPXqA2-4iWlA4-4ZeAAKSgwADlGhKiMt_c0q8m1k2BA'}
DEBUG    2025-09-19 12:42:07,459 [bot] (acc_screenshot.py).creating_request_acc_screenshot(20) acc_screenshot in data: None
DEBUG    2025-09-19 12:42:14,100 [bot] (acc_screenshot.py).creating_request_acc_screenshot_save(40) сохраняю скрин лк
DEBUG    2025-09-19 12:42:14,181 [bot] (acc_screenshot.py).creating_request_acc_screenshot_save(54) получен скрин: None, file_id: AgACAgIAAxkBAAIDAmjNJXb9g2OOKI0RVVZ3UUAWTGJ1AAIa_TEbAAGUaEpHkeqwabtYTwEAAwIAA3gAAzYE
DEBUG    2025-09-19 12:42:15,446 [bot] (back_handler.py).back(25) Начало обработки back. Текущее состояние: CreateRequest:wait_acc_screenshot
DEBUG    2025-09-19 12:42:23,292 [bot] (personal_pass.py).creating_request_pass_save(52) получен скрин лк: [PhotoSize(file_id='AgACAgIAAxkBAAIDBWjNJX-aSuqngx_mKl4Xp_eXpV8bAAIs_TEbAAGUaEqAnftXv_UoQAEAAwIAA3MAAzYE', file_unique_id='AQADLP0xGwABlGhKeA', width=90, height=90, file_size=2104), PhotoSize(file_id='AgACAgIAAxkBAAIDBWjNJX-aSuqngx_mKl4Xp_eXpV8bAAIs_TEbAAGUaEqAnftXv_UoQAEAAwIAA20AAzYE', file_unique_id='AQADLP0xGwABlGhKcg', width=320, height=320, file_size=23306), PhotoSize(file_id='AgACAgIAAxkBAAIDBWjNJX-aSuqngx_mKl4Xp_eXpV8bAAIs_TEbAAGUaEqAnftXv_UoQAEAAwIAA3gAAzYE', file_unique_id='AQADLP0xGwABlGhKfQ', width=800, height=800, file_size=83780), PhotoSize(file_id='AgACAgIAAxkBAAIDBWjNJX-aSuqngx_mKl4Xp_eXpV8bAAIs_TEbAAGUaEqAnftXv_UoQAEAAwIAA3kAAzYE', file_unique_id='AQADLP0xGwABlGhKfg', width=1024, height=1024, file_size=108015)], file_id: AgACAgIAAxkBAAIDBWjNJX-aSuqngx_mKl4Xp_eXpV8bAAIs_TEbAAGUaEqAnftXv_UoQAEAAwIAA3kAAzYE
DEBUG    2025-09-19 12:42:24,270 [bot] (back_handler.py).back(25) Начало обработки back. Текущее состояние: CreateRequest:wait_pass
DEBUG    2025-09-19 12:42:31,632 [bot] (ndfl.py).creating_request_ndfl_save(54) получен НДФЛ: file_id: AgACAgIAAxkBAAIDCGjNJYdY0ok9MLLxJ9ogD1nSrcvDAAIZ_TEbAAGUaErfOIoOlST6SwEAAwIAA3kAAzYE
DEBUG    2025-09-19 12:42:32,885 [bot] (back_handler.py).back(25) Начало обработки back. Текущее состояние: CreateRequest:wait_ndfl
DEBUG    2025-09-19 12:42:41,353 [bot] (extract.py).creating_request_extract_save(55) получена выписка ИЛС: file_id: BQACAgIAAxkBAAIDC2jNJZFJW2TK0Ckvwj-qFBXJSFtnAAKVgwADlGhK82Vo3YBqQ_c2BA
DEBUG    2025-09-19 12:42:42,263 [bot] (back_handler.py).back(25) Начало обработки back. Текущее состояние: CreateRequest:wait_extract
DEBUG    2025-09-19 12:42:49,374 [bot] (record.py).creating_request_record_book_save(53) получен трудовой книжки: None, file_id: BQACAgIAAxkBAAIDDmjNJZkTlRomFtodYzHWbdlXLGxpAAKYgwADlGhKoOb-fGaCC2A2BA
DEBUG    2025-09-19 12:42:52,076 [bot] (back_handler.py).back(25) Начало обработки back. Текущее состояние: CreateRequest:wait_record_book
DEBUG    2025-09-19 12:42:57,068 [bot] (back_handler.py).back(25) Начало обработки back. Текущее состояние: CreateRequest:wait_record_book
DEBUG    2025-09-19 12:42:59,143 [bot] (user_request_handlers.py).creating_request_save(38) Получаю все data state
INFO     2025-09-19 12:42:59,157 [bot] (save_docs.py).create_folder(55) Создана папка clients\Макушина
INFO     2025-09-19 12:42:59,353 [bot] (save_docs.py).save_doc(91) Файл contract.pdf сохранен в clients\Макушина
INFO     2025-09-19 12:42:59,534 [bot] (save_docs.py).save_doc(91) Файл screenshot.jpg сохранен в clients\Макушина
INFO     2025-09-19 12:42:59,698 [bot] (save_docs.py).save_doc(91) Файл personal_pass.jpg сохранен в clients\Макушина
INFO     2025-09-19 12:42:59,904 [bot] (save_docs.py).save_doc(91) Файл extract.pdf сохранен в clients\Макушина
INFO     2025-09-19 12:43:00,027 [bot] (save_docs.py).save_doc(91) Файл ndfl.jpg сохранен в clients\Макушина
ERROR    2025-09-19 12:43:00,027 [bot] (user_request_handlers.py).creating_request_save(76) Не получилось сохранить заявку: 'int' object has no attribute '_saved_in_db'
Traceback (most recent call last):
  File "E:\python\bots\lawyer_bot\handlers\user\user_request_handlers.py", line 61, in creating_request_save
    await SalaryRequest.create(
    ...<8 lines>...
    )
  File "E:\python\bots\lawyer_bot\venv\Lib\site-packages\tortoise\models.py", line 1207, in create
    instance = cls(**kwargs)
  File "E:\python\bots\lawyer_bot\venv\Lib\site-packages\tortoise\models.py", line 698, in __init__
    for key in meta.fields.difference(self._set_kwargs(kwargs)):
                                      ~~~~~~~~~~~~~~~~^^^^^^^^
  File "E:\python\bots\lawyer_bot\venv\Lib\site-packages\tortoise\models.py", line 724, in _set_kwargs
    if value and not value._saved_in_db:
                     ^^^^^^^^^^^^^^^^^^
AttributeError: 'int' object has no attribute '_saved_in_db'
WARNING  2025-09-19 12:46:03,182 [bot] (main.py).start_bot(21) Бот закрыт
INFO     2025-09-19 12:46:06,010 [bot] (logging_config.py)._setup_handlers(50) Логирование для 'bot' настроено успешно.
INFO     2025-09-19 12:46:06,563 [bot] (start_handlers.py).seed_admin(25) Проверка: seed_admin вызвана
INFO     2025-09-19 12:46:06,795 [bot] (commands.py).set_commands(20) Установил команды
DEBUG    2025-09-19 12:46:16,679 [bot] (get_user.py).get_role_user(34) Возврат роли: 484385628, admin
DEBUG    2025-09-19 12:46:16,679 [bot] (menu_keyboard.py).inline_menu_kb(14) Передаю inline_menu_kb. Роль юзера: admin
DEBUG    2025-09-19 12:46:22,315 [bot] (surname.py).creating_request_surname_save(46) введена фамилия макушина
DEBUG    2025-09-19 12:46:22,470 [bot] (surname.py).creating_request_surname_save(63) фамилия введена
DEBUG    2025-09-19 12:46:23,847 [bot] (back_handler.py).back(25) Начало обработки back. Текущее состояние: CreateRequest:wait_surname
DEBUG    2025-09-19 12:46:26,212 [bot] (back_handler.py).back(25) Начало обработки back. Текущее состояние: CreateRequest:wait_surname
DEBUG    2025-09-19 12:46:27,334 [bot] (contract.py).creating_contract(21) Current state data: {'surname': 'Макушина'}
DEBUG    2025-09-19 12:46:27,334 [bot] (contract.py).creating_contract(22) contract in data: None
DEBUG    2025-09-19 12:46:32,406 [bot] (back_handler.py).back(25) Начало обработки back. Текущее состояние: CreateRequest:wait_contract
DEBUG    2025-09-19 12:46:33,366 [bot] (acc_screenshot.py).creating_request_acc_screenshot(19) Current state data: {'surname': 'Макушина', 'contract': 'BQACAgIAAxkBAAIDGWjNJneIHapqAAGqGe2O9JMbDosprAACpoMAA5RoStj_-1astVU9NgQ'}
DEBUG    2025-09-19 12:46:33,366 [bot] (acc_screenshot.py).creating_request_acc_screenshot(20) acc_screenshot in data: None
DEBUG    2025-09-19 12:46:37,536 [bot] (acc_screenshot.py).creating_request_acc_screenshot_save(40) сохраняю скрин лк
DEBUG    2025-09-19 12:46:37,623 [bot] (acc_screenshot.py).creating_request_acc_screenshot_save(54) получен скрин: None, file_id: AgACAgIAAxkBAAIDAmjNJXb9g2OOKI0RVVZ3UUAWTGJ1AAIa_TEbAAGUaEpHkeqwabtYTwEAAwIAA3gAAzYE
DEBUG    2025-09-19 12:46:40,460 [bot] (back_handler.py).back(25) Начало обработки back. Текущее состояние: CreateRequest:wait_acc_screenshot
DEBUG    2025-09-19 12:46:47,717 [bot] (personal_pass.py).creating_request_pass_save(52) получен скрин лк: [PhotoSize(file_id='AgACAgIAAxkBAAIDAmjNJXb9g2OOKI0RVVZ3UUAWTGJ1AAIa_TEbAAGUaEpHkeqwabtYTwEAAwIAA3MAAzYE', file_unique_id='AQADGv0xGwABlGhKeA', width=90, height=78, file_size=944), PhotoSize(file_id='AgACAgIAAxkBAAIDAmjNJXb9g2OOKI0RVVZ3UUAWTGJ1AAIa_TEbAAGUaEpHkeqwabtYTwEAAwIAA20AAzYE', file_unique_id='AQADGv0xGwABlGhKcg', width=320, height=279, file_size=13366), PhotoSize(file_id='AgACAgIAAxkBAAIDAmjNJXb9g2OOKI0RVVZ3UUAWTGJ1AAIa_TEbAAGUaEpHkeqwabtYTwEAAwIAA3gAAzYE', file_unique_id='AQADGv0xGwABlGhKfQ', width=596, height=520, file_size=33648)], file_id: AgACAgIAAxkBAAIDAmjNJXb9g2OOKI0RVVZ3UUAWTGJ1AAIa_TEbAAGUaEpHkeqwabtYTwEAAwIAA3gAAzYE
DEBUG    2025-09-19 12:47:03,829 [bot] (back_handler.py).back(25) Начало обработки back. Текущее состояние: CreateRequest:wait_pass
DEBUG    2025-09-19 12:47:09,506 [bot] (ndfl.py).creating_request_ndfl_save(54) получен НДФЛ: file_id: BQACAgIAAxkBAAIDImjNJp1vPWN29Ur7ikKpDAM2Jr9YAAKqgwADlGhKTCMcZhV-fxE2BA
DEBUG    2025-09-19 12:47:10,374 [bot] (back_handler.py).back(25) Начало обработки back. Текущее состояние: CreateRequest:wait_ndfl
DEBUG    2025-09-19 12:47:16,621 [bot] (extract.py).creating_request_extract_save(55) получена выписка ИЛС: file_id: AgACAgIAAxkBAAIDAmjNJXb9g2OOKI0RVVZ3UUAWTGJ1AAIa_TEbAAGUaEpHkeqwabtYTwEAAwIAA3gAAzYE
DEBUG    2025-09-19 12:47:17,442 [bot] (back_handler.py).back(25) Начало обработки back. Текущее состояние: CreateRequest:wait_extract
DEBUG    2025-09-19 12:47:19,870 [bot] (back_handler.py).back(25) Начало обработки back. Текущее состояние: CreateRequest:wait_ndfl
DEBUG    2025-09-19 12:47:22,742 [bot] (back_handler.py).back(25) Начало обработки back. Текущее состояние: CreateRequest:wait_pass
DEBUG    2025-09-19 12:47:28,029 [bot] (record.py).creating_request_record_book_save(53) получен трудовой книжки: None, file_id: BQACAgIAAxkBAAIDKmjNJrBzakyQNzW0ZJsHGSpHGTTPAAKsgwADlGhKr0Sd9VpGZ6g2BA
DEBUG    2025-09-19 12:47:28,880 [bot] (back_handler.py).back(25) Начало обработки back. Текущее состояние: CreateRequest:wait_record_book
DEBUG    2025-09-19 12:47:34,314 [bot] (back_handler.py).back(25) Начало обработки back. Текущее состояние: CreateRequest:wait_comment
DEBUG    2025-09-19 12:47:35,778 [bot] (acc_screenshot.py).creating_request_acc_screenshot(19) Current state data: {'surname': 'Макушина', 'contract': 'BQACAgIAAxkBAAIDGWjNJneIHapqAAGqGe2O9JMbDosprAACpoMAA5RoStj_-1astVU9NgQ', 'acc_screenshot': 'AgACAgIAAxkBAAIDAmjNJXb9g2OOKI0RVVZ3UUAWTGJ1AAIa_TEbAAGUaEpHkeqwabtYTwEAAwIAA3gAAzYE', 'personal_pass': 'AgACAgIAAxkBAAIDAmjNJXb9g2OOKI0RVVZ3UUAWTGJ1AAIa_TEbAAGUaEpHkeqwabtYTwEAAwIAA3gAAzYE', 'ndfl': 'BQACAgIAAxkBAAIDImjNJp1vPWN29Ur7ikKpDAM2Jr9YAAKqgwADlGhKTCMcZhV-fxE2BA', 'extract': 'AgACAgIAAxkBAAIDAmjNJXb9g2OOKI0RVVZ3UUAWTGJ1AAIa_TEbAAGUaEpHkeqwabtYTwEAAwIAA3gAAzYE', 'record_book': 'BQACAgIAAxkBAAIDKmjNJrBzakyQNzW0ZJsHGSpHGTTPAAKsgwADlGhKr0Sd9VpGZ6g2BA', 'comment': 'ЕМЫУЕиуыя', 'telegram': 484385628}
DEBUG    2025-09-19 12:47:35,779 [bot] (acc_screenshot.py).creating_request_acc_screenshot(20) acc_screenshot in data: AgACAgIAAxkBAAIDAmjNJXb9g2OOKI0RVVZ3UUAWTGJ1AAIa_TEbAAGUaEpHkeqwabtYTwEAAwIAA3gAAzYE
DEBUG    2025-09-19 12:47:36,817 [bot] (back_handler.py).back(25) Начало обработки back. Текущее состояние: CreateRequest:wait_acc_screenshot
DEBUG    2025-09-19 12:47:38,265 [bot] (contract.py).creating_contract(21) Current state data: {'surname': 'Макушина', 'contract': 'BQACAgIAAxkBAAIDGWjNJneIHapqAAGqGe2O9JMbDosprAACpoMAA5RoStj_-1astVU9NgQ', 'acc_screenshot': 'AgACAgIAAxkBAAIDAmjNJXb9g2OOKI0RVVZ3UUAWTGJ1AAIa_TEbAAGUaEpHkeqwabtYTwEAAwIAA3gAAzYE', 'personal_pass': 'AgACAgIAAxkBAAIDAmjNJXb9g2OOKI0RVVZ3UUAWTGJ1AAIa_TEbAAGUaEpHkeqwabtYTwEAAwIAA3gAAzYE', 'ndfl': 'BQACAgIAAxkBAAIDImjNJp1vPWN29Ur7ikKpDAM2Jr9YAAKqgwADlGhKTCMcZhV-fxE2BA', 'extract': 'AgACAgIAAxkBAAIDAmjNJXb9g2OOKI0RVVZ3UUAWTGJ1AAIa_TEbAAGUaEpHkeqwabtYTwEAAwIAA3gAAzYE', 'record_book': 'BQACAgIAAxkBAAIDKmjNJrBzakyQNzW0ZJsHGSpHGTTPAAKsgwADlGhKr0Sd9VpGZ6g2BA', 'comment': 'ЕМЫУЕиуыя', 'telegram': 484385628}
DEBUG    2025-09-19 12:47:38,265 [bot] (contract.py).creating_contract(22) contract in data: AgACAgIAAxkBAAIDAmjNJXb9g2OOKI0RVVZ3UUAWTGJ1AAIa_TEbAAGUaEpHkeqwabtYTwEAAwIAA3gAAzYE
DEBUG    2025-09-19 12:47:39,883 [bot] (back_handler.py).back(25) Начало обработки back. Текущее состояние: CreateRequest:wait_contract
DEBUG    2025-09-19 12:47:42,545 [bot] (back_handler.py).back(25) Начало обработки back. Текущее состояние: CreateRequest:wait_ndfl
DEBUG    2025-09-19 12:47:45,511 [bot] (back_handler.py).back(25) Начало обработки back. Текущее состояние: CreateRequest:wait_extract
DEBUG    2025-09-19 12:47:48,269 [bot] (user_request_handlers.py).creating_request_save(38) Получаю все data state
INFO     2025-09-19 12:47:48,270 [bot] (save_docs.py).create_folder(55) Создана папка clients\Макушина
INFO     2025-09-19 12:47:48,435 [bot] (save_docs.py).save_doc(91) Файл contract.pdf сохранен в clients\Макушина
INFO     2025-09-19 12:47:48,540 [bot] (save_docs.py).save_doc(91) Файл screenshot.jpg сохранен в clients\Макушина
INFO     2025-09-19 12:47:48,643 [bot] (save_docs.py).save_doc(91) Файл personal_pass.jpg сохранен в clients\Макушина
INFO     2025-09-19 12:47:48,745 [bot] (save_docs.py).save_doc(91) Файл extract.jpg сохранен в clients\Макушина
INFO     2025-09-19 12:47:48,860 [bot] (save_docs.py).save_doc(91) Файл ndfl.pdf сохранен в clients\Макушина
ERROR    2025-09-19 12:47:48,860 [bot] (user_request_handlers.py).creating_request_save(76) Не получилось сохранить заявку: 'int' object has no attribute '_saved_in_db'
Traceback (most recent call last):
  File "E:\python\bots\lawyer_bot\handlers\user\user_request_handlers.py", line 61, in creating_request_save
    await SalaryRequest.create(
    ...<8 lines>...
    )
  File "E:\python\bots\lawyer_bot\venv\Lib\site-packages\tortoise\models.py", line 1207, in create
    instance = cls(**kwargs)
  File "E:\python\bots\lawyer_bot\venv\Lib\site-packages\tortoise\models.py", line 698, in __init__
    for key in meta.fields.difference(self._set_kwargs(kwargs)):
                                      ~~~~~~~~~~~~~~~~^^^^^^^^
  File "E:\python\bots\lawyer_bot\venv\Lib\site-packages\tortoise\models.py", line 724, in _set_kwargs
    if value and not value._saved_in_db:
                     ^^^^^^^^^^^^^^^^^^
AttributeError: 'int' object has no attribute '_saved_in_db'
WARNING  2025-09-19 12:57:12,532 [bot] (main.py).start_bot(21) Бот закрыт
WARNING  2025-09-19 12:57:12,677 [bot] (main.py).<module>(43) Помощник завершены
INFO     2025-09-19 12:57:15,092 [bot] (logging_config.py)._setup_handlers(50) Логирование для 'bot' настроено успешно.
INFO     2025-09-19 13:13:03,265 [bot] (logging_config.py)._setup_handlers(50) Логирование для 'bot' настроено успешно.
INFO     2025-09-19 13:13:22,042 [bot] (logging_config.py)._setup_handlers(50) Логирование для 'bot' настроено успешно.
INFO     2025-09-19 13:13:22,505 [bot] (start_handlers.py).seed_admin(25) Проверка: seed_admin вызвана
INFO     2025-09-19 13:13:22,683 [bot] (commands.py).set_commands(20) Установил команды
DEBUG    2025-09-19 13:14:22,309 [bot] (get_user.py).get_role_user(34) Возврат роли: 484385628, admin
DEBUG    2025-09-19 13:14:22,309 [bot] (menu_keyboard.py).inline_menu_kb(14) Передаю inline_menu_kb. Роль юзера: admin
DEBUG    2025-09-19 13:15:01,843 [bot] (surname.py).creating_request_surname_save(46) введена фамилия Макушина
DEBUG    2025-09-19 13:15:01,940 [bot] (surname.py).creating_request_surname_save(63) фамилия введена
DEBUG    2025-09-19 13:15:09,101 [bot] (back_handler.py).back(25) Начало обработки back. Текущее состояние: CreateRequest:wait_surname
DEBUG    2025-09-19 13:15:10,326 [bot] (contract.py).creating_contract(21) Current state data: {'surname': 'Макушина'}
DEBUG    2025-09-19 13:15:10,327 [bot] (contract.py).creating_contract(22) contract in data: None
DEBUG    2025-09-19 13:15:16,165 [bot] (back_handler.py).back(25) Начало обработки back. Текущее состояние: CreateRequest:wait_contract
DEBUG    2025-09-19 13:15:17,635 [bot] (acc_screenshot.py).creating_request_acc_screenshot(19) Current state data: {'surname': 'Макушина', 'contract': 'BQACAgIAAxkBAAIDOmjNLTKNlcivt9BjoJkKI7is3peIAAIthAADlGhKlkHYhAfG-D82BA'}
DEBUG    2025-09-19 13:15:17,635 [bot] (acc_screenshot.py).creating_request_acc_screenshot(20) acc_screenshot in data: None
DEBUG    2025-09-19 13:15:21,443 [bot] (acc_screenshot.py).creating_request_acc_screenshot_save(40) сохраняю скрин лк
DEBUG    2025-09-19 13:15:21,516 [bot] (acc_screenshot.py).creating_request_acc_screenshot_save(54) получен скрин: None, file_id: AgACAgIAAxkBAAIDPWjNLTkEy4YIPLHH_2asv3aTkVQCAAIa_TEbAAGUaEpHkeqwabtYTwEAAwIAA3gAAzYE
DEBUG    2025-09-19 13:15:22,288 [bot] (back_handler.py).back(25) Начало обработки back. Текущее состояние: CreateRequest:wait_acc_screenshot
DEBUG    2025-09-19 13:15:29,368 [bot] (personal_pass.py).creating_request_pass_save(52) получен скрин лк: [PhotoSize(file_id='AgACAgIAAxkBAAIDQGjNLUG16G9S7i6L2-2cW6K2U9TEAAIZ_TEbAAGUaErfOIoOlST6SwEAAwIAA3MAAzYE', file_unique_id='AQADGf0xGwABlGhKeA', width=90, height=90, file_size=2199), PhotoSize(file_id='AgACAgIAAxkBAAIDQGjNLUG16G9S7i6L2-2cW6K2U9TEAAIZ_TEbAAGUaErfOIoOlST6SwEAAwIAA20AAzYE', file_unique_id='AQADGf0xGwABlGhKcg', width=320, height=320, file_size=29466), PhotoSize(file_id='AgACAgIAAxkBAAIDQGjNLUG16G9S7i6L2-2cW6K2U9TEAAIZ_TEbAAGUaErfOIoOlST6SwEAAwIAA3gAAzYE', file_unique_id='AQADGf0xGwABlGhKfQ', width=800, height=800, file_size=115826), PhotoSize(file_id='AgACAgIAAxkBAAIDQGjNLUG16G9S7i6L2-2cW6K2U9TEAAIZ_TEbAAGUaErfOIoOlST6SwEAAwIAA3kAAzYE', file_unique_id='AQADGf0xGwABlGhKfg', width=1024, height=1024, file_size=153078)], file_id: AgACAgIAAxkBAAIDQGjNLUG16G9S7i6L2-2cW6K2U9TEAAIZ_TEbAAGUaErfOIoOlST6SwEAAwIAA3kAAzYE
DEBUG    2025-09-19 13:15:30,459 [bot] (back_handler.py).back(25) Начало обработки back. Текущее состояние: CreateRequest:wait_pass
DEBUG    2025-09-19 13:15:42,607 [bot] (ndfl.py).creating_request_ndfl_save(54) получен НДФЛ: file_id: AgACAgIAAxkBAAIDPWjNLTkEy4YIPLHH_2asv3aTkVQCAAIa_TEbAAGUaEpHkeqwabtYTwEAAwIAA3gAAzYE
DEBUG    2025-09-19 13:15:43,890 [bot] (back_handler.py).back(25) Начало обработки back. Текущее состояние: CreateRequest:wait_ndfl
DEBUG    2025-09-19 13:15:50,188 [bot] (extract.py).creating_request_extract_save(55) получена выписка ИЛС: file_id: AgACAgIAAxkBAAIDRmjNLVaGYDUCuqKlpaVEy2gb6CtVAAIY_TEbAAGUaEqrEHzccw4hqwEAAwIAA3kAAzYE
DEBUG    2025-09-19 13:15:51,228 [bot] (back_handler.py).back(25) Начало обработки back. Текущее состояние: CreateRequest:wait_extract
DEBUG    2025-09-19 13:15:53,782 [bot] (back_handler.py).back(25) Начало обработки back. Текущее состояние: CreateRequest:wait_extract
DEBUG    2025-09-19 13:15:55,465 [bot] (back_handler.py).back(25) Начало обработки back. Текущее состояние: CreateRequest:wait_ndfl
DEBUG    2025-09-19 13:16:00,765 [bot] (record.py).creating_request_record_book_save(53) получен трудовой книжки: [PhotoSize(file_id='AgACAgIAAxkBAAIDPWjNLTkEy4YIPLHH_2asv3aTkVQCAAIa_TEbAAGUaEpHkeqwabtYTwEAAwIAA3MAAzYE', file_unique_id='AQADGv0xGwABlGhKeA', width=90, height=78, file_size=944), PhotoSize(file_id='AgACAgIAAxkBAAIDPWjNLTkEy4YIPLHH_2asv3aTkVQCAAIa_TEbAAGUaEpHkeqwabtYTwEAAwIAA20AAzYE', file_unique_id='AQADGv0xGwABlGhKcg', width=320, height=279, file_size=13366), PhotoSize(file_id='AgACAgIAAxkBAAIDPWjNLTkEy4YIPLHH_2asv3aTkVQCAAIa_TEbAAGUaEpHkeqwabtYTwEAAwIAA3gAAzYE', file_unique_id='AQADGv0xGwABlGhKfQ', width=596, height=520, file_size=33648)], file_id: AgACAgIAAxkBAAIDPWjNLTkEy4YIPLHH_2asv3aTkVQCAAIa_TEbAAGUaEpHkeqwabtYTwEAAwIAA3gAAzYE
DEBUG    2025-09-19 13:16:01,703 [bot] (back_handler.py).back(25) Начало обработки back. Текущее состояние: CreateRequest:wait_record_book
DEBUG    2025-09-19 13:16:06,548 [bot] (back_handler.py).back(25) Начало обработки back. Текущее состояние: CreateRequest:wait_comment
DEBUG    2025-09-19 13:16:08,324 [bot] (user_request_handlers.py).creating_request_save(40) Получаю все data state
INFO     2025-09-19 13:16:08,325 [bot] (save_docs.py).create_folder(55) Создана папка clients\Макушина
INFO     2025-09-19 13:16:08,490 [bot] (save_docs.py).save_doc(91) Файл contract.pdf сохранен в clients\Макушина
INFO     2025-09-19 13:16:08,600 [bot] (save_docs.py).save_doc(91) Файл screenshot.jpg сохранен в clients\Макушина
INFO     2025-09-19 13:16:08,811 [bot] (save_docs.py).save_doc(91) Файл personal_pass.jpg сохранен в clients\Макушина
INFO     2025-09-19 13:16:08,969 [bot] (save_docs.py).save_doc(91) Файл extract.jpg сохранен в clients\Макушина
INFO     2025-09-19 13:16:09,214 [bot] (save_docs.py).save_doc(91) Файл ndfl.jpg сохранен в clients\Макушина
INFO     2025-09-19 13:16:09,230 [bot] (user_request_handlers.py).creating_request_save(73) Новый запрос по отпускным
INFO     2025-09-19 13:16:09,740 [bot] (send_messages.py)._send_notification(36) Попытка отправки админу 2
DEBUG    2025-09-19 13:16:09,832 [bot] (get_user.py).get_role_user(34) Возврат роли: 484385628, admin
DEBUG    2025-09-19 13:16:09,833 [bot] (menu_keyboard.py).inline_menu_kb(14) Передаю inline_menu_kb. Роль юзера: admin
DEBUG    2025-09-19 13:21:52,543 [bot] (back_handler.py).back(25) Начало обработки back. Текущее состояние: AdminMenuState:admin_menu
WARNING  2025-09-19 13:22:31,448 [bot] (main.py).start_bot(21) Бот закрыт
INFO     2025-09-19 13:22:34,142 [bot] (logging_config.py)._setup_handlers(50) Логирование для 'bot' настроено успешно.
INFO     2025-09-19 13:22:34,612 [bot] (start_handlers.py).seed_admin(25) Проверка: seed_admin вызвана
INFO     2025-09-19 13:22:34,803 [bot] (commands.py).set_commands(20) Установил команды
DEBUG    2025-09-19 13:22:36,536 [bot] (get_user.py).get_role_user(34) Возврат роли: 484385628, admin
DEBUG    2025-09-19 13:22:36,536 [bot] (menu_keyboard.py).inline_menu_kb(14) Передаю inline_menu_kb. Роль юзера: admin
DEBUG    2025-09-19 13:22:43,282 [bot] (back_handler.py).back(25) Начало обработки back. Текущее состояние: MenuState:admin_menu
DEBUG    2025-09-19 13:22:43,283 [bot] (get_user.py).get_role_user(34) Возврат роли: 484385628, admin
DEBUG    2025-09-19 13:22:43,283 [bot] (menu_keyboard.py).inline_menu_kb(14) Передаю inline_menu_kb. Роль юзера: admin
WARNING  2025-09-19 13:28:51,184 [bot] (main.py).start_bot(21) Бот закрыт
WARNING  2025-09-19 13:28:51,348 [bot] (main.py).<module>(43) Помощник завершены
INFO     2025-09-19 13:28:53,656 [bot] (logging_config.py)._setup_handlers(50) Логирование для 'bot' настроено успешно.
INFO     2025-09-19 13:28:54,109 [bot] (start_handlers.py).seed_admin(25) Проверка: seed_admin вызвана
INFO     2025-09-19 13:28:54,331 [bot] (commands.py).set_commands(20) Установил команды
DEBUG    2025-09-19 13:28:57,319 [bot] (get_user.py).get_role_user(34) Возврат роли: 484385628, admin
DEBUG    2025-09-19 13:28:57,319 [bot] (menu_keyboard.py).inline_menu_kb(14) Передаю inline_menu_kb. Роль юзера: admin
WARNING  2025-09-19 13:33:11,471 [bot] (main.py).start_bot(21) Бот закрыт
INFO     2025-09-19 13:33:14,105 [bot] (logging_config.py)._setup_handlers(50) Логирование для 'bot' настроено успешно.
INFO     2025-09-19 13:33:14,550 [bot] (start_handlers.py).seed_admin(25) Проверка: seed_admin вызвана
INFO     2025-09-19 13:33:14,772 [bot] (commands.py).set_commands(20) Установил команды
DEBUG    2025-09-19 13:33:24,022 [bot] (get_user.py).get_role_user(34) Возврат роли: 484385628, admin
DEBUG    2025-09-19 13:33:24,022 [bot] (menu_keyboard.py).inline_menu_kb(14) Передаю inline_menu_kb. Роль юзера: admin
WARNING  2025-09-19 13:35:14,377 [bot] (main.py).start_bot(21) Бот закрыт
INFO     2025-09-19 13:35:17,034 [bot] (logging_config.py)._setup_handlers(50) Логирование для 'bot' настроено успешно.
INFO     2025-09-19 13:35:17,497 [bot] (start_handlers.py).seed_admin(25) Проверка: seed_admin вызвана
INFO     2025-09-19 13:35:17,789 [bot] (commands.py).set_commands(20) Установил команды
DEBUG    2025-09-19 13:35:20,715 [bot] (get_user.py).get_role_user(34) Возврат роли: 484385628, admin
DEBUG    2025-09-19 13:35:20,716 [bot] (menu_keyboard.py).inline_menu_kb(14) Передаю inline_menu_kb. Роль юзера: admin
DEBUG    2025-09-19 13:35:24,469 [bot] (back_handler.py).back(25) Начало обработки back. Текущее состояние: AdminMenuState:requests_menu
DEBUG    2025-09-19 13:36:38,184 [bot] (get_user.py).get_role_user(34) Возврат роли: 484385628, admin
DEBUG    2025-09-19 13:36:38,185 [bot] (menu_keyboard.py).inline_menu_kb(14) Передаю inline_menu_kb. Роль юзера: admin
WARNING  2025-09-19 13:37:41,402 [bot] (main.py).start_bot(21) Бот закрыт
INFO     2025-09-19 13:37:44,059 [bot] (logging_config.py)._setup_handlers(50) Логирование для 'bot' настроено успешно.
INFO     2025-09-19 13:37:44,615 [bot] (start_handlers.py).seed_admin(25) Проверка: seed_admin вызвана
INFO     2025-09-19 13:37:44,852 [bot] (commands.py).set_commands(20) Установил команды
DEBUG    2025-09-19 13:37:46,649 [bot] (get_user.py).get_role_user(34) Возврат роли: 484385628, admin
DEBUG    2025-09-19 13:37:46,650 [bot] (menu_keyboard.py).inline_menu_kb(14) Передаю inline_menu_kb. Роль юзера: admin
DEBUG    2025-09-19 13:37:50,370 [bot] (back_handler.py).back(26) Начало обработки back. Текущее состояние: AdminMenuState:requests_menu
DEBUG    2025-09-19 13:37:53,774 [bot] (get_statistic_handlers.py).get_statistic(27) State MenuState:admin_menu
DEBUG    2025-09-19 13:37:54,727 [bot] (get_statistic_handlers.py).get_period_statistic(58) Выбор даты: get_period_statistic StatsState:waiting_date
DEBUG    2025-09-19 13:38:26,143 [bot] (get_user.py).get_role_user(34) Возврат роли: 484385628, admin
DEBUG    2025-09-19 13:38:26,143 [bot] (menu_keyboard.py).inline_menu_kb(14) Передаю inline_menu_kb. Роль юзера: admin
DEBUG    2025-09-19 13:38:30,053 [bot] (get_statistic_handlers.py).get_statistic(27) State MenuState:admin_menu
DEBUG    2025-09-19 13:38:30,889 [bot] (back_handler.py).back(26) Начало обработки back. Текущее состояние: AdminMenuState:statistic_menu
WARNING  2025-09-19 13:39:05,156 [bot] (main.py).start_bot(21) Бот закрыт
WARNING  2025-09-19 13:39:05,308 [bot] (main.py).<module>(43) Помощник завершены
INFO     2025-09-19 13:39:07,662 [bot] (logging_config.py)._setup_handlers(50) Логирование для 'bot' настроено успешно.
INFO     2025-09-19 13:39:08,109 [bot] (start_handlers.py).seed_admin(25) Проверка: seed_admin вызвана
INFO     2025-09-19 13:39:08,284 [bot] (commands.py).set_commands(20) Установил команды
DEBUG    2025-09-19 13:39:09,180 [bot] (get_user.py).get_role_user(34) Возврат роли: 484385628, admin
DEBUG    2025-09-19 13:39:09,180 [bot] (menu_keyboard.py).inline_menu_kb(14) Передаю inline_menu_kb. Роль юзера: admin
DEBUG    2025-09-19 13:39:12,880 [bot] (back_handler.py).back(26) Начало обработки back. Текущее состояние: AdminMenuState:requests_menu
DEBUG    2025-09-19 13:39:14,059 [bot] (get_statistic_handlers.py).get_statistic(27) State MenuState:admin_menu
DEBUG    2025-09-19 13:39:15,621 [bot] (back_handler.py).back(26) Начало обработки back. Текущее состояние: AdminMenuState:statistic_menu
DEBUG    2025-09-19 13:39:17,773 [bot] (back_handler.py).back(26) Начало обработки back. Текущее состояние: MenuState:admin_menu
DEBUG    2025-09-19 13:39:17,774 [bot] (get_user.py).get_role_user(34) Возврат роли: 484385628, admin
DEBUG    2025-09-19 13:39:17,774 [bot] (menu_keyboard.py).inline_menu_kb(14) Передаю inline_menu_kb. Роль юзера: admin
WARNING  2025-09-19 13:39:37,859 [bot] (main.py).start_bot(21) Бот закрыт
INFO     2025-09-19 13:39:40,350 [bot] (logging_config.py)._setup_handlers(50) Логирование для 'bot' настроено успешно.
INFO     2025-09-19 13:39:40,948 [bot] (start_handlers.py).seed_admin(25) Проверка: seed_admin вызвана
INFO     2025-09-19 13:39:41,172 [bot] (commands.py).set_commands(20) Установил команды
DEBUG    2025-09-19 13:39:50,717 [bot] (get_user.py).get_role_user(34) Возврат роли: 484385628, admin
DEBUG    2025-09-19 13:39:50,717 [bot] (menu_keyboard.py).inline_menu_kb(14) Передаю inline_menu_kb. Роль юзера: admin
WARNING  2025-09-19 13:43:08,936 [bot] (main.py).start_bot(21) Бот закрыт
INFO     2025-09-19 13:43:11,346 [bot] (logging_config.py)._setup_handlers(50) Логирование для 'bot' настроено успешно.
INFO     2025-09-19 13:43:11,888 [bot] (start_handlers.py).seed_admin(25) Проверка: seed_admin вызвана
INFO     2025-09-19 13:43:12,156 [bot] (commands.py).set_commands(20) Установил команды
DEBUG    2025-09-19 13:43:20,359 [bot] (back_handler.py).back(26) Начало обработки back. Текущее состояние: AnswerState:answer
DEBUG    2025-09-19 13:43:23,352 [bot] (back_handler.py).back(26) Начало обработки back. Текущее состояние: AnswerState:docs_questions
DEBUG    2025-09-19 13:43:31,812 [bot] (back_handler.py).back(26) Начало обработки back. Текущее состояние: AnswerState:answer
DEBUG    2025-09-19 13:43:34,232 [bot] (back_handler.py).back(26) Начало обработки back. Текущее состояние: AnswerState:docs_questions
DEBUG    2025-09-19 13:43:35,010 [bot] (get_user.py).get_role_user(34) Возврат роли: 484385628, admin
DEBUG    2025-09-19 13:43:35,011 [bot] (menu_keyboard.py).inline_menu_kb(14) Передаю inline_menu_kb. Роль юзера: admin
WARNING  2025-09-19 13:59:42,164 [bot] (main.py).start_bot(21) Бот закрыт
WARNING  2025-09-19 13:59:42,324 [bot] (main.py).<module>(43) Помощник завершены
INFO     2025-09-22 10:16:08,023 [bot] (logging_config.py)._setup_handlers(50) Логирование для 'bot' настроено успешно.
INFO     2025-09-22 10:16:09,741 [bot] (start_handlers.py).seed_admin(25) Проверка: seed_admin вызвана
INFO     2025-09-22 10:16:09,941 [bot] (commands.py).set_commands(20) Установил команды
WARNING  2025-09-22 10:16:25,649 [bot] (main.py).start_bot(21) Бот закрыт
WARNING  2025-09-22 10:16:25,802 [bot] (main.py).<module>(43) Помощник завершены
INFO     2025-09-22 10:17:44,535 [bot] (logging_config.py)._setup_handlers(50) Логирование для 'bot' настроено успешно.
INFO     2025-09-22 10:17:45,094 [bot] (start_handlers.py).seed_admin(25) Проверка: seed_admin вызвана
INFO     2025-09-22 10:17:45,454 [bot] (commands.py).set_commands(20) Установил команды
DEBUG    2025-09-22 10:17:50,513 [bot] (get_user.py).get_role_user(34) Возврат роли: 484385628, admin
DEBUG    2025-09-22 10:17:50,513 [bot] (menu_keyboard.py).inline_menu_kb(14) Передаю inline_menu_kb. Роль юзера: admin
DEBUG    2025-09-22 10:18:24,609 [bot] (get_user.py).get_role_user(34) Возврат роли: 484385628, admin
DEBUG    2025-09-22 10:18:24,609 [bot] (menu_keyboard.py).inline_menu_kb(14) Передаю inline_menu_kb. Роль юзера: admin
DEBUG    2025-09-22 10:18:28,472 [bot] (get_user.py).get_role_user(34) Возврат роли: 484385628, admin
DEBUG    2025-09-22 10:18:28,472 [bot] (menu_keyboard.py).inline_menu_kb(14) Передаю inline_menu_kb. Роль юзера: admin
WARNING  2025-09-22 10:21:54,310 [bot] (main.py).start_bot(21) Бот закрыт
INFO     2025-09-22 10:21:57,500 [bot] (logging_config.py)._setup_handlers(50) Логирование для 'bot' настроено успешно.
INFO     2025-09-22 10:22:10,060 [bot] (logging_config.py)._setup_handlers(50) Логирование для 'bot' настроено успешно.
INFO     2025-09-22 10:22:10,486 [bot] (start_handlers.py).seed_admin(26) Проверка: seed_admin вызвана
INFO     2025-09-22 10:22:10,685 [bot] (commands.py).set_commands(20) Установил команды
INFO     2025-09-22 10:22:13,336 [bot] (start_handlers.py).get_start(74) Зарегистрированный пользователь взаимодействует с ботом 484385628
DEBUG    2025-09-22 10:22:13,337 [bot] (get_user.py).get_role_user(34) Возврат роли: 484385628, admin
DEBUG    2025-09-22 10:22:13,337 [bot] (menu_keyboard.py).inline_menu_kb(14) Передаю inline_menu_kb. Роль юзера: admin
WARNING  2025-09-22 10:28:48,277 [bot] (main.py).start_bot(21) Бот закрыт
WARNING  2025-09-22 10:28:48,441 [bot] (main.py).<module>(43) Помощник завершены
INFO     2025-09-22 10:28:50,778 [bot] (logging_config.py)._setup_handlers(50) Логирование для 'bot' настроено успешно.
INFO     2025-09-22 10:28:51,243 [bot] (start_handlers.py).seed_admin(26) Проверка: seed_admin вызвана
INFO     2025-09-22 10:28:51,425 [bot] (commands.py).set_commands(20) Установил команды
INFO     2025-09-22 10:28:53,772 [bot] (start_handlers.py).get_start(74) Зарегистрированный пользователь взаимодействует с ботом 484385628
DEBUG    2025-09-22 10:28:53,773 [bot] (get_user.py).get_role_user(34) Возврат роли: 484385628, admin
DEBUG    2025-09-22 10:28:53,773 [bot] (menu_keyboard.py).inline_menu_kb(14) Передаю inline_menu_kb. Роль юзера: admin
WARNING  2025-09-22 11:52:27,681 [bot] (main.py).start_bot(21) Бот закрыт
WARNING  2025-09-22 11:52:27,867 [bot] (main.py).<module>(43) Помощник завершены
INFO     2025-09-22 11:52:30,413 [bot] (logging_config.py)._setup_handlers(50) Логирование для 'bot' настроено успешно.
INFO     2025-09-22 11:52:31,073 [bot] (start_handlers.py).seed_admin(26) Проверка: seed_admin вызвана
INFO     2025-09-22 11:52:31,601 [bot] (commands.py).set_commands(20) Установил команды
INFO     2025-09-22 11:52:35,020 [bot] (start_handlers.py).get_start(70) Зарегистрированный пользователь взаимодействует с ботом 484385628
DEBUG    2025-09-22 11:52:35,021 [bot] (get_user.py).get_role_user(34) Возврат роли: 484385628, admin
DEBUG    2025-09-22 11:52:35,021 [bot] (menu_keyboard.py).inline_menu_kb(14) Передаю inline_menu_kb. Роль юзера: admin
WARNING  2025-09-22 12:31:52,216 [bot] (main.py).start_bot(21) Бот закрыт
WARNING  2025-09-22 12:31:52,372 [bot] (main.py).<module>(43) Помощник завершены
INFO     2025-09-22 12:31:55,812 [bot] (logging_config.py)._setup_handlers(50) Логирование для 'bot' настроено успешно.
INFO     2025-09-22 12:31:56,470 [bot] (start_handlers.py).seed_admin(26) Проверка: seed_admin вызвана
INFO     2025-09-22 12:31:56,795 [bot] (commands.py).set_commands(20) Установил команды
INFO     2025-09-22 12:32:48,752 [bot] (logging_config.py)._setup_handlers(50) Логирование для 'bot' настроено успешно.
INFO     2025-09-22 12:32:49,176 [bot] (start_handlers.py).seed_admin(26) Проверка: seed_admin вызвана
INFO     2025-09-22 12:32:49,339 [bot] (commands.py).set_commands(20) Установил команды
INFO     2025-09-22 13:18:52,963 [bot] (logging_config.py)._setup_handlers(50) Логирование для 'bot' настроено успешно.
INFO     2025-09-22 13:18:53,422 [bot] (start_handlers.py).seed_admin(26) Проверка: seed_admin вызвана
INFO     2025-09-22 13:18:53,603 [bot] (commands.py).set_commands(20) Установил команды
INFO     2025-09-22 13:20:26,699 [bot] (logging_config.py)._setup_handlers(50) Логирование для 'bot' настроено успешно.
INFO     2025-09-22 13:20:27,246 [bot] (start_handlers.py).seed_admin(26) Проверка: seed_admin вызвана
INFO     2025-09-22 13:20:27,434 [bot] (commands.py).set_commands(20) Установил команды
INFO     2025-09-22 13:21:38,886 [bot] (logging_config.py)._setup_handlers(50) Логирование для 'bot' настроено успешно.
INFO     2025-09-22 13:21:39,460 [bot] (start_handlers.py).seed_admin(26) Проверка: seed_admin вызвана
INFO     2025-09-22 13:21:39,686 [bot] (commands.py).set_commands(20) Установил команды
INFO     2025-09-22 13:21:51,663 [bot] (logging_config.py)._setup_handlers(50) Логирование для 'bot' настроено успешно.
INFO     2025-09-22 13:21:52,211 [bot] (start_handlers.py).seed_admin(26) Проверка: seed_admin вызвана
INFO     2025-09-22 13:21:52,464 [bot] (commands.py).set_commands(20) Установил команды
WARNING  2025-09-22 13:22:02,222 [bot] (main.py).start_bot(21) Бот закрыт
WARNING  2025-09-22 13:22:02,420 [bot] (main.py).<module>(43) Помощник завершены
INFO     2025-09-22 13:22:04,633 [bot] (logging_config.py)._setup_handlers(50) Логирование для 'bot' настроено успешно.
INFO     2025-09-22 13:22:05,183 [bot] (start_handlers.py).seed_admin(26) Проверка: seed_admin вызвана
INFO     2025-09-22 13:22:05,363 [bot] (commands.py).set_commands(20) Установил команды
INFO     2025-09-22 13:22:14,144 [bot] (logging_config.py)._setup_handlers(50) Логирование для 'bot' настроено успешно.
INFO     2025-09-22 13:22:14,680 [bot] (start_handlers.py).seed_admin(26) Проверка: seed_admin вызвана
INFO     2025-09-22 13:22:14,946 [bot] (commands.py).set_commands(20) Установил команды
INFO     2025-09-22 13:22:18,795 [bot] (start_handlers.py).get_start(70) Зарегистрированный пользователь взаимодействует с ботом 484385628
DEBUG    2025-09-22 13:22:18,796 [bot] (get_user.py).get_role_user(34) Возврат роли: 484385628, admin
DEBUG    2025-09-22 13:22:18,796 [bot] (menu_keyboard.py).inline_menu_kb(14) Передаю inline_menu_kb. Роль юзера: admin
DEBUG    2025-09-22 13:22:21,032 [bot] (back_handler.py).back(26) Начало обработки back. Текущее состояние: UserState:request
DEBUG    2025-09-22 13:22:21,033 [bot] (get_user.py).get_role_user(34) Возврат роли: 484385628, admin
DEBUG    2025-09-22 13:22:21,033 [bot] (menu_keyboard.py).inline_menu_kb(14) Передаю inline_menu_kb. Роль юзера: admin
DEBUG    2025-09-22 13:22:23,178 [bot] (back_handler.py).back(26) Начало обработки back. Текущее состояние: MenuState:admin_menu
DEBUG    2025-09-22 13:22:23,179 [bot] (get_user.py).get_role_user(34) Возврат роли: 484385628, admin
DEBUG    2025-09-22 13:22:23,179 [bot] (menu_keyboard.py).inline_menu_kb(14) Передаю inline_menu_kb. Роль юзера: admin
WARNING  2025-09-22 13:23:59,208 [bot] (main.py).start_bot(21) Бот закрыт
INFO     2025-09-22 13:24:01,863 [bot] (logging_config.py)._setup_handlers(50) Логирование для 'bot' настроено успешно.
INFO     2025-09-22 13:24:02,422 [bot] (start_handlers.py).seed_admin(26) Проверка: seed_admin вызвана
INFO     2025-09-22 13:24:02,611 [bot] (commands.py).set_commands(20) Установил команды
INFO     2025-09-22 13:26:27,406 [bot] (logging_config.py)._setup_handlers(50) Логирование для 'bot' настроено успешно.
INFO     2025-09-22 13:26:27,959 [bot] (start_handlers.py).seed_admin(26) Проверка: seed_admin вызвана
INFO     2025-09-22 13:26:28,144 [bot] (commands.py).set_commands(20) Установил команды
WARNING  2025-09-22 13:27:22,269 [bot] (main.py).start_bot(21) Бот закрыт
INFO     2025-09-22 13:27:24,864 [bot] (logging_config.py)._setup_handlers(50) Логирование для 'bot' настроено успешно.
INFO     2025-09-22 13:27:25,325 [bot] (start_handlers.py).seed_admin(26) Проверка: seed_admin вызвана
INFO     2025-09-22 13:27:25,494 [bot] (commands.py).set_commands(20) Установил команды
INFO     2025-09-22 13:27:47,014 [bot] (start_handlers.py).get_start(70) Зарегистрированный пользователь взаимодействует с ботом 484385628
DEBUG    2025-09-22 13:27:47,015 [bot] (get_user.py).get_role_user(34) Возврат роли: 484385628, admin
DEBUG    2025-09-22 13:27:47,015 [bot] (menu_keyboard.py).inline_menu_kb(14) Передаю inline_menu_kb. Роль юзера: admin
DEBUG    2025-09-22 13:27:50,583 [bot] (back_handler.py).back(26) Начало обработки back. Текущее состояние: UserState:request
DEBUG    2025-09-22 13:27:50,584 [bot] (get_user.py).get_role_user(34) Возврат роли: 484385628, admin
DEBUG    2025-09-22 13:27:50,584 [bot] (menu_keyboard.py).inline_menu_kb(14) Передаю inline_menu_kb. Роль юзера: admin
WARNING  2025-09-22 13:31:24,364 [bot] (main.py).start_bot(21) Бот закрыт
INFO     2025-09-22 13:31:26,962 [bot] (logging_config.py)._setup_handlers(50) Логирование для 'bot' настроено успешно.
INFO     2025-09-22 13:31:27,392 [bot] (start_handlers.py).seed_admin(26) Проверка: seed_admin вызвана
INFO     2025-09-22 13:31:27,634 [bot] (commands.py).set_commands(20) Установил команды
INFO     2025-09-22 13:31:31,116 [bot] (start_handlers.py).get_start(70) Зарегистрированный пользователь взаимодействует с ботом 484385628
DEBUG    2025-09-22 13:31:31,117 [bot] (get_user.py).get_role_user(34) Возврат роли: 484385628, admin
DEBUG    2025-09-22 13:31:31,118 [bot] (menu_keyboard.py).inline_menu_kb(14) Передаю inline_menu_kb. Роль юзера: admin
WARNING  2025-09-22 13:33:46,371 [bot] (main.py).start_bot(21) Бот закрыт
WARNING  2025-09-22 13:33:46,529 [bot] (main.py).<module>(43) Помощник завершены
INFO     2025-09-22 13:33:48,997 [bot] (logging_config.py)._setup_handlers(50) Логирование для 'bot' настроено успешно.
INFO     2025-09-22 13:33:49,434 [bot] (start_handlers.py).seed_admin(26) Проверка: seed_admin вызвана
INFO     2025-09-22 13:33:49,618 [bot] (commands.py).set_commands(20) Установил команды
INFO     2025-09-22 13:33:53,906 [bot] (start_handlers.py).get_start(70) Зарегистрированный пользователь взаимодействует с ботом 484385628
DEBUG    2025-09-22 13:33:53,907 [bot] (get_user.py).get_role_user(34) Возврат роли: 484385628, admin
DEBUG    2025-09-22 13:33:53,907 [bot] (menu_keyboard.py).inline_menu_kb(14) Передаю inline_menu_kb. Роль юзера: admin
ERROR    2025-09-22 13:33:59,556 [bot] (users_requests.py).show_user_request(44) 'Message' object has no attribute 'chat_id'
Traceback (most recent call last):
  File "E:\python\bots\lawyer_bot\handlers\admin\users_requests.py", line 40, in show_user_request
    await bot.send_document(chat_id=call.message.chat_id, caption=f"*Заявка от {document.user_id.second_name}:*",
                                    ^^^^^^^^^^^^^^^^^^^^
  File "E:\python\bots\lawyer_bot\venv\Lib\site-packages\pydantic\main.py", line 991, in __getattr__
    raise AttributeError(f'{type(self).__name__!r} object has no attribute {item!r}')
AttributeError: 'Message' object has no attribute 'chat_id'
WARNING  2025-09-22 13:34:30,820 [bot] (main.py).start_bot(21) Бот закрыт
INFO     2025-09-22 13:34:33,291 [bot] (logging_config.py)._setup_handlers(50) Логирование для 'bot' настроено успешно.
INFO     2025-09-22 13:34:33,725 [bot] (start_handlers.py).seed_admin(26) Проверка: seed_admin вызвана
INFO     2025-09-22 13:34:33,917 [bot] (commands.py).set_commands(20) Установил команды
INFO     2025-09-22 13:34:36,323 [bot] (start_handlers.py).get_start(70) Зарегистрированный пользователь взаимодействует с ботом 484385628
DEBUG    2025-09-22 13:34:36,324 [bot] (get_user.py).get_role_user(34) Возврат роли: 484385628, admin
DEBUG    2025-09-22 13:34:36,324 [bot] (menu_keyboard.py).inline_menu_kb(14) Передаю inline_menu_kb. Роль юзера: admin
ERROR    2025-09-22 13:34:40,378 [bot] (users_requests.py).show_user_request(44) Telegram server says - Bad Request: invalid file HTTP URL specified: Disallowed character in URL host
Traceback (most recent call last):
  File "E:\python\bots\lawyer_bot\handlers\admin\users_requests.py", line 40, in show_user_request
    await bot.send_document(chat_id=call.from_user.id, caption=f"*Заявка от {document.user_id.second_name}:*",
                            document=document.contract)
  File "E:\python\bots\lawyer_bot\venv\Lib\site-packages\aiogram\client\bot.py", line 2500, in send_document
    return await self(call, request_timeout=request_timeout)
           ^^^^^^^^^^^^^^^^^^^^^^^^^^^^^^^^^^^^^^^^^^^^^^^^^
  File "E:\python\bots\lawyer_bot\venv\Lib\site-packages\aiogram\client\bot.py", line 478, in __call__
    return await self.session(self, method, timeout=request_timeout)
           ^^^^^^^^^^^^^^^^^^^^^^^^^^^^^^^^^^^^^^^^^^^^^^^^^^^^^^^^^
  File "E:\python\bots\lawyer_bot\venv\Lib\site-packages\aiogram\client\session\base.py", line 254, in __call__
    return cast(TelegramType, await middleware(bot, method))
                              ^^^^^^^^^^^^^^^^^^^^^^^^^^^^^
  File "E:\python\bots\lawyer_bot\venv\Lib\site-packages\aiogram\client\session\aiohttp.py", line 185, in make_request
    response = self.check_response(
        bot=bot, method=method, status_code=resp.status, content=raw_result
    )
  File "E:\python\bots\lawyer_bot\venv\Lib\site-packages\aiogram\client\session\base.py", line 120, in check_response
    raise TelegramBadRequest(method=method, message=description)
aiogram.exceptions.TelegramBadRequest: Telegram server says - Bad Request: invalid file HTTP URL specified: Disallowed character in URL host
WARNING  2025-09-22 13:35:35,639 [bot] (main.py).start_bot(21) Бот закрыт
INFO     2025-09-22 13:35:38,232 [bot] (logging_config.py)._setup_handlers(50) Логирование для 'bot' настроено успешно.
INFO     2025-09-22 13:35:38,693 [bot] (start_handlers.py).seed_admin(26) Проверка: seed_admin вызвана
INFO     2025-09-22 13:35:38,891 [bot] (commands.py).set_commands(20) Установил команды
ERROR    2025-09-22 13:35:40,339 [bot] (users_requests.py).show_user_request(44) Telegram server says - Bad Request: invalid file HTTP URL specified: Disallowed character in URL host
Traceback (most recent call last):
  File "E:\python\bots\lawyer_bot\handlers\admin\users_requests.py", line 40, in show_user_request
    await bot.send_photo(chat_id=call.from_user.id, caption=f"*Заявка от {document.user_id.second_name}:*",
                            photo=document.contract)
  File "E:\python\bots\lawyer_bot\venv\Lib\site-packages\aiogram\client\bot.py", line 2920, in send_photo
    return await self(call, request_timeout=request_timeout)
           ^^^^^^^^^^^^^^^^^^^^^^^^^^^^^^^^^^^^^^^^^^^^^^^^^
  File "E:\python\bots\lawyer_bot\venv\Lib\site-packages\aiogram\client\bot.py", line 478, in __call__
    return await self.session(self, method, timeout=request_timeout)
           ^^^^^^^^^^^^^^^^^^^^^^^^^^^^^^^^^^^^^^^^^^^^^^^^^^^^^^^^^
  File "E:\python\bots\lawyer_bot\venv\Lib\site-packages\aiogram\client\session\base.py", line 254, in __call__
    return cast(TelegramType, await middleware(bot, method))
                              ^^^^^^^^^^^^^^^^^^^^^^^^^^^^^
  File "E:\python\bots\lawyer_bot\venv\Lib\site-packages\aiogram\client\session\aiohttp.py", line 185, in make_request
    response = self.check_response(
        bot=bot, method=method, status_code=resp.status, content=raw_result
    )
  File "E:\python\bots\lawyer_bot\venv\Lib\site-packages\aiogram\client\session\base.py", line 120, in check_response
    raise TelegramBadRequest(method=method, message=description)
aiogram.exceptions.TelegramBadRequest: Telegram server says - Bad Request: invalid file HTTP URL specified: Disallowed character in URL host
INFO     2025-09-22 13:35:43,265 [bot] (start_handlers.py).get_start(70) Зарегистрированный пользователь взаимодействует с ботом 484385628
DEBUG    2025-09-22 13:35:43,266 [bot] (get_user.py).get_role_user(34) Возврат роли: 484385628, admin
DEBUG    2025-09-22 13:35:43,266 [bot] (menu_keyboard.py).inline_menu_kb(14) Передаю inline_menu_kb. Роль юзера: admin
ERROR    2025-09-22 13:35:47,255 [bot] (users_requests.py).show_user_request(44) Telegram server says - Bad Request: invalid file HTTP URL specified: Disallowed character in URL host
Traceback (most recent call last):
  File "E:\python\bots\lawyer_bot\handlers\admin\users_requests.py", line 40, in show_user_request
    await bot.send_photo(chat_id=call.from_user.id, caption=f"*Заявка от {document.user_id.second_name}:*",
                            photo=document.contract)
  File "E:\python\bots\lawyer_bot\venv\Lib\site-packages\aiogram\client\bot.py", line 2920, in send_photo
    return await self(call, request_timeout=request_timeout)
           ^^^^^^^^^^^^^^^^^^^^^^^^^^^^^^^^^^^^^^^^^^^^^^^^^
  File "E:\python\bots\lawyer_bot\venv\Lib\site-packages\aiogram\client\bot.py", line 478, in __call__
    return await self.session(self, method, timeout=request_timeout)
           ^^^^^^^^^^^^^^^^^^^^^^^^^^^^^^^^^^^^^^^^^^^^^^^^^^^^^^^^^
  File "E:\python\bots\lawyer_bot\venv\Lib\site-packages\aiogram\client\session\base.py", line 254, in __call__
    return cast(TelegramType, await middleware(bot, method))
                              ^^^^^^^^^^^^^^^^^^^^^^^^^^^^^
  File "E:\python\bots\lawyer_bot\venv\Lib\site-packages\aiogram\client\session\aiohttp.py", line 185, in make_request
    response = self.check_response(
        bot=bot, method=method, status_code=resp.status, content=raw_result
    )
  File "E:\python\bots\lawyer_bot\venv\Lib\site-packages\aiogram\client\session\base.py", line 120, in check_response
    raise TelegramBadRequest(method=method, message=description)
aiogram.exceptions.TelegramBadRequest: Telegram server says - Bad Request: invalid file HTTP URL specified: Disallowed character in URL host
WARNING  2025-09-22 13:50:50,437 [bot] (main.py).start_bot(21) Бот закрыт
WARNING  2025-09-22 13:50:50,583 [bot] (main.py).<module>(43) Помощник завершены
INFO     2025-09-22 13:50:53,111 [bot] (logging_config.py)._setup_handlers(50) Логирование для 'bot' настроено успешно.
INFO     2025-09-22 13:50:53,604 [bot] (start_handlers.py).seed_admin(26) Проверка: seed_admin вызвана
INFO     2025-09-22 13:50:54,200 [bot] (commands.py).set_commands(20) Установил команды
INFO     2025-09-22 13:50:59,578 [bot] (start_handlers.py).get_start(70) Зарегистрированный пользователь взаимодействует с ботом 484385628
DEBUG    2025-09-22 13:50:59,579 [bot] (get_user.py).get_role_user(34) Возврат роли: 484385628, admin
DEBUG    2025-09-22 13:50:59,579 [bot] (menu_keyboard.py).inline_menu_kb(14) Передаю inline_menu_kb. Роль юзера: admin
ERROR    2025-09-22 13:51:03,252 [bot] (users_requests.py).show_user_request(47) HTTP Client says - ClientOSError: [Errno 2] Can not write request body for https://api.telegram.org/bot7693453113:AAFoCltX6v5cl19OiOvcM_Vwta9r4fP2OVo/sendDocument
Traceback (most recent call last):
  File "E:\python\bots\lawyer_bot\venv\Lib\site-packages\aiohttp\client_reqrep.py", line 658, in write_bytes
    await self.body.write(writer)
  File "E:\python\bots\lawyer_bot\venv\Lib\site-packages\aiohttp\multipart.py", line 1008, in write
    await part.write(writer)
  File "E:\python\bots\lawyer_bot\venv\Lib\site-packages\aiohttp\payload.py", line 494, in write
    chunk = await self._iter.__anext__()
            ^^^^^^^^^^^^^^^^^^^^^^^^^^^^
  File "E:\python\bots\lawyer_bot\venv\Lib\site-packages\aiogram\types\input_file.py", line 103, in read
    async with aiofiles.open(self.path, "rb") as f:
               ~~~~~~~~~~~~~^^^^^^^^^^^^^^^^^
  File "E:\python\bots\lawyer_bot\venv\Lib\site-packages\aiofiles\base.py", line 63, in __aenter__
    return await self
           ^^^^^^^^^^
  File "E:\python\bots\lawyer_bot\venv\Lib\site-packages\aiofiles\base.py", line 59, in __await__
    self._obj = yield from self._coro.__await__()
                ^^^^^^^^^^^^^^^^^^^^^^^^^^^^^^^^^
  File "E:\python\bots\lawyer_bot\venv\Lib\site-packages\aiofiles\threadpool\__init__.py", line 92, in _open
    f = await loop.run_in_executor(executor, cb)
        ^^^^^^^^^^^^^^^^^^^^^^^^^^^^^^^^^^^^^^^^
  File "C:\Python313\Lib\concurrent\futures\thread.py", line 59, in run
    result = self.fn(*self.args, **self.kwargs)
FileNotFoundError: [Errno 2] No such file or directory: 'clients/Макушина/clients\\Макушина\\contract.pdf'

The above exception was the direct cause of the following exception:

Traceback (most recent call last):
  File "E:\python\bots\lawyer_bot\venv\Lib\site-packages\aiogram\client\session\aiohttp.py", line 177, in make_request
    async with session.post(
               ~~~~~~~~~~~~^
        url, data=form, timeout=self.timeout if timeout is None else timeout
        ^^^^^^^^^^^^^^^^^^^^^^^^^^^^^^^^^^^^^^^^^^^^^^^^^^^^^^^^^^^^^^^^^^^^
    ) as resp:
    ^
  File "E:\python\bots\lawyer_bot\venv\Lib\site-packages\aiohttp\client.py", line 1425, in __aenter__
    self._resp: _RetType = await self._coro
                           ^^^^^^^^^^^^^^^^
  File "E:\python\bots\lawyer_bot\venv\Lib\site-packages\aiohttp\client.py", line 730, in _request
    await resp.start(conn)
  File "E:\python\bots\lawyer_bot\venv\Lib\site-packages\aiohttp\client_reqrep.py", line 1059, in start
    message, payload = await protocol.read()  # type: ignore[union-attr]
                       ^^^^^^^^^^^^^^^^^^^^^
  File "E:\python\bots\lawyer_bot\venv\Lib\site-packages\aiohttp\streams.py", line 672, in read
    await self._waiter
aiohttp.client_exceptions.ClientOSError: [Errno 2] Can not write request body for https://api.telegram.org/bot7693453113:AAFoCltX6v5cl19OiOvcM_Vwta9r4fP2OVo/sendDocument

During handling of the above exception, another exception occurred:

Traceback (most recent call last):
  File "E:\python\bots\lawyer_bot\handlers\admin\users_requests.py", line 43, in show_user_request
    await bot.send_document(chat_id=call.from_user.id, caption=f"*Заявка от {document.user_id.second_name}:*",
                            document=file_doc)
  File "E:\python\bots\lawyer_bot\venv\Lib\site-packages\aiogram\client\bot.py", line 2500, in send_document
    return await self(call, request_timeout=request_timeout)
           ^^^^^^^^^^^^^^^^^^^^^^^^^^^^^^^^^^^^^^^^^^^^^^^^^
  File "E:\python\bots\lawyer_bot\venv\Lib\site-packages\aiogram\client\bot.py", line 478, in __call__
    return await self.session(self, method, timeout=request_timeout)
           ^^^^^^^^^^^^^^^^^^^^^^^^^^^^^^^^^^^^^^^^^^^^^^^^^^^^^^^^^
  File "E:\python\bots\lawyer_bot\venv\Lib\site-packages\aiogram\client\session\base.py", line 254, in __call__
    return cast(TelegramType, await middleware(bot, method))
                              ^^^^^^^^^^^^^^^^^^^^^^^^^^^^^
  File "E:\python\bots\lawyer_bot\venv\Lib\site-packages\aiogram\client\session\aiohttp.py", line 184, in make_request
    raise TelegramNetworkError(method=method, message=f"{type(e).__name__}: {e}")
aiogram.exceptions.TelegramNetworkError: HTTP Client says - ClientOSError: [Errno 2] Can not write request body for https://api.telegram.org/bot7693453113:AAFoCltX6v5cl19OiOvcM_Vwta9r4fP2OVo/sendDocument
WARNING  2025-09-22 13:51:59,780 [bot] (main.py).start_bot(21) Бот закрыт
INFO     2025-09-22 13:52:02,386 [bot] (logging_config.py)._setup_handlers(50) Логирование для 'bot' настроено успешно.
INFO     2025-09-22 13:52:02,839 [bot] (start_handlers.py).seed_admin(26) Проверка: seed_admin вызвана
INFO     2025-09-22 13:52:02,989 [bot] (commands.py).set_commands(20) Установил команды
INFO     2025-09-22 13:52:04,916 [bot] (start_handlers.py).get_start(70) Зарегистрированный пользователь взаимодействует с ботом 484385628
DEBUG    2025-09-22 13:52:04,917 [bot] (get_user.py).get_role_user(34) Возврат роли: 484385628, admin
DEBUG    2025-09-22 13:52:04,917 [bot] (menu_keyboard.py).inline_menu_kb(14) Передаю inline_menu_kb. Роль юзера: admin
ERROR    2025-09-22 13:52:08,070 [bot] (users_requests.py).show_user_request(47) HTTP Client says - ClientOSError: [Errno 2] Can not write request body for https://api.telegram.org/bot7693453113:AAFoCltX6v5cl19OiOvcM_Vwta9r4fP2OVo/sendDocument
Traceback (most recent call last):
  File "E:\python\bots\lawyer_bot\venv\Lib\site-packages\aiohttp\client_reqrep.py", line 658, in write_bytes
    await self.body.write(writer)
  File "E:\python\bots\lawyer_bot\venv\Lib\site-packages\aiohttp\multipart.py", line 1008, in write
    await part.write(writer)
  File "E:\python\bots\lawyer_bot\venv\Lib\site-packages\aiohttp\payload.py", line 494, in write
    chunk = await self._iter.__anext__()
            ^^^^^^^^^^^^^^^^^^^^^^^^^^^^
  File "E:\python\bots\lawyer_bot\venv\Lib\site-packages\aiogram\types\input_file.py", line 103, in read
    async with aiofiles.open(self.path, "rb") as f:
               ~~~~~~~~~~~~~^^^^^^^^^^^^^^^^^
  File "E:\python\bots\lawyer_bot\venv\Lib\site-packages\aiofiles\base.py", line 63, in __aenter__
    return await self
           ^^^^^^^^^^
  File "E:\python\bots\lawyer_bot\venv\Lib\site-packages\aiofiles\base.py", line 59, in __await__
    self._obj = yield from self._coro.__await__()
                ^^^^^^^^^^^^^^^^^^^^^^^^^^^^^^^^^
  File "E:\python\bots\lawyer_bot\venv\Lib\site-packages\aiofiles\threadpool\__init__.py", line 92, in _open
    f = await loop.run_in_executor(executor, cb)
        ^^^^^^^^^^^^^^^^^^^^^^^^^^^^^^^^^^^^^^^^
  File "C:\Python313\Lib\concurrent\futures\thread.py", line 59, in run
    result = self.fn(*self.args, **self.kwargs)
FileNotFoundError: [Errno 2] No such file or directory: 'clients/Макушина/clients\\Макушина\\contract.pdf'

The above exception was the direct cause of the following exception:

Traceback (most recent call last):
  File "E:\python\bots\lawyer_bot\venv\Lib\site-packages\aiogram\client\session\aiohttp.py", line 177, in make_request
    async with session.post(
               ~~~~~~~~~~~~^
        url, data=form, timeout=self.timeout if timeout is None else timeout
        ^^^^^^^^^^^^^^^^^^^^^^^^^^^^^^^^^^^^^^^^^^^^^^^^^^^^^^^^^^^^^^^^^^^^
    ) as resp:
    ^
  File "E:\python\bots\lawyer_bot\venv\Lib\site-packages\aiohttp\client.py", line 1425, in __aenter__
    self._resp: _RetType = await self._coro
                           ^^^^^^^^^^^^^^^^
  File "E:\python\bots\lawyer_bot\venv\Lib\site-packages\aiohttp\client.py", line 730, in _request
    await resp.start(conn)
  File "E:\python\bots\lawyer_bot\venv\Lib\site-packages\aiohttp\client_reqrep.py", line 1059, in start
    message, payload = await protocol.read()  # type: ignore[union-attr]
                       ^^^^^^^^^^^^^^^^^^^^^
  File "E:\python\bots\lawyer_bot\venv\Lib\site-packages\aiohttp\streams.py", line 672, in read
    await self._waiter
aiohttp.client_exceptions.ClientOSError: [Errno 2] Can not write request body for https://api.telegram.org/bot7693453113:AAFoCltX6v5cl19OiOvcM_Vwta9r4fP2OVo/sendDocument

During handling of the above exception, another exception occurred:

Traceback (most recent call last):
  File "E:\python\bots\lawyer_bot\handlers\admin\users_requests.py", line 43, in show_user_request
    await bot.send_document(chat_id=call.from_user.id, caption=f"*Заявка от {document.user_id.second_name}:*",
                            document=file_doc)
  File "E:\python\bots\lawyer_bot\venv\Lib\site-packages\aiogram\client\bot.py", line 2500, in send_document
    return await self(call, request_timeout=request_timeout)
           ^^^^^^^^^^^^^^^^^^^^^^^^^^^^^^^^^^^^^^^^^^^^^^^^^
  File "E:\python\bots\lawyer_bot\venv\Lib\site-packages\aiogram\client\bot.py", line 478, in __call__
    return await self.session(self, method, timeout=request_timeout)
           ^^^^^^^^^^^^^^^^^^^^^^^^^^^^^^^^^^^^^^^^^^^^^^^^^^^^^^^^^
  File "E:\python\bots\lawyer_bot\venv\Lib\site-packages\aiogram\client\session\base.py", line 254, in __call__
    return cast(TelegramType, await middleware(bot, method))
                              ^^^^^^^^^^^^^^^^^^^^^^^^^^^^^
  File "E:\python\bots\lawyer_bot\venv\Lib\site-packages\aiogram\client\session\aiohttp.py", line 184, in make_request
    raise TelegramNetworkError(method=method, message=f"{type(e).__name__}: {e}")
aiogram.exceptions.TelegramNetworkError: HTTP Client says - ClientOSError: [Errno 2] Can not write request body for https://api.telegram.org/bot7693453113:AAFoCltX6v5cl19OiOvcM_Vwta9r4fP2OVo/sendDocument
WARNING  2025-09-22 13:52:31,448 [bot] (main.py).start_bot(21) Бот закрыт
INFO     2025-09-22 13:52:33,942 [bot] (logging_config.py)._setup_handlers(50) Логирование для 'bot' настроено успешно.
INFO     2025-09-22 13:52:34,393 [bot] (start_handlers.py).seed_admin(26) Проверка: seed_admin вызвана
INFO     2025-09-22 13:52:34,567 [bot] (commands.py).set_commands(20) Установил команды
ERROR    2025-09-22 13:52:36,068 [bot] (users_requests.py).show_user_request(47) HTTP Client says - ClientOSError: [Errno 2] Can not write request body for https://api.telegram.org/bot7693453113:AAFoCltX6v5cl19OiOvcM_Vwta9r4fP2OVo/sendDocument
Traceback (most recent call last):
  File "E:\python\bots\lawyer_bot\venv\Lib\site-packages\aiohttp\client_reqrep.py", line 658, in write_bytes
    await self.body.write(writer)
  File "E:\python\bots\lawyer_bot\venv\Lib\site-packages\aiohttp\multipart.py", line 1008, in write
    await part.write(writer)
  File "E:\python\bots\lawyer_bot\venv\Lib\site-packages\aiohttp\payload.py", line 494, in write
    chunk = await self._iter.__anext__()
            ^^^^^^^^^^^^^^^^^^^^^^^^^^^^
  File "E:\python\bots\lawyer_bot\venv\Lib\site-packages\aiogram\types\input_file.py", line 103, in read
    async with aiofiles.open(self.path, "rb") as f:
               ~~~~~~~~~~~~~^^^^^^^^^^^^^^^^^
  File "E:\python\bots\lawyer_bot\venv\Lib\site-packages\aiofiles\base.py", line 63, in __aenter__
    return await self
           ^^^^^^^^^^
  File "E:\python\bots\lawyer_bot\venv\Lib\site-packages\aiofiles\base.py", line 59, in __await__
    self._obj = yield from self._coro.__await__()
                ^^^^^^^^^^^^^^^^^^^^^^^^^^^^^^^^^
  File "E:\python\bots\lawyer_bot\venv\Lib\site-packages\aiofiles\threadpool\__init__.py", line 92, in _open
    f = await loop.run_in_executor(executor, cb)
        ^^^^^^^^^^^^^^^^^^^^^^^^^^^^^^^^^^^^^^^^
  File "C:\Python313\Lib\concurrent\futures\thread.py", line 59, in run
    result = self.fn(*self.args, **self.kwargs)
FileNotFoundError: [Errno 2] No such file or directory: 'clients/Макушина/clients\\Макушина\\contract.pdf'

The above exception was the direct cause of the following exception:

Traceback (most recent call last):
  File "E:\python\bots\lawyer_bot\venv\Lib\site-packages\aiogram\client\session\aiohttp.py", line 177, in make_request
    async with session.post(
               ~~~~~~~~~~~~^
        url, data=form, timeout=self.timeout if timeout is None else timeout
        ^^^^^^^^^^^^^^^^^^^^^^^^^^^^^^^^^^^^^^^^^^^^^^^^^^^^^^^^^^^^^^^^^^^^
    ) as resp:
    ^
  File "E:\python\bots\lawyer_bot\venv\Lib\site-packages\aiohttp\client.py", line 1425, in __aenter__
    self._resp: _RetType = await self._coro
                           ^^^^^^^^^^^^^^^^
  File "E:\python\bots\lawyer_bot\venv\Lib\site-packages\aiohttp\client.py", line 730, in _request
    await resp.start(conn)
  File "E:\python\bots\lawyer_bot\venv\Lib\site-packages\aiohttp\client_reqrep.py", line 1059, in start
    message, payload = await protocol.read()  # type: ignore[union-attr]
                       ^^^^^^^^^^^^^^^^^^^^^
  File "E:\python\bots\lawyer_bot\venv\Lib\site-packages\aiohttp\streams.py", line 672, in read
    await self._waiter
aiohttp.client_exceptions.ClientOSError: [Errno 2] Can not write request body for https://api.telegram.org/bot7693453113:AAFoCltX6v5cl19OiOvcM_Vwta9r4fP2OVo/sendDocument

During handling of the above exception, another exception occurred:

Traceback (most recent call last):
  File "E:\python\bots\lawyer_bot\handlers\admin\users_requests.py", line 43, in show_user_request
    await bot.send_document(chat_id=call.from_user.id, caption=f"*Заявка от {document.user_id.second_name}:*",
                            document=file_doc)
  File "E:\python\bots\lawyer_bot\venv\Lib\site-packages\aiogram\client\bot.py", line 2500, in send_document
    return await self(call, request_timeout=request_timeout)
           ^^^^^^^^^^^^^^^^^^^^^^^^^^^^^^^^^^^^^^^^^^^^^^^^^
  File "E:\python\bots\lawyer_bot\venv\Lib\site-packages\aiogram\client\bot.py", line 478, in __call__
    return await self.session(self, method, timeout=request_timeout)
           ^^^^^^^^^^^^^^^^^^^^^^^^^^^^^^^^^^^^^^^^^^^^^^^^^^^^^^^^^
  File "E:\python\bots\lawyer_bot\venv\Lib\site-packages\aiogram\client\session\base.py", line 254, in __call__
    return cast(TelegramType, await middleware(bot, method))
                              ^^^^^^^^^^^^^^^^^^^^^^^^^^^^^
  File "E:\python\bots\lawyer_bot\venv\Lib\site-packages\aiogram\client\session\aiohttp.py", line 184, in make_request
    raise TelegramNetworkError(method=method, message=f"{type(e).__name__}: {e}")
aiogram.exceptions.TelegramNetworkError: HTTP Client says - ClientOSError: [Errno 2] Can not write request body for https://api.telegram.org/bot7693453113:AAFoCltX6v5cl19OiOvcM_Vwta9r4fP2OVo/sendDocument
WARNING  2025-09-22 13:53:01,827 [bot] (main.py).start_bot(21) Бот закрыт
INFO     2025-09-22 13:53:04,340 [bot] (logging_config.py)._setup_handlers(50) Логирование для 'bot' настроено успешно.
INFO     2025-09-22 13:53:04,775 [bot] (start_handlers.py).seed_admin(26) Проверка: seed_admin вызвана
INFO     2025-09-22 13:53:05,007 [bot] (commands.py).set_commands(20) Установил команды
WARNING  2025-09-22 13:53:23,654 [bot] (main.py).start_bot(21) Бот закрыт
INFO     2025-09-22 13:53:26,212 [bot] (logging_config.py)._setup_handlers(50) Логирование для 'bot' настроено успешно.
INFO     2025-09-22 13:53:26,797 [bot] (start_handlers.py).seed_admin(26) Проверка: seed_admin вызвана
INFO     2025-09-22 13:53:26,950 [bot] (commands.py).set_commands(20) Установил команды
WARNING  2025-09-22 13:53:33,908 [bot] (main.py).start_bot(21) Бот закрыт
INFO     2025-09-22 13:53:36,452 [bot] (logging_config.py)._setup_handlers(50) Логирование для 'bot' настроено успешно.
INFO     2025-09-22 13:53:37,092 [bot] (start_handlers.py).seed_admin(26) Проверка: seed_admin вызвана
INFO     2025-09-22 13:53:37,400 [bot] (commands.py).set_commands(20) Установил команды
INFO     2025-09-22 13:53:45,876 [bot] (start_handlers.py).get_start(70) Зарегистрированный пользователь взаимодействует с ботом 484385628
DEBUG    2025-09-22 13:53:45,877 [bot] (get_user.py).get_role_user(34) Возврат роли: 484385628, admin
DEBUG    2025-09-22 13:53:45,877 [bot] (menu_keyboard.py).inline_menu_kb(14) Передаю inline_menu_kb. Роль юзера: admin
INFO     2025-09-22 14:31:43,280 [bot] (start_handlers.py).get_start(70) Зарегистрированный пользователь взаимодействует с ботом 484385628
DEBUG    2025-09-22 14:31:43,281 [bot] (get_user.py).get_role_user(34) Возврат роли: 484385628, admin
DEBUG    2025-09-22 14:31:43,282 [bot] (menu_keyboard.py).inline_menu_kb(14) Передаю inline_menu_kb. Роль юзера: admin
DEBUG    2025-09-22 14:33:10,565 [bot] (back_handler.py).back(26) Начало обработки back. Текущее состояние: AnswerState:doc_answer
DEBUG    2025-09-22 14:33:12,418 [bot] (back_handler.py).back(26) Начало обработки back. Текущее состояние: AnswerState:doc_answer
DEBUG    2025-09-22 14:33:15,704 [bot] (back_handler.py).back(26) Начало обработки back. Текущее состояние: AnswerState:doc_answer
DEBUG    2025-09-22 14:33:18,957 [bot] (back_handler.py).back(26) Начало обработки back. Текущее состояние: AnswerState:doc_answer
DEBUG    2025-09-22 14:33:21,192 [bot] (back_handler.py).back(26) Начало обработки back. Текущее состояние: AnswerState:doc_answer
DEBUG    2025-09-22 14:33:22,982 [bot] (back_handler.py).back(26) Начало обработки back. Текущее состояние: AnswerState:docs_questions
DEBUG    2025-09-22 14:33:25,135 [bot] (back_handler.py).back(26) Начало обработки back. Текущее состояние: AnswerState:answer
DEBUG    2025-09-22 14:33:26,473 [bot] (get_user.py).get_role_user(34) Возврат роли: 484385628, admin
DEBUG    2025-09-22 14:33:26,473 [bot] (menu_keyboard.py).inline_menu_kb(14) Передаю inline_menu_kb. Роль юзера: admin
DEBUG    2025-09-22 14:33:41,727 [bot] (surname.py).creating_request_surname_save(46) введена фамилия Онуфриев
DEBUG    2025-09-22 14:33:41,807 [bot] (surname.py).creating_request_surname_save(63) фамилия введена
DEBUG    2025-09-22 14:34:18,663 [bot] (back_handler.py).back(26) Начало обработки back. Текущее состояние: CreateRequest:wait_surname
DEBUG    2025-09-22 14:34:31,470 [bot] (back_handler.py).back(26) Начало обработки back. Текущее состояние: CreateRequest:wait_surname
DEBUG    2025-09-22 14:34:32,627 [bot] (acc_screenshot.py).creating_request_acc_screenshot(19) Current state data: {'surname': 'Онуфриев'}
DEBUG    2025-09-22 14:34:32,627 [bot] (acc_screenshot.py).creating_request_acc_screenshot(20) acc_screenshot in data: None
DEBUG    2025-09-22 14:34:49,505 [bot] (back_handler.py).back(26) Начало обработки back. Текущее состояние: CreateRequest:wait_acc_screenshot
DEBUG    2025-09-22 14:34:51,003 [bot] (acc_screenshot.py).creating_request_acc_screenshot(19) Current state data: {'surname': 'Онуфриев'}
DEBUG    2025-09-22 14:34:51,004 [bot] (acc_screenshot.py).creating_request_acc_screenshot(20) acc_screenshot in data: None
DEBUG    2025-09-22 14:34:58,536 [bot] (acc_screenshot.py).creating_request_acc_screenshot_save(40) сохраняю скрин лк
DEBUG    2025-09-22 14:34:58,746 [bot] (acc_screenshot.py).creating_request_acc_screenshot_save(54) получен скрин: None, file_id: AgACAgIAAxkBAAInqGjRNDJ7kPBlS8OOtI2aZ0Nt115FAALCAAEyGxIEiUo09rWG9LsxoQEAAwIAA3kAAzYE
DEBUG    2025-09-22 14:35:03,590 [bot] (back_handler.py).back(26) Начало обработки back. Текущее состояние: CreateRequest:wait_acc_screenshot
DEBUG    2025-09-22 14:35:13,753 [bot] (personal_pass.py).creating_request_pass_save(52) получен скрин лк: [PhotoSize(file_id='AgACAgIAAxkBAAInsWjRNHS0KFN_5tqJ8Cvk9jE73y9dAALEAAEyGxIEiUrNS6dov21KrgEAAwIAA3MAAzYE', file_unique_id='AQADxAABMhsSBIlKeA', width=90, height=90, file_size=1586), PhotoSize(file_id='AgACAgIAAxkBAAInsWjRNHS0KFN_5tqJ8Cvk9jE73y9dAALEAAEyGxIEiUrNS6dov21KrgEAAwIAA20AAzYE', file_unique_id='AQADxAABMhsSBIlKcg', width=320, height=320, file_size=18310), PhotoSize(file_id='AgACAgIAAxkBAAInsWjRNHS0KFN_5tqJ8Cvk9jE73y9dAALEAAEyGxIEiUrNS6dov21KrgEAAwIAA3gAAzYE', file_unique_id='AQADxAABMhsSBIlKfQ', width=800, height=800, file_size=70433), PhotoSize(file_id='AgACAgIAAxkBAAInsWjRNHS0KFN_5tqJ8Cvk9jE73y9dAALEAAEyGxIEiUrNS6dov21KrgEAAwIAA3kAAzYE', file_unique_id='AQADxAABMhsSBIlKfg', width=1024, height=1024, file_size=97060)], file_id: AgACAgIAAxkBAAInsWjRNHS0KFN_5tqJ8Cvk9jE73y9dAALEAAEyGxIEiUrNS6dov21KrgEAAwIAA3kAAzYE
DEBUG    2025-09-22 14:35:15,359 [bot] (back_handler.py).back(26) Начало обработки back. Текущее состояние: CreateRequest:wait_pass
DEBUG    2025-09-22 14:35:27,784 [bot] (ndfl.py).creating_request_ndfl_save(54) получен НДФЛ: file_id: BQACAgIAAxkBAAIntGjRNIL4detW8gL_hdWEJaTZSidQAAKdhAACEgSJSv0zILaO_fKeNgQ
DEBUG    2025-09-22 14:35:28,741 [bot] (back_handler.py).back(26) Начало обработки back. Текущее состояние: CreateRequest:wait_ndfl
DEBUG    2025-09-22 14:35:34,902 [bot] (record.py).creating_request_record_book_save(53) получен трудовой книжки: [PhotoSize(file_id='AgACAgIAAxkBAAInqGjRNDJ7kPBlS8OOtI2aZ0Nt115FAALCAAEyGxIEiUo09rWG9LsxoQEAAwIAA3MAAzYE', file_unique_id='AQADwgABMhsSBIlKeA', width=80, height=90, file_size=916), PhotoSize(file_id='AgACAgIAAxkBAAInqGjRNDJ7kPBlS8OOtI2aZ0Nt115FAALCAAEyGxIEiUo09rWG9LsxoQEAAwIAA20AAzYE', file_unique_id='AQADwgABMhsSBIlKcg', width=285, height=320, file_size=12224), PhotoSize(file_id='AgACAgIAAxkBAAInqGjRNDJ7kPBlS8OOtI2aZ0Nt115FAALCAAEyGxIEiUo09rWG9LsxoQEAAwIAA3gAAzYE', file_unique_id='AQADwgABMhsSBIlKfQ', width=713, height=800, file_size=55449), PhotoSize(file_id='AgACAgIAAxkBAAInqGjRNDJ7kPBlS8OOtI2aZ0Nt115FAALCAAEyGxIEiUo09rWG9LsxoQEAAwIAA3kAAzYE', file_unique_id='AQADwgABMhsSBIlKfg', width=1021, height=1146, file_size=85843)], file_id: AgACAgIAAxkBAAInqGjRNDJ7kPBlS8OOtI2aZ0Nt115FAALCAAEyGxIEiUo09rWG9LsxoQEAAwIAA3kAAzYE
DEBUG    2025-09-22 14:35:36,065 [bot] (back_handler.py).back(26) Начало обработки back. Текущее состояние: CreateRequest:wait_record_book
DEBUG    2025-09-22 14:35:39,340 [bot] (back_handler.py).back(26) Начало обработки back. Текущее состояние: CreateRequest:wait_comment
DEBUG    2025-09-22 14:35:45,377 [bot] (extract.py).creating_request_extract_save(55) получена выписка ИЛС: file_id: AgACAgIAAxkBAAInumjRNJS-3JoU5vWVQCwioKVbbnRCAALFAAEyGxIEiUoniMT-TfR9xgEAAwIAA3gAAzYE
DEBUG    2025-09-22 14:35:46,648 [bot] (back_handler.py).back(26) Начало обработки back. Текущее состояние: CreateRequest:wait_extract
DEBUG    2025-09-22 14:35:50,309 [bot] (user_request_handlers.py).creating_request_save(38) Получаю все data state
INFO     2025-09-22 14:35:50,309 [bot] (user_request_handlers.py).creating_request_save(48)  Не все документы загружены. • Договор 
DEBUG    2025-09-22 14:35:55,522 [bot] (contract.py).creating_contract(21) Current state data: {'surname': 'Онуфриев', 'acc_screenshot': 'AgACAgIAAxkBAAInqGjRNDJ7kPBlS8OOtI2aZ0Nt115FAALCAAEyGxIEiUo09rWG9LsxoQEAAwIAA3kAAzYE', 'personal_pass': 'AgACAgIAAxkBAAInsWjRNHS0KFN_5tqJ8Cvk9jE73y9dAALEAAEyGxIEiUrNS6dov21KrgEAAwIAA3kAAzYE', 'ndfl': 'BQACAgIAAxkBAAIntGjRNIL4detW8gL_hdWEJaTZSidQAAKdhAACEgSJSv0zILaO_fKeNgQ', 'record_book': 'AgACAgIAAxkBAAInqGjRNDJ7kPBlS8OOtI2aZ0Nt115FAALCAAEyGxIEiUo09rWG9LsxoQEAAwIAA3kAAzYE', 'extract': 'AgACAgIAAxkBAAInumjRNJS-3JoU5vWVQCwioKVbbnRCAALFAAEyGxIEiUoniMT-TfR9xgEAAwIAA3gAAzYE'}
DEBUG    2025-09-22 14:35:55,522 [bot] (contract.py).creating_contract(22) contract in data: AgACAgIAAxkBAAInqGjRNDJ7kPBlS8OOtI2aZ0Nt115FAALCAAEyGxIEiUo09rWG9LsxoQEAAwIAA3kAAzYE
DEBUG    2025-09-22 14:36:01,753 [bot] (back_handler.py).back(26) Начало обработки back. Текущее состояние: CreateRequest:wait_contract
DEBUG    2025-09-22 14:36:02,589 [bot] (user_request_handlers.py).creating_request_save(38) Получаю все data state
INFO     2025-09-22 14:36:02,590 [bot] (save_docs.py).create_folder(55) Создана папка clients\Онуфриев
INFO     2025-09-22 14:36:02,770 [bot] (save_docs.py).save_doc(91) Файл contract.pdf сохранен в clients\Онуфриев
INFO     2025-09-22 14:36:02,963 [bot] (save_docs.py).save_doc(91) Файл screenshot.jpg сохранен в clients\Онуфриев
INFO     2025-09-22 14:36:03,088 [bot] (save_docs.py).save_doc(91) Файл personal_pass.jpg сохранен в clients\Онуфриев
INFO     2025-09-22 14:36:03,237 [bot] (save_docs.py).save_doc(91) Файл extract.jpg сохранен в clients\Онуфриев
INFO     2025-09-22 14:36:03,351 [bot] (save_docs.py).save_doc(91) Файл ndfl.pdf сохранен в clients\Онуфриев
INFO     2025-09-22 14:36:03,359 [bot] (user_request_handlers.py).creating_request_save(71) Новый запрос по отпускным
INFO     2025-09-22 14:36:03,870 [bot] (send_messages.py)._send_notification(36) Попытка отправки админу 2
DEBUG    2025-09-22 14:36:03,955 [bot] (get_user.py).get_role_user(34) Возврат роли: 484385628, admin
DEBUG    2025-09-22 14:36:03,955 [bot] (menu_keyboard.py).inline_menu_kb(14) Передаю inline_menu_kb. Роль юзера: admin
DEBUG    2025-09-22 14:36:08,892 [bot] (back_handler.py).clear_message(75) Удалил сообщение
WARNING  2025-09-22 14:39:32,023 [bot] (main.py).start_bot(21) Бот закрыт
WARNING  2025-09-22 14:39:32,184 [bot] (main.py).<module>(43) Помощник завершены
INFO     2025-09-22 14:39:35,111 [bot] (logging_config.py)._setup_handlers(50) Логирование для 'bot' настроено успешно.
INFO     2025-09-22 14:39:35,580 [bot] (start_handlers.py).seed_admin(26) Проверка: seed_admin вызвана
INFO     2025-09-22 14:39:35,847 [bot] (commands.py).set_commands(20) Установил команды
INFO     2025-09-22 14:39:36,862 [bot] (start_handlers.py).get_start(70) Зарегистрированный пользователь взаимодействует с ботом 484385628
DEBUG    2025-09-22 14:39:36,863 [bot] (get_user.py).get_role_user(34) Возврат роли: 484385628, admin
DEBUG    2025-09-22 14:39:36,863 [bot] (menu_keyboard.py).inline_menu_kb(14) Передаю inline_menu_kb. Роль юзера: admin
DEBUG    2025-09-22 14:39:45,927 [bot] (contract.py).creating_contract(21) Current state data: {}
DEBUG    2025-09-22 14:39:45,927 [bot] (contract.py).creating_contract(22) contract in data: None
DEBUG    2025-09-22 14:39:56,498 [bot] (back_handler.py).back(26) Начало обработки back. Текущее состояние: CreateRequest:wait_contract
INFO     2025-09-22 14:40:03,020 [bot] (start_handlers.py).get_start(70) Зарегистрированный пользователь взаимодействует с ботом 484385628
DEBUG    2025-09-22 14:40:03,020 [bot] (get_user.py).get_role_user(34) Возврат роли: 484385628, admin
DEBUG    2025-09-22 14:40:03,021 [bot] (menu_keyboard.py).inline_menu_kb(14) Передаю inline_menu_kb. Роль юзера: admin
DEBUG    2025-09-22 14:40:05,525 [bot] (contract.py).creating_contract(21) Current state data: {'contract': 'BQACAgIAAxkBAAInxmjRNYoIs2bJs-SZezOubbO9NjpgAAK9hAACEgSJSliHg7ArG1HkNgQ'}
DEBUG    2025-09-22 14:40:05,525 [bot] (contract.py).creating_contract(22) contract in data: None
INFO     2025-09-22 14:40:12,053 [bot] (start_handlers.py).get_start(70) Зарегистрированный пользователь взаимодействует с ботом 484385628
DEBUG    2025-09-22 14:40:12,054 [bot] (get_user.py).get_role_user(34) Возврат роли: 484385628, admin
DEBUG    2025-09-22 14:40:12,054 [bot] (menu_keyboard.py).inline_menu_kb(14) Передаю inline_menu_kb. Роль юзера: admin
DEBUG    2025-09-22 14:40:14,556 [bot] (contract.py).creating_contract(21) Current state data: {'contract': 'BQACAgIAAxkBAAInxmjRNYoIs2bJs-SZezOubbO9NjpgAAK9hAACEgSJSliHg7ArG1HkNgQ'}
DEBUG    2025-09-22 14:40:14,556 [bot] (contract.py).creating_contract(22) contract in data: None
DEBUG    2025-09-22 14:40:17,953 [bot] (back_handler.py).back(26) Начало обработки back. Текущее состояние: CreateRequest:wait_contract
WARNING  2025-09-22 14:40:23,535 [bot] (main.py).start_bot(21) Бот закрыт
INFO     2025-09-22 14:40:26,043 [bot] (logging_config.py)._setup_handlers(50) Логирование для 'bot' настроено успешно.
INFO     2025-09-22 14:40:26,582 [bot] (start_handlers.py).seed_admin(26) Проверка: seed_admin вызвана
INFO     2025-09-22 14:40:26,760 [bot] (commands.py).set_commands(20) Установил команды
INFO     2025-09-22 14:40:27,816 [bot] (start_handlers.py).get_start(70) Зарегистрированный пользователь взаимодействует с ботом 484385628
DEBUG    2025-09-22 14:40:27,818 [bot] (get_user.py).get_role_user(34) Возврат роли: 484385628, admin
DEBUG    2025-09-22 14:40:27,818 [bot] (menu_keyboard.py).inline_menu_kb(14) Передаю inline_menu_kb. Роль юзера: admin
DEBUG    2025-09-22 14:40:31,981 [bot] (back_handler.py).back(26) Начало обработки back. Текущее состояние: AdminMenuState:requests_menu
DEBUG    2025-09-22 14:40:33,444 [bot] (back_handler.py).back(26) Начало обработки back. Текущее состояние: MenuState:admin_menu
DEBUG    2025-09-22 14:40:33,445 [bot] (get_user.py).get_role_user(34) Возврат роли: 484385628, admin
DEBUG    2025-09-22 14:40:33,445 [bot] (menu_keyboard.py).inline_menu_kb(14) Передаю inline_menu_kb. Роль юзера: admin
DEBUG    2025-09-22 14:40:35,689 [bot] (contract.py).creating_contract(21) Current state data: {}
DEBUG    2025-09-22 14:40:35,690 [bot] (contract.py).creating_contract(22) contract in data: None
DEBUG    2025-09-22 14:40:44,182 [bot] (back_handler.py).back(26) Начало обработки back. Текущее состояние: CreateRequest:wait_contract
DEBUG    2025-09-22 14:41:14,516 [bot] (back_handler.py).back(26) Начало обработки back. Текущее состояние: UserState:request
DEBUG    2025-09-22 14:41:14,517 [bot] (get_user.py).get_role_user(34) Возврат роли: 484385628, admin
DEBUG    2025-09-22 14:41:14,517 [bot] (menu_keyboard.py).inline_menu_kb(14) Передаю inline_menu_kb. Роль юзера: admin
WARNING  2025-09-22 14:42:05,540 [bot] (main.py).start_bot(21) Бот закрыт
INFO     2025-09-22 14:42:07,966 [bot] (logging_config.py)._setup_handlers(50) Логирование для 'bot' настроено успешно.
INFO     2025-09-22 14:42:08,389 [bot] (start_handlers.py).seed_admin(26) Проверка: seed_admin вызвана
INFO     2025-09-22 14:42:08,533 [bot] (commands.py).set_commands(20) Установил команды
INFO     2025-09-22 14:42:09,720 [bot] (start_handlers.py).get_start(70) Зарегистрированный пользователь взаимодействует с ботом 484385628
DEBUG    2025-09-22 14:42:09,721 [bot] (get_user.py).get_role_user(34) Возврат роли: 484385628, admin
DEBUG    2025-09-22 14:42:09,721 [bot] (menu_keyboard.py).inline_menu_kb(14) Передаю inline_menu_kb. Роль юзера: admin
DEBUG    2025-09-22 14:43:16,912 [bot] (back_handler.py).back(26) Начало обработки back. Текущее состояние: AdminMenuState:requests_menu
WARNING  2025-09-22 14:43:42,534 [bot] (main.py).start_bot(21) Бот закрыт
INFO     2025-09-22 14:43:44,991 [bot] (logging_config.py)._setup_handlers(50) Логирование для 'bot' настроено успешно.
INFO     2025-09-22 14:43:45,419 [bot] (start_handlers.py).seed_admin(26) Проверка: seed_admin вызвана
INFO     2025-09-22 14:43:45,619 [bot] (commands.py).set_commands(20) Установил команды
INFO     2025-09-22 14:43:46,992 [bot] (start_handlers.py).get_start(70) Зарегистрированный пользователь взаимодействует с ботом 484385628
DEBUG    2025-09-22 14:43:46,993 [bot] (get_user.py).get_role_user(34) Возврат роли: 484385628, admin
DEBUG    2025-09-22 14:43:46,993 [bot] (menu_keyboard.py).inline_menu_kb(14) Передаю inline_menu_kb. Роль юзера: admin
DEBUG    2025-09-22 14:43:58,189 [bot] (back_handler.py).back(26) Начало обработки back. Текущее состояние: AdminMenuState:requests_menu
WARNING  2025-09-22 14:46:14,068 [bot] (main.py).start_bot(21) Бот закрыт
INFO     2025-09-22 14:46:16,687 [bot] (logging_config.py)._setup_handlers(50) Логирование для 'bot' настроено успешно.
INFO     2025-09-22 14:46:17,256 [bot] (start_handlers.py).seed_admin(26) Проверка: seed_admin вызвана
INFO     2025-09-22 14:46:17,426 [bot] (commands.py).set_commands(20) Установил команды
INFO     2025-09-22 14:46:19,018 [bot] (start_handlers.py).get_start(70) Зарегистрированный пользователь взаимодействует с ботом 484385628
DEBUG    2025-09-22 14:46:19,019 [bot] (get_user.py).get_role_user(34) Возврат роли: 484385628, admin
DEBUG    2025-09-22 14:46:19,019 [bot] (menu_keyboard.py).inline_menu_kb(14) Передаю inline_menu_kb. Роль юзера: admin
ERROR    2025-09-22 14:46:22,587 [bot] (users_requests.py).show_user_request(49) 'list' object has no attribute 'contract'
Traceback (most recent call last):
  File "E:\python\bots\lawyer_bot\handlers\admin\users_requests.py", line 40, in show_user_request
    file_path = f"{document.contract}"
                   ^^^^^^^^^^^^^^^^^
AttributeError: 'list' object has no attribute 'contract'
ERROR    2025-09-22 14:46:54,343 [bot] (users_requests.py).show_user_request(49) 'list' object has no attribute 'contract'
Traceback (most recent call last):
  File "E:\python\bots\lawyer_bot\handlers\admin\users_requests.py", line 40, in show_user_request
    file_path = f"{document.contract}"
                   ^^^^^^^^^^^^^^^^^
AttributeError: 'list' object has no attribute 'contract'
WARNING  2025-09-22 15:32:11,911 [bot] (main.py).start_bot(21) Бот закрыт
WARNING  2025-09-22 15:32:12,065 [bot] (main.py).<module>(43) Помощник завершены
INFO     2025-09-23 13:52:25,761 [bot] (logging_config.py)._setup_handlers(50) Логирование для 'bot' настроено успешно.
INFO     2025-09-23 13:52:27,906 [bot] (start_handlers.py).seed_admin(26) Проверка: seed_admin вызвана
INFO     2025-09-23 13:52:28,499 [bot] (commands.py).set_commands(20) Установил команды
WARNING  2025-09-23 13:53:39,740 [bot] (main.py).start_bot(21) Бот закрыт
INFO     2025-09-23 13:53:46,855 [bot] (logging_config.py)._setup_handlers(50) Логирование для 'bot' настроено успешно.
INFO     2025-09-23 13:53:47,562 [bot] (start_handlers.py).seed_admin(26) Проверка: seed_admin вызвана
WARNING  2025-09-23 13:54:06,896 [bot] (main.py).<module>(43) Помощник завершены
INFO     2025-09-23 13:54:10,278 [bot] (logging_config.py)._setup_handlers(50) Логирование для 'bot' настроено успешно.
INFO     2025-09-23 13:54:10,887 [bot] (start_handlers.py).seed_admin(26) Проверка: seed_admin вызвана
INFO     2025-09-23 13:54:13,338 [bot] (commands.py).set_commands(20) Установил команды
INFO     2025-09-23 13:54:27,566 [bot] (start_handlers.py).get_start(70) Зарегистрированный пользователь взаимодействует с ботом 484385628
DEBUG    2025-09-23 13:54:27,572 [bot] (get_user.py).get_role_user(34) Возврат роли: 484385628, admin
DEBUG    2025-09-23 13:54:27,572 [bot] (menu_keyboard.py).inline_menu_kb(14) Передаю inline_menu_kb. Роль юзера: admin
WARNING  2025-09-23 13:55:10,148 [bot] (main.py).start_bot(21) Бот закрыт
INFO     2025-09-23 13:55:13,959 [bot] (logging_config.py)._setup_handlers(50) Логирование для 'bot' настроено успешно.
INFO     2025-09-23 13:55:14,772 [bot] (start_handlers.py).seed_admin(26) Проверка: seed_admin вызвана
INFO     2025-09-23 13:55:15,093 [bot] (commands.py).set_commands(20) Установил команды
INFO     2025-09-23 13:55:17,204 [bot] (start_handlers.py).get_start(70) Зарегистрированный пользователь взаимодействует с ботом 484385628
DEBUG    2025-09-23 13:55:17,205 [bot] (get_user.py).get_role_user(34) Возврат роли: 484385628, admin
DEBUG    2025-09-23 13:55:17,205 [bot] (menu_keyboard.py).inline_menu_kb(14) Передаю inline_menu_kb. Роль юзера: admin
WARNING  2025-09-23 13:57:46,252 [bot] (main.py).start_bot(21) Бот закрыт
INFO     2025-09-23 13:57:52,024 [bot] (logging_config.py)._setup_handlers(50) Логирование для 'bot' настроено успешно.
INFO     2025-09-23 13:57:52,962 [bot] (start_handlers.py).seed_admin(26) Проверка: seed_admin вызвана
INFO     2025-09-23 13:57:55,807 [bot] (commands.py).set_commands(20) Установил команды
INFO     2025-09-23 13:57:57,184 [bot] (start_handlers.py).get_start(70) Зарегистрированный пользователь взаимодействует с ботом 484385628
DEBUG    2025-09-23 13:57:57,186 [bot] (get_user.py).get_role_user(34) Возврат роли: 484385628, admin
DEBUG    2025-09-23 13:57:57,187 [bot] (menu_keyboard.py).inline_menu_kb(14) Передаю inline_menu_kb. Роль юзера: admin
WARNING  2025-09-23 14:00:42,422 [bot] (main.py).start_bot(21) Бот закрыт
INFO     2025-09-23 14:00:46,547 [bot] (logging_config.py)._setup_handlers(50) Логирование для 'bot' настроено успешно.
INFO     2025-09-23 14:00:47,328 [bot] (start_handlers.py).seed_admin(26) Проверка: seed_admin вызвана
INFO     2025-09-23 14:00:52,455 [bot] (commands.py).set_commands(20) Установил команды
INFO     2025-09-23 14:00:57,821 [bot] (start_handlers.py).get_start(70) Зарегистрированный пользователь взаимодействует с ботом 484385628
DEBUG    2025-09-23 14:00:57,823 [bot] (get_user.py).get_role_user(34) Возврат роли: 484385628, admin
DEBUG    2025-09-23 14:00:57,824 [bot] (menu_keyboard.py).inline_menu_kb(14) Передаю inline_menu_kb. Роль юзера: admin
INFO     2025-09-23 14:00:57,845 [bot] (start_handlers.py).get_start(70) Зарегистрированный пользователь взаимодействует с ботом 484385628
DEBUG    2025-09-23 14:00:57,849 [bot] (get_user.py).get_role_user(34) Возврат роли: 484385628, admin
DEBUG    2025-09-23 14:00:57,849 [bot] (menu_keyboard.py).inline_menu_kb(14) Передаю inline_menu_kb. Роль юзера: admin
WARNING  2025-09-23 14:02:35,591 [bot] (main.py).start_bot(21) Бот закрыт
WARNING  2025-09-23 14:02:35,861 [bot] (main.py).<module>(43) Помощник завершены
INFO     2025-09-23 14:02:39,756 [bot] (logging_config.py)._setup_handlers(50) Логирование для 'bot' настроено успешно.
INFO     2025-09-23 14:02:40,538 [bot] (start_handlers.py).seed_admin(26) Проверка: seed_admin вызвана
INFO     2025-09-23 14:02:41,646 [bot] (commands.py).set_commands(20) Установил команды
INFO     2025-09-23 14:02:43,481 [bot] (start_handlers.py).get_start(70) Зарегистрированный пользователь взаимодействует с ботом 484385628
DEBUG    2025-09-23 14:02:43,483 [bot] (get_user.py).get_role_user(34) Возврат роли: 484385628, admin
DEBUG    2025-09-23 14:02:43,483 [bot] (menu_keyboard.py).inline_menu_kb(14) Передаю inline_menu_kb. Роль юзера: admin
DEBUG    2025-09-23 14:03:02,366 [bot] (back_handler.py).back(26) Начало обработки back. Текущее состояние: AdminMenuState:requests_menu
DEBUG    2025-09-23 14:03:08,270 [bot] (back_handler.py).back(26) Начало обработки back. Текущее состояние: AdminMenuState:requests_menu
DEBUG    2025-09-23 14:03:09,346 [bot] (back_handler.py).back(26) Начало обработки back. Текущее состояние: MenuState:admin_menu
DEBUG    2025-09-23 14:03:09,348 [bot] (get_user.py).get_role_user(34) Возврат роли: 484385628, admin
DEBUG    2025-09-23 14:03:09,348 [bot] (menu_keyboard.py).inline_menu_kb(14) Передаю inline_menu_kb. Роль юзера: admin
DEBUG    2025-09-23 14:03:30,370 [bot] (surname.py).creating_request_surname_save(46) введена фамилия Какой-то
DEBUG    2025-09-23 14:03:30,629 [bot] (surname.py).creating_request_surname_save(63) фамилия введена
DEBUG    2025-09-23 14:03:32,258 [bot] (back_handler.py).back(26) Начало обработки back. Текущее состояние: CreateRequest:wait_surname
WARNING  2025-09-23 14:05:47,591 [bot] (main.py).start_bot(21) Бот закрыт
INFO     2025-09-23 14:06:01,097 [bot] (logging_config.py)._setup_handlers(50) Логирование для 'bot' настроено успешно.
INFO     2025-09-23 14:06:01,745 [bot] (start_handlers.py).seed_admin(26) Проверка: seed_admin вызвана
INFO     2025-09-23 14:06:02,357 [bot] (commands.py).set_commands(20) Установил команды
INFO     2025-09-23 14:06:04,120 [bot] (start_handlers.py).get_start(70) Зарегистрированный пользователь взаимодействует с ботом 484385628
DEBUG    2025-09-23 14:06:04,122 [bot] (get_user.py).get_role_user(34) Возврат роли: 484385628, admin
DEBUG    2025-09-23 14:06:04,122 [bot] (menu_keyboard.py).inline_menu_kb(14) Передаю inline_menu_kb. Роль юзера: admin
DEBUG    2025-09-23 14:06:11,185 [bot] (back_handler.py).back(26) Начало обработки back. Текущее состояние: AdminMenuState:requests_menu
DEBUG    2025-09-23 15:44:06,731 [bot] (back_handler.py).back(26) Начало обработки back. Текущее состояние: AdminMenuState:requests_menu
DEBUG    2025-09-23 15:44:13,305 [bot] (back_handler.py).back(26) Начало обработки back. Текущее состояние: MenuState:admin_menu
DEBUG    2025-09-23 15:44:13,306 [bot] (get_user.py).get_role_user(34) Возврат роли: 484385628, admin
DEBUG    2025-09-23 15:44:13,306 [bot] (menu_keyboard.py).inline_menu_kb(14) Передаю inline_menu_kb. Роль юзера: admin
DEBUG    2025-09-23 15:44:19,430 [bot] (back_handler.py).back(26) Начало обработки back. Текущее состояние: AdminMenuState:requests_menu
DEBUG    2025-09-23 15:44:20,425 [bot] (back_handler.py).back(26) Начало обработки back. Текущее состояние: MenuState:admin_menu
DEBUG    2025-09-23 15:44:20,427 [bot] (get_user.py).get_role_user(34) Возврат роли: 484385628, admin
DEBUG    2025-09-23 15:44:20,427 [bot] (menu_keyboard.py).inline_menu_kb(14) Передаю inline_menu_kb. Роль юзера: admin
DEBUG    2025-09-23 15:44:22,270 [bot] (user_request_handlers.py).creating_request_save(38) Получаю все data state
INFO     2025-09-23 15:44:22,270 [bot] (user_request_handlers.py).creating_request_save(48)  Не все документы загружены. • Договор
• Скриншот счета
• Паспорт
• Выписка
• Справка 2-НДФЛ
• Трудовая книжка
• Фамилия 
DEBUG    2025-09-23 15:44:26,434 [bot] (back_handler.py).back(26) Начало обработки back. Текущее состояние: UserState:request
DEBUG    2025-09-23 15:44:26,437 [bot] (get_user.py).get_role_user(34) Возврат роли: 484385628, admin
DEBUG    2025-09-23 15:44:26,437 [bot] (menu_keyboard.py).inline_menu_kb(14) Передаю inline_menu_kb. Роль юзера: admin
INFO     2025-09-23 15:44:43,909 [bot] (start_handlers.py).get_start(70) Зарегистрированный пользователь взаимодействует с ботом 484385628
DEBUG    2025-09-23 15:44:43,911 [bot] (get_user.py).get_role_user(34) Возврат роли: 484385628, admin
DEBUG    2025-09-23 15:44:43,911 [bot] (menu_keyboard.py).inline_menu_kb(14) Передаю inline_menu_kb. Роль юзера: admin
WARNING  2025-09-23 16:14:20,315 [bot] (main.py).start_bot(21) Бот закрыт
WARNING  2025-09-23 16:14:20,549 [bot] (main.py).<module>(43) Помощник завершены
INFO     2025-09-23 16:14:27,013 [bot] (logging_config.py)._setup_handlers(50) Логирование для 'bot' настроено успешно.
INFO     2025-09-23 16:14:28,136 [bot] (start_handlers.py).seed_admin(27) Проверка: seed_admin вызвана
INFO     2025-09-23 16:14:28,406 [bot] (commands.py).set_commands(20) Установил команды
INFO     2025-09-23 16:14:29,766 [bot] (start_handlers.py).get_start(72) Зарегистрированный пользователь взаимодействует с ботом 484385628
WARNING  2025-09-23 16:17:07,781 [bot] (main.py).start_bot(21) Бот закрыт
INFO     2025-09-23 16:17:10,869 [bot] (logging_config.py)._setup_handlers(50) Логирование для 'bot' настроено успешно.
INFO     2025-09-23 16:17:11,399 [bot] (start_handlers.py).seed_admin(27) Проверка: seed_admin вызвана
INFO     2025-09-23 16:17:11,741 [bot] (commands.py).set_commands(20) Установил команды
INFO     2025-09-23 16:17:18,115 [bot] (start_handlers.py).get_start(72) Зарегистрированный пользователь взаимодействует с ботом 484385628
ERROR    2025-09-23 16:17:25,857 [bot] (registeration.py).save_contact(127) Пользователь 484385628 уже есть в базе: повторяющееся значение ключа нарушает ограничение уникальности "users_telegram_id_key"
DETAIL:  Ключ "(telegram_id)=(484385628)" уже существует.
Traceback (most recent call last):
  File "E:\python\bots\lawyer_bot\venv\Lib\site-packages\tortoise\backends\asyncpg\client.py", line 89, in _translate_exceptions
    return await func(self, *args, **kwargs)
           ^^^^^^^^^^^^^^^^^^^^^^^^^^^^^^^^^
  File "E:\python\bots\lawyer_bot\venv\Lib\site-packages\tortoise\backends\asyncpg\client.py", line 112, in execute_insert
    return await connection.fetchrow(query, *values)
           ^^^^^^^^^^^^^^^^^^^^^^^^^^^^^^^^^^^^^^^^^
  File "E:\python\bots\lawyer_bot\venv\Lib\site-packages\asyncpg\connection.py", line 748, in fetchrow
    data = await self._execute(
           ^^^^^^^^^^^^^^^^^^^^
    ...<5 lines>...
    )
    ^
  File "E:\python\bots\lawyer_bot\venv\Lib\site-packages\asyncpg\connection.py", line 1864, in _execute
    result, _ = await self.__execute(
                ^^^^^^^^^^^^^^^^^^^^^
    ...<7 lines>...
    )
    ^
  File "E:\python\bots\lawyer_bot\venv\Lib\site-packages\asyncpg\connection.py", line 1961, in __execute
    result, stmt = await self._do_execute(
                   ^^^^^^^^^^^^^^^^^^^^^^^
    ...<5 lines>...
    )
    ^
  File "E:\python\bots\lawyer_bot\venv\Lib\site-packages\asyncpg\connection.py", line 2024, in _do_execute
    result = await executor(stmt, None)
             ^^^^^^^^^^^^^^^^^^^^^^^^^^
  File "asyncpg\\protocol\\protocol.pyx", line 206, in bind_execute
asyncpg.exceptions.UniqueViolationError: повторяющееся значение ключа нарушает ограничение уникальности "users_telegram_id_key"
DETAIL:  Ключ "(telegram_id)=(484385628)" уже существует.

During handling of the above exception, another exception occurred:

Traceback (most recent call last):
  File "E:\python\bots\lawyer_bot\handlers\user\registeration.py", line 117, in save_contact
    await User.create(
    ...<6 lines>...
        role="user")
  File "E:\python\bots\lawyer_bot\venv\Lib\site-packages\tortoise\models.py", line 1210, in create
    await instance.save(using_db=db, force_create=True)
  File "E:\python\bots\lawyer_bot\venv\Lib\site-packages\tortoise\models.py", line 996, in save
    await executor.execute_insert(self)
  File "E:\python\bots\lawyer_bot\venv\Lib\site-packages\tortoise\backends\base\executor.py", line 188, in execute_insert
    insert_result = await self.db.execute_insert(self.insert_query, values)
                    ^^^^^^^^^^^^^^^^^^^^^^^^^^^^^^^^^^^^^^^^^^^^^^^^^^^^^^^
  File "E:\python\bots\lawyer_bot\venv\Lib\site-packages\tortoise\backends\base_postgres\client.py", line 33, in _translate_exceptions
    return await self._translate_exceptions(func, *args, **kwargs)
           ^^^^^^^^^^^^^^^^^^^^^^^^^^^^^^^^^^^^^^^^^^^^^^^^^^^^^^^
  File "E:\python\bots\lawyer_bot\venv\Lib\site-packages\tortoise\backends\asyncpg\client.py", line 93, in _translate_exceptions
    raise IntegrityError(exc)
tortoise.exceptions.IntegrityError: повторяющееся значение ключа нарушает ограничение уникальности "users_telegram_id_key"
DETAIL:  Ключ "(telegram_id)=(484385628)" уже существует.
DEBUG    2025-09-23 16:17:27,896 [bot] (get_user.py).get_role_user(34) Возврат роли: 484385628, admin
DEBUG    2025-09-23 16:17:27,896 [bot] (menu_keyboard.py).inline_menu_kb(14) Передаю inline_menu_kb. Роль юзера: admin
WARNING  2025-09-23 16:19:50,058 [bot] (main.py).start_bot(21) Бот закрыт
INFO     2025-09-23 16:19:52,624 [bot] (logging_config.py)._setup_handlers(50) Логирование для 'bot' настроено успешно.
INFO     2025-09-23 16:19:53,046 [bot] (start_handlers.py).seed_admin(27) Проверка: seed_admin вызвана
INFO     2025-09-23 16:19:53,233 [bot] (commands.py).set_commands(20) Установил команды
INFO     2025-09-23 16:19:55,481 [bot] (start_handlers.py).get_start(66) Зарегистрированный пользователь взаимодействует с ботом 484385628
DEBUG    2025-09-23 16:19:55,482 [bot] (get_user.py).get_role_user(34) Возврат роли: 484385628, admin
DEBUG    2025-09-23 16:19:55,482 [bot] (menu_keyboard.py).inline_menu_kb(14) Передаю inline_menu_kb. Роль юзера: admin
WARNING  2025-09-23 16:20:03,332 [bot] (main.py).start_bot(21) Бот закрыт
INFO     2025-09-23 16:20:05,760 [bot] (logging_config.py)._setup_handlers(50) Логирование для 'bot' настроено успешно.
INFO     2025-09-23 16:20:06,288 [bot] (start_handlers.py).seed_admin(27) Проверка: seed_admin вызвана
INFO     2025-09-23 16:20:06,687 [bot] (commands.py).set_commands(20) Установил команды
INFO     2025-09-23 16:20:09,891 [bot] (start_handlers.py).get_start(66) Зарегистрированный пользователь взаимодействует с ботом 484385628
WARNING  2025-09-23 16:21:26,290 [bot] (main.py).start_bot(21) Бот закрыт
INFO     2025-09-23 16:21:28,819 [bot] (logging_config.py)._setup_handlers(50) Логирование для 'bot' настроено успешно.
INFO     2025-09-23 16:21:29,281 [bot] (start_handlers.py).seed_admin(27) Проверка: seed_admin вызвана
INFO     2025-09-23 16:21:29,494 [bot] (commands.py).set_commands(20) Установил команды
INFO     2025-09-23 16:21:31,041 [bot] (start_handlers.py).get_start(66) Зарегистрированный пользователь взаимодействует с ботом 484385628
INFO     2025-09-23 16:21:53,379 [bot] (cancel_state_handler.py).cancel_handler(18) Состояние ожидания: UserState:phone - отменено
DEBUG    2025-09-23 16:21:53,687 [bot] (get_user.py).get_role_user(34) Возврат роли: 484385628, admin
DEBUG    2025-09-23 16:21:53,688 [bot] (menu_keyboard.py).inline_menu_kb(14) Передаю inline_menu_kb. Роль юзера: admin
DEBUG    2025-09-23 16:21:59,516 [bot] (back_handler.py).back(26) Начало обработки back. Текущее состояние: MenuState:admin_menu
DEBUG    2025-09-23 16:21:59,516 [bot] (get_user.py).get_role_user(34) Возврат роли: 484385628, admin
DEBUG    2025-09-23 16:21:59,516 [bot] (menu_keyboard.py).inline_menu_kb(14) Передаю inline_menu_kb. Роль юзера: admin
WARNING  2025-09-23 16:24:58,063 [bot] (main.py).start_bot(21) Бот закрыт
WARNING  2025-09-23 16:24:58,290 [bot] (main.py).<module>(43) Помощник завершены
INFO     2025-09-23 16:25:00,670 [bot] (logging_config.py)._setup_handlers(50) Логирование для 'bot' настроено успешно.
INFO     2025-09-23 16:25:01,226 [bot] (start_handlers.py).seed_admin(27) Проверка: seed_admin вызвана
INFO     2025-09-23 16:25:01,561 [bot] (commands.py).set_commands(20) Установил команды
INFO     2025-09-23 16:25:04,525 [bot] (start_handlers.py).get_start(66) Зарегистрированный пользователь взаимодействует с ботом 484385628
DEBUG    2025-09-23 16:25:04,526 [bot] (get_user.py).get_role_user(34) Возврат роли: 484385628, admin
DEBUG    2025-09-23 16:25:04,526 [bot] (menu_keyboard.py).inline_menu_kb(14) Передаю inline_menu_kb. Роль юзера: admin
WARNING  2025-09-23 17:58:22,860 [bot] (main.py).start_bot(21) Бот закрыт
WARNING  2025-09-23 17:58:23,093 [bot] (main.py).<module>(43) Помощник завершены
INFO     2025-09-23 17:58:25,428 [bot] (logging_config.py)._setup_handlers(50) Логирование для 'bot' настроено успешно.
INFO     2025-09-23 17:58:25,879 [bot] (start_handlers.py).seed_admin(27) Проверка: seed_admin вызвана
INFO     2025-09-23 17:58:26,184 [bot] (commands.py).set_commands(20) Установил команды
WARNING  2025-09-23 18:14:11,675 [bot] (main.py).start_bot(21) Бот закрыт
WARNING  2025-09-23 18:14:11,894 [bot] (main.py).<module>(43) Помощник завершены
INFO     2025-09-23 18:14:14,202 [bot] (logging_config.py)._setup_handlers(50) Логирование для 'bot' настроено успешно.
INFO     2025-09-23 18:14:14,647 [bot] (start_handlers.py).seed_admin(27) Проверка: seed_admin вызвана
INFO     2025-09-23 18:14:14,848 [bot] (commands.py).set_commands(20) Установил команды
INFO     2025-09-23 18:14:20,091 [bot] (start_handlers.py).get_start(66) Зарегистрированный пользователь взаимодействует с ботом 484385628
DEBUG    2025-09-23 18:14:20,092 [bot] (get_user.py).get_role_user(34) Возврат роли: 484385628, admin
DEBUG    2025-09-23 18:14:20,092 [bot] (menu_keyboard.py).inline_menu_kb(14) Передаю inline_menu_kb. Роль юзера: admin
DEBUG    2025-09-23 18:14:23,219 [bot] (contract.py).creating_contract(21) Current state data: {}
DEBUG    2025-09-23 18:14:23,219 [bot] (contract.py).creating_contract(22) contract in data: None
DEBUG    2025-09-23 18:14:34,672 [bot] (back_handler.py).back(26) Начало обработки back. Текущее состояние: CreateRequest:wait_contract
DEBUG    2025-09-23 18:14:35,910 [bot] (acc_screenshot.py).creating_request_acc_screenshot(19) Current state data: {'contract': 'AgACAgIAAxkBAAIoLGjSuV0L3IsEXkmsHIqviGJSluH3AAKU9zEb2N-YSkFCyjI61UAdAQADAgADeAADNgQ'}
DEBUG    2025-09-23 18:14:35,910 [bot] (acc_screenshot.py).creating_request_acc_screenshot(20) acc_screenshot in data: None
DEBUG    2025-09-23 18:14:42,537 [bot] (acc_screenshot.py).creating_request_acc_screenshot_save(41) сохраняю скрин лк
DEBUG    2025-09-23 18:14:42,629 [bot] (acc_screenshot.py).creating_request_acc_screenshot_save(55) получен скрин: None, file_id: AgACAgIAAxkBAAIoL2jSuWeS0K14-EhzOm8Pe4bgMH69AAKV9zEb2N-YSr530Qs4Gzh-AQADAgADeQADNgQ
DEBUG    2025-09-23 18:14:43,806 [bot] (back_handler.py).back(26) Начало обработки back. Текущее состояние: CreateRequest:wait_acc_screenshot
DEBUG    2025-09-23 18:14:44,996 [bot] (contract.py).creating_contract(21) Current state data: {'contract': 'AgACAgIAAxkBAAIoLGjSuV0L3IsEXkmsHIqviGJSluH3AAKU9zEb2N-YSkFCyjI61UAdAQADAgADeAADNgQ', 'acc_screenshot': 'AgACAgIAAxkBAAIoL2jSuWeS0K14-EhzOm8Pe4bgMH69AAKV9zEb2N-YSr530Qs4Gzh-AQADAgADeQADNgQ'}
DEBUG    2025-09-23 18:14:44,997 [bot] (contract.py).creating_contract(22) contract in data: AgACAgIAAxkBAAIoL2jSuWeS0K14-EhzOm8Pe4bgMH69AAKV9zEb2N-YSr530Qs4Gzh-AQADAgADeQADNgQ
DEBUG    2025-09-23 18:14:46,315 [bot] (back_handler.py).back(26) Начало обработки back. Текущее состояние: CreateRequest:wait_contract
DEBUG    2025-09-23 18:14:47,726 [bot] (acc_screenshot.py).creating_request_acc_screenshot(19) Current state data: {'contract': 'AgACAgIAAxkBAAIoLGjSuV0L3IsEXkmsHIqviGJSluH3AAKU9zEb2N-YSkFCyjI61UAdAQADAgADeAADNgQ', 'acc_screenshot': 'AgACAgIAAxkBAAIoL2jSuWeS0K14-EhzOm8Pe4bgMH69AAKV9zEb2N-YSr530Qs4Gzh-AQADAgADeQADNgQ'}
DEBUG    2025-09-23 18:14:47,726 [bot] (acc_screenshot.py).creating_request_acc_screenshot(20) acc_screenshot in data: AgACAgIAAxkBAAIoL2jSuWeS0K14-EhzOm8Pe4bgMH69AAKV9zEb2N-YSr530Qs4Gzh-AQADAgADeQADNgQ
DEBUG    2025-09-23 18:14:49,077 [bot] (back_handler.py).back(26) Начало обработки back. Текущее состояние: CreateRequest:wait_acc_screenshot
DEBUG    2025-09-23 18:14:56,035 [bot] (personal_pass.py).creating_request_pass_save(52) получен скрин лк: [PhotoSize(file_id='AgACAgIAAxkBAAIoNGjSuXSLTWevAAEMDTrv-jXK5N06SAAClvcxG9jfmEpcTVIraGKZXAEAAwIAA3MAAzYE', file_unique_id='AQADlvcxG9jfmEp4', width=90, height=90, file_size=2104), PhotoSize(file_id='AgACAgIAAxkBAAIoNGjSuXSLTWevAAEMDTrv-jXK5N06SAAClvcxG9jfmEpcTVIraGKZXAEAAwIAA20AAzYE', file_unique_id='AQADlvcxG9jfmEpy', width=320, height=320, file_size=23306), PhotoSize(file_id='AgACAgIAAxkBAAIoNGjSuXSLTWevAAEMDTrv-jXK5N06SAAClvcxG9jfmEpcTVIraGKZXAEAAwIAA3gAAzYE', file_unique_id='AQADlvcxG9jfmEp9', width=800, height=800, file_size=83780), PhotoSize(file_id='AgACAgIAAxkBAAIoNGjSuXSLTWevAAEMDTrv-jXK5N06SAAClvcxG9jfmEpcTVIraGKZXAEAAwIAA3kAAzYE', file_unique_id='AQADlvcxG9jfmEp-', width=1024, height=1024, file_size=108015)], file_id: AgACAgIAAxkBAAIoNGjSuXSLTWevAAEMDTrv-jXK5N06SAAClvcxG9jfmEpcTVIraGKZXAEAAwIAA3kAAzYE
DEBUG    2025-09-23 18:14:57,409 [bot] (back_handler.py).back(26) Начало обработки back. Текущее состояние: CreateRequest:wait_pass
DEBUG    2025-09-23 18:15:08,827 [bot] (ndfl.py).creating_request_ndfl_save(54) получен НДФЛ: file_id: BQACAgIAAxkBAAIoN2jSuYHFWoI1Dbi7z0EVYRpQ88ztAALDewAC2N-YSr1OAtIvpVzSNgQ
DEBUG    2025-09-23 18:15:12,143 [bot] (back_handler.py).back(26) Начало обработки back. Текущее состояние: CreateRequest:wait_ndfl
DEBUG    2025-09-23 18:15:20,523 [bot] (extract.py).creating_request_extract_save(55) получена выписка ИЛС: file_id: AgACAgIAAxkBAAIoOmjSuYxrsjY-bruww7XACeO3KK4fAAKb9zEb2N-YSv926JCOft9SAQADAgADeQADNgQ
DEBUG    2025-09-23 18:15:21,537 [bot] (back_handler.py).back(26) Начало обработки back. Текущее состояние: CreateRequest:wait_extract
DEBUG    2025-09-23 18:15:28,686 [bot] (record.py).creating_request_record_book_save(53) получен трудовой книжки: [PhotoSize(file_id='AgACAgIAAxkBAAIoLGjSuV0L3IsEXkmsHIqviGJSluH3AAKU9zEb2N-YSkFCyjI61UAdAQADAgADcwADNgQ', file_unique_id='AQADlPcxG9jfmEp4', width=90, height=78, file_size=944), PhotoSize(file_id='AgACAgIAAxkBAAIoLGjSuV0L3IsEXkmsHIqviGJSluH3AAKU9zEb2N-YSkFCyjI61UAdAQADAgADbQADNgQ', file_unique_id='AQADlPcxG9jfmEpy', width=320, height=279, file_size=13366), PhotoSize(file_id='AgACAgIAAxkBAAIoLGjSuV0L3IsEXkmsHIqviGJSluH3AAKU9zEb2N-YSkFCyjI61UAdAQADAgADeAADNgQ', file_unique_id='AQADlPcxG9jfmEp9', width=596, height=520, file_size=33648)], file_id: AgACAgIAAxkBAAIoLGjSuV0L3IsEXkmsHIqviGJSluH3AAKU9zEb2N-YSkFCyjI61UAdAQADAgADeAADNgQ
DEBUG    2025-09-23 18:15:29,871 [bot] (back_handler.py).back(26) Начало обработки back. Текущее состояние: CreateRequest:wait_record_book
DEBUG    2025-09-23 18:15:30,598 [bot] (back_handler.py).back(26) Начало обработки back. Текущее состояние: UserState:request
DEBUG    2025-09-23 18:15:30,599 [bot] (get_user.py).get_role_user(34) Возврат роли: 484385628, admin
DEBUG    2025-09-23 18:15:30,599 [bot] (menu_keyboard.py).inline_menu_kb(14) Передаю inline_menu_kb. Роль юзера: admin
DEBUG    2025-09-23 18:15:35,653 [bot] (back_handler.py).back(26) Начало обработки back. Текущее состояние: CreateRequest:wait_comment
DEBUG    2025-09-23 18:15:37,899 [bot] (back_handler.py).back(26) Начало обработки back. Текущее состояние: CreateRequest:wait_extract
DEBUG    2025-09-23 18:15:40,414 [bot] (back_handler.py).back(26) Начало обработки back. Текущее состояние: CreateRequest:wait_record_book
DEBUG    2025-09-23 18:15:46,703 [bot] (back_handler.py).back(26) Начало обработки back. Текущее состояние: CreateRequest:wait_comment
DEBUG    2025-09-23 18:15:48,094 [bot] (contract.py).creating_contract(21) Current state data: {'contract': 'AgACAgIAAxkBAAIoLGjSuV0L3IsEXkmsHIqviGJSluH3AAKU9zEb2N-YSkFCyjI61UAdAQADAgADeAADNgQ', 'acc_screenshot': 'AgACAgIAAxkBAAIoL2jSuWeS0K14-EhzOm8Pe4bgMH69AAKV9zEb2N-YSr530Qs4Gzh-AQADAgADeQADNgQ', 'personal_pass': 'AgACAgIAAxkBAAIoNGjSuXSLTWevAAEMDTrv-jXK5N06SAAClvcxG9jfmEpcTVIraGKZXAEAAwIAA3kAAzYE', 'ndfl': 'BQACAgIAAxkBAAIoN2jSuYHFWoI1Dbi7z0EVYRpQ88ztAALDewAC2N-YSr1OAtIvpVzSNgQ', 'extract': 'AgACAgIAAxkBAAIoOmjSuYxrsjY-bruww7XACeO3KK4fAAKb9zEb2N-YSv926JCOft9SAQADAgADeQADNgQ', 'record_book': 'AgACAgIAAxkBAAIoLGjSuV0L3IsEXkmsHIqviGJSluH3AAKU9zEb2N-YSkFCyjI61UAdAQADAgADeAADNgQ', 'comment': 'ыувкаепнргошщлз', 'telegram': 484385628}
DEBUG    2025-09-23 18:15:48,095 [bot] (contract.py).creating_contract(22) contract in data: AgACAgIAAxkBAAIoL2jSuWeS0K14-EhzOm8Pe4bgMH69AAKV9zEb2N-YSr530Qs4Gzh-AQADAgADeQADNgQ
DEBUG    2025-09-23 18:15:49,423 [bot] (back_handler.py).back(26) Начало обработки back. Текущее состояние: CreateRequest:wait_contract
DEBUG    2025-09-23 18:15:50,462 [bot] (user_request_handlers.py).creating_request_save(38) Получаю все data state
INFO     2025-09-23 18:15:50,463 [bot] (save_docs.py).create_folder(61) Создана папка clients\Макушина_М_В
INFO     2025-09-23 18:15:50,691 [bot] (save_docs.py).save_doc(97) Файл contract.jpg сохранен в clients\Макушина_М_В
INFO     2025-09-23 18:15:51,242 [bot] (save_docs.py).save_doc(97) Файл screenshot.jpg сохранен в clients\Макушина_М_В
INFO     2025-09-23 18:15:51,599 [bot] (save_docs.py).save_doc(97) Файл personal_pass.jpg сохранен в clients\Макушина_М_В
INFO     2025-09-23 18:15:51,848 [bot] (save_docs.py).save_doc(97) Файл extract.jpg сохранен в clients\Макушина_М_В
INFO     2025-09-23 18:15:51,971 [bot] (save_docs.py).save_doc(97) Файл ndfl.pdf сохранен в clients\Макушина_М_В
ERROR    2025-09-23 18:15:51,974 [bot] (user_request_handlers.py).creating_request_save(84) Не получилось сохранить заявку: значение NULL в столбце "user_id_id" отношения "salary_requests" нарушает ограничение NOT NULL
DETAIL:  Ошибочная строка содержит (3, clients\Макушина_М_В\contract.jpg, clients\Макушина_М_В\screenshot.jpg, clients\Макушина_М_В\personal_pass.jpg, clients\Макушина_М_В\ndfl.pdf, clients\Макушина_М_В\extract.jpg, null, ыувкаепнргошщлз, f, 2025-09-23 18:15:51.972795+03, null).
Traceback (most recent call last):
  File "E:\python\bots\lawyer_bot\venv\Lib\site-packages\tortoise\backends\asyncpg\client.py", line 89, in _translate_exceptions
    return await func(self, *args, **kwargs)
           ^^^^^^^^^^^^^^^^^^^^^^^^^^^^^^^^^
  File "E:\python\bots\lawyer_bot\venv\Lib\site-packages\tortoise\backends\asyncpg\client.py", line 112, in execute_insert
    return await connection.fetchrow(query, *values)
           ^^^^^^^^^^^^^^^^^^^^^^^^^^^^^^^^^^^^^^^^^
  File "E:\python\bots\lawyer_bot\venv\Lib\site-packages\asyncpg\connection.py", line 748, in fetchrow
    data = await self._execute(
           ^^^^^^^^^^^^^^^^^^^^
    ...<5 lines>...
    )
    ^
  File "E:\python\bots\lawyer_bot\venv\Lib\site-packages\asyncpg\connection.py", line 1864, in _execute
    result, _ = await self.__execute(
                ^^^^^^^^^^^^^^^^^^^^^
    ...<7 lines>...
    )
    ^
  File "E:\python\bots\lawyer_bot\venv\Lib\site-packages\asyncpg\connection.py", line 1961, in __execute
    result, stmt = await self._do_execute(
                   ^^^^^^^^^^^^^^^^^^^^^^^
    ...<5 lines>...
    )
    ^
  File "E:\python\bots\lawyer_bot\venv\Lib\site-packages\asyncpg\connection.py", line 2024, in _do_execute
    result = await executor(stmt, None)
             ^^^^^^^^^^^^^^^^^^^^^^^^^^
  File "asyncpg\\protocol\\protocol.pyx", line 206, in bind_execute
asyncpg.exceptions.NotNullViolationError: значение NULL в столбце "user_id_id" отношения "salary_requests" нарушает ограничение NOT NULL
DETAIL:  Ошибочная строка содержит (3, clients\Макушина_М_В\contract.jpg, clients\Макушина_М_В\screenshot.jpg, clients\Макушина_М_В\personal_pass.jpg, clients\Макушина_М_В\ndfl.pdf, clients\Макушина_М_В\extract.jpg, null, ыувкаепнргошщлз, f, 2025-09-23 18:15:51.972795+03, null).

During handling of the above exception, another exception occurred:

Traceback (most recent call last):
  File "E:\python\bots\lawyer_bot\handlers\user\user_request_handlers.py", line 62, in creating_request_save
    request = await SalaryRequest.create(
              ^^^^^^^^^^^^^^^^^^^^^^^^^^^
    ...<8 lines>...
    )
    ^
  File "E:\python\bots\lawyer_bot\venv\Lib\site-packages\tortoise\models.py", line 1210, in create
    await instance.save(using_db=db, force_create=True)
  File "E:\python\bots\lawyer_bot\venv\Lib\site-packages\tortoise\models.py", line 996, in save
    await executor.execute_insert(self)
  File "E:\python\bots\lawyer_bot\venv\Lib\site-packages\tortoise\backends\base\executor.py", line 188, in execute_insert
    insert_result = await self.db.execute_insert(self.insert_query, values)
                    ^^^^^^^^^^^^^^^^^^^^^^^^^^^^^^^^^^^^^^^^^^^^^^^^^^^^^^^
  File "E:\python\bots\lawyer_bot\venv\Lib\site-packages\tortoise\backends\base_postgres\client.py", line 33, in _translate_exceptions
    return await self._translate_exceptions(func, *args, **kwargs)
           ^^^^^^^^^^^^^^^^^^^^^^^^^^^^^^^^^^^^^^^^^^^^^^^^^^^^^^^
  File "E:\python\bots\lawyer_bot\venv\Lib\site-packages\tortoise\backends\asyncpg\client.py", line 93, in _translate_exceptions
    raise IntegrityError(exc)
tortoise.exceptions.IntegrityError: значение NULL в столбце "user_id_id" отношения "salary_requests" нарушает ограничение NOT NULL
DETAIL:  Ошибочная строка содержит (3, clients\Макушина_М_В\contract.jpg, clients\Макушина_М_В\screenshot.jpg, clients\Макушина_М_В\personal_pass.jpg, clients\Макушина_М_В\ndfl.pdf, clients\Макушина_М_В\extract.jpg, null, ыувкаепнргошщлз, f, 2025-09-23 18:15:51.972795+03, null).
DEBUG    2025-09-23 18:15:51,984 [bot] (get_user.py).get_role_user(34) Возврат роли: 484385628, admin
DEBUG    2025-09-23 18:15:51,984 [bot] (menu_keyboard.py).inline_menu_kb(14) Передаю inline_menu_kb. Роль юзера: admin
WARNING  2025-09-23 18:20:59,279 [bot] (main.py).start_bot(21) Бот закрыт
INFO     2025-09-23 18:21:01,919 [bot] (logging_config.py)._setup_handlers(50) Логирование для 'bot' настроено успешно.
INFO     2025-09-23 18:21:02,387 [bot] (start_handlers.py).seed_admin(27) Проверка: seed_admin вызвана
INFO     2025-09-23 18:21:02,579 [bot] (commands.py).set_commands(20) Установил команды
INFO     2025-09-23 18:21:06,361 [bot] (start_handlers.py).get_start(66) Зарегистрированный пользователь взаимодействует с ботом 484385628
DEBUG    2025-09-23 18:21:06,362 [bot] (get_user.py).get_role_user(34) Возврат роли: 484385628, admin
DEBUG    2025-09-23 18:21:06,362 [bot] (menu_keyboard.py).inline_menu_kb(14) Передаю inline_menu_kb. Роль юзера: admin
DEBUG    2025-09-23 18:21:09,509 [bot] (contract.py).creating_contract(21) Current state data: {}
DEBUG    2025-09-23 18:21:09,510 [bot] (contract.py).creating_contract(22) contract in data: None
DEBUG    2025-09-23 18:21:19,903 [bot] (back_handler.py).back(26) Начало обработки back. Текущее состояние: CreateRequest:wait_contract
DEBUG    2025-09-23 18:21:21,466 [bot] (acc_screenshot.py).creating_request_acc_screenshot(19) Current state data: {'contract': 'BQACAgIAAxkBAAIoSWjSuvMGr9OcA1u5YpUJzzcLhHdCAALmewAC2N-YSpMhJZceRBxGNgQ'}
DEBUG    2025-09-23 18:21:21,466 [bot] (acc_screenshot.py).creating_request_acc_screenshot(20) acc_screenshot in data: None
DEBUG    2025-09-23 18:21:33,099 [bot] (acc_screenshot.py).creating_request_acc_screenshot_save(41) сохраняю скрин лк
DEBUG    2025-09-23 18:21:33,213 [bot] (acc_screenshot.py).creating_request_acc_screenshot_save(55) получен скрин: None, file_id: AgACAgIAAxkBAAIoLGjSuV0L3IsEXkmsHIqviGJSluH3AAKU9zEb2N-YSkFCyjI61UAdAQADAgADeAADNgQ
DEBUG    2025-09-23 18:21:34,130 [bot] (back_handler.py).back(26) Начало обработки back. Текущее состояние: CreateRequest:wait_acc_screenshot
DEBUG    2025-09-23 18:21:41,657 [bot] (extract.py).creating_request_extract_save(55) получена выписка ИЛС: file_id: AgACAgIAAxkBAAIoOmjSuYxrsjY-bruww7XACeO3KK4fAAKb9zEb2N-YSv926JCOft9SAQADAgADeQADNgQ
DEBUG    2025-09-23 18:21:42,613 [bot] (back_handler.py).back(26) Начало обработки back. Текущее состояние: CreateRequest:wait_extract
DEBUG    2025-09-23 18:21:49,438 [bot] (record.py).creating_request_record_book_save(53) получен трудовой книжки: [PhotoSize(file_id='AgACAgIAAxkBAAIoLGjSuV0L3IsEXkmsHIqviGJSluH3AAKU9zEb2N-YSkFCyjI61UAdAQADAgADcwADNgQ', file_unique_id='AQADlPcxG9jfmEp4', width=90, height=78, file_size=944), PhotoSize(file_id='AgACAgIAAxkBAAIoLGjSuV0L3IsEXkmsHIqviGJSluH3AAKU9zEb2N-YSkFCyjI61UAdAQADAgADbQADNgQ', file_unique_id='AQADlPcxG9jfmEpy', width=320, height=279, file_size=13366), PhotoSize(file_id='AgACAgIAAxkBAAIoLGjSuV0L3IsEXkmsHIqviGJSluH3AAKU9zEb2N-YSkFCyjI61UAdAQADAgADeAADNgQ', file_unique_id='AQADlPcxG9jfmEp9', width=596, height=520, file_size=33648)], file_id: AgACAgIAAxkBAAIoLGjSuV0L3IsEXkmsHIqviGJSluH3AAKU9zEb2N-YSkFCyjI61UAdAQADAgADeAADNgQ
DEBUG    2025-09-23 18:21:50,566 [bot] (back_handler.py).back(26) Начало обработки back. Текущее состояние: CreateRequest:wait_record_book
DEBUG    2025-09-23 18:21:52,841 [bot] (back_handler.py).back(26) Начало обработки back. Текущее состояние: CreateRequest:wait_comment
DEBUG    2025-09-23 18:21:55,178 [bot] (back_handler.py).back(26) Начало обработки back. Текущее состояние: CreateRequest:wait_extract
DEBUG    2025-09-23 18:22:01,882 [bot] (personal_pass.py).creating_request_pass_save(52) получен скрин лк: [PhotoSize(file_id='AgACAgIAAxkBAAIoOmjSuYxrsjY-bruww7XACeO3KK4fAAKb9zEb2N-YSv926JCOft9SAQADAgADcwADNgQ', file_unique_id='AQADm_cxG9jfmEp4', width=80, height=90, file_size=916), PhotoSize(file_id='AgACAgIAAxkBAAIoOmjSuYxrsjY-bruww7XACeO3KK4fAAKb9zEb2N-YSv926JCOft9SAQADAgADbQADNgQ', file_unique_id='AQADm_cxG9jfmEpy', width=285, height=320, file_size=12224), PhotoSize(file_id='AgACAgIAAxkBAAIoOmjSuYxrsjY-bruww7XACeO3KK4fAAKb9zEb2N-YSv926JCOft9SAQADAgADeAADNgQ', file_unique_id='AQADm_cxG9jfmEp9', width=713, height=800, file_size=55449), PhotoSize(file_id='AgACAgIAAxkBAAIoOmjSuYxrsjY-bruww7XACeO3KK4fAAKb9zEb2N-YSv926JCOft9SAQADAgADeQADNgQ', file_unique_id='AQADm_cxG9jfmEp-', width=1021, height=1146, file_size=85843)], file_id: AgACAgIAAxkBAAIoOmjSuYxrsjY-bruww7XACeO3KK4fAAKb9zEb2N-YSv926JCOft9SAQADAgADeQADNgQ
DEBUG    2025-09-23 18:22:03,043 [bot] (back_handler.py).back(26) Начало обработки back. Текущее состояние: CreateRequest:wait_pass
DEBUG    2025-09-23 18:22:08,695 [bot] (ndfl.py).creating_request_ndfl_save(54) получен НДФЛ: file_id: AgACAgIAAxkBAAIoLGjSuV0L3IsEXkmsHIqviGJSluH3AAKU9zEb2N-YSkFCyjI61UAdAQADAgADeAADNgQ
DEBUG    2025-09-23 18:22:09,488 [bot] (back_handler.py).back(26) Начало обработки back. Текущее состояние: CreateRequest:wait_ndfl
DEBUG    2025-09-23 18:22:10,680 [bot] (acc_screenshot.py).creating_request_acc_screenshot(19) Current state data: {'contract': 'BQACAgIAAxkBAAIoSWjSuvMGr9OcA1u5YpUJzzcLhHdCAALmewAC2N-YSpMhJZceRBxGNgQ', 'acc_screenshot': 'AgACAgIAAxkBAAIoLGjSuV0L3IsEXkmsHIqviGJSluH3AAKU9zEb2N-YSkFCyjI61UAdAQADAgADeAADNgQ', 'extract': 'AgACAgIAAxkBAAIoOmjSuYxrsjY-bruww7XACeO3KK4fAAKb9zEb2N-YSv926JCOft9SAQADAgADeQADNgQ', 'record_book': 'AgACAgIAAxkBAAIoLGjSuV0L3IsEXkmsHIqviGJSluH3AAKU9zEb2N-YSkFCyjI61UAdAQADAgADeAADNgQ', 'personal_pass': 'AgACAgIAAxkBAAIoOmjSuYxrsjY-bruww7XACeO3KK4fAAKb9zEb2N-YSv926JCOft9SAQADAgADeQADNgQ', 'ndfl': 'AgACAgIAAxkBAAIoLGjSuV0L3IsEXkmsHIqviGJSluH3AAKU9zEb2N-YSkFCyjI61UAdAQADAgADeAADNgQ'}
DEBUG    2025-09-23 18:22:10,681 [bot] (acc_screenshot.py).creating_request_acc_screenshot(20) acc_screenshot in data: AgACAgIAAxkBAAIoLGjSuV0L3IsEXkmsHIqviGJSluH3AAKU9zEb2N-YSkFCyjI61UAdAQADAgADeAADNgQ
DEBUG    2025-09-23 18:22:11,620 [bot] (back_handler.py).back(26) Начало обработки back. Текущее состояние: CreateRequest:wait_acc_screenshot
DEBUG    2025-09-23 18:22:13,247 [bot] (back_handler.py).back(26) Начало обработки back. Текущее состояние: CreateRequest:wait_record_book
INFO     2025-09-23 18:22:18,750 [bot] (cancel_state_handler.py).cancel_handler(18) Состояние ожидания: CreateRequest:wait_comment - отменено
DEBUG    2025-09-23 18:22:19,060 [bot] (get_user.py).get_role_user(34) Возврат роли: 484385628, admin
DEBUG    2025-09-23 18:22:19,060 [bot] (menu_keyboard.py).inline_menu_kb(14) Передаю inline_menu_kb. Роль юзера: admin
DEBUG    2025-09-23 18:22:24,725 [bot] (contract.py).creating_contract(21) Current state data: {}
DEBUG    2025-09-23 18:22:24,726 [bot] (contract.py).creating_contract(22) contract in data: None
DEBUG    2025-09-23 18:22:29,954 [bot] (back_handler.py).back(26) Начало обработки back. Текущее состояние: CreateRequest:wait_contract
DEBUG    2025-09-23 18:22:35,909 [bot] (ndfl.py).creating_request_ndfl_save(54) получен НДФЛ: file_id: BQACAgIAAxkBAAIoZGjSu0B-l-Yiberf4S_s73mpZG83AALtewAC2N-YSvBF1XC6dU0TNgQ
DEBUG    2025-09-23 18:22:36,723 [bot] (back_handler.py).back(26) Начало обработки back. Текущее состояние: CreateRequest:wait_ndfl
DEBUG    2025-09-23 18:22:42,988 [bot] (personal_pass.py).creating_request_pass_save(52) получен скрин лк: [PhotoSize(file_id='AgACAgIAAxkBAAIoLGjSuV0L3IsEXkmsHIqviGJSluH3AAKU9zEb2N-YSkFCyjI61UAdAQADAgADcwADNgQ', file_unique_id='AQADlPcxG9jfmEp4', width=90, height=78, file_size=944), PhotoSize(file_id='AgACAgIAAxkBAAIoLGjSuV0L3IsEXkmsHIqviGJSluH3AAKU9zEb2N-YSkFCyjI61UAdAQADAgADbQADNgQ', file_unique_id='AQADlPcxG9jfmEpy', width=320, height=279, file_size=13366), PhotoSize(file_id='AgACAgIAAxkBAAIoLGjSuV0L3IsEXkmsHIqviGJSluH3AAKU9zEb2N-YSkFCyjI61UAdAQADAgADeAADNgQ', file_unique_id='AQADlPcxG9jfmEp9', width=596, height=520, file_size=33648)], file_id: AgACAgIAAxkBAAIoLGjSuV0L3IsEXkmsHIqviGJSluH3AAKU9zEb2N-YSkFCyjI61UAdAQADAgADeAADNgQ
DEBUG    2025-09-23 18:22:44,247 [bot] (back_handler.py).back(26) Начало обработки back. Текущее состояние: CreateRequest:wait_pass
DEBUG    2025-09-23 18:22:45,580 [bot] (acc_screenshot.py).creating_request_acc_screenshot(19) Current state data: {'contract': 'BQACAgIAAxkBAAIoYWjSuzn3cC-zPZl9AhfocTEqq0qhAALsewAC2N-YSgYgVgUkUE9oNgQ', 'ndfl': 'BQACAgIAAxkBAAIoZGjSu0B-l-Yiberf4S_s73mpZG83AALtewAC2N-YSvBF1XC6dU0TNgQ', 'personal_pass': 'AgACAgIAAxkBAAIoLGjSuV0L3IsEXkmsHIqviGJSluH3AAKU9zEb2N-YSkFCyjI61UAdAQADAgADeAADNgQ'}
DEBUG    2025-09-23 18:22:45,581 [bot] (acc_screenshot.py).creating_request_acc_screenshot(20) acc_screenshot in data: None
DEBUG    2025-09-23 18:22:51,454 [bot] (acc_screenshot.py).creating_request_acc_screenshot_save(41) сохраняю скрин лк
DEBUG    2025-09-23 18:22:51,545 [bot] (acc_screenshot.py).creating_request_acc_screenshot_save(55) получен скрин: None, file_id: AgACAgIAAxkBAAIoOmjSuYxrsjY-bruww7XACeO3KK4fAAKb9zEb2N-YSv926JCOft9SAQADAgADeQADNgQ
DEBUG    2025-09-23 18:22:52,543 [bot] (back_handler.py).back(26) Начало обработки back. Текущее состояние: CreateRequest:wait_acc_screenshot
DEBUG    2025-09-23 18:22:54,459 [bot] (back_handler.py).back(26) Начало обработки back. Текущее состояние: CreateRequest:wait_ndfl
DEBUG    2025-09-23 18:23:01,651 [bot] (record.py).creating_request_record_book_save(53) получен трудовой книжки: None, file_id: BQACAgIAAxkBAAIobmjSu1qlTRB2zmcLQdrozfnHdTyaAALyewAC2N-YSvUFlO4LEO9JNgQ
DEBUG    2025-09-23 18:23:02,633 [bot] (back_handler.py).back(26) Начало обработки back. Текущее состояние: CreateRequest:wait_record_book
DEBUG    2025-09-23 18:23:09,489 [bot] (extract.py).creating_request_extract_save(55) получена выписка ИЛС: file_id: BQACAgIAAxkBAAIocWjSu2E8JTP1x-Hjb0hpIyM8yHHiAAL0ewAC2N-YSok-Bm3UfOJNNgQ
DEBUG    2025-09-23 18:23:10,409 [bot] (back_handler.py).back(26) Начало обработки back. Текущее состояние: CreateRequest:wait_extract
DEBUG    2025-09-23 18:23:15,055 [bot] (back_handler.py).back(26) Начало обработки back. Текущее состояние: CreateRequest:wait_comment
DEBUG    2025-09-23 18:23:16,078 [bot] (user_request_handlers.py).creating_request_save(38) Получаю все data state
INFO     2025-09-23 18:23:16,079 [bot] (save_docs.py).create_folder(61) Создана папка clients\Макушина_М_В_1
INFO     2025-09-23 18:23:16,313 [bot] (save_docs.py).save_doc(97) Файл contract.pdf сохранен в clients\Макушина_М_В_1
INFO     2025-09-23 18:23:16,734 [bot] (save_docs.py).save_doc(97) Файл screenshot.jpg сохранен в clients\Макушина_М_В_1
INFO     2025-09-23 18:23:16,903 [bot] (save_docs.py).save_doc(97) Файл personal_pass.jpg сохранен в clients\Макушина_М_В_1
INFO     2025-09-23 18:23:17,455 [bot] (save_docs.py).save_doc(97) Файл extract.pdf сохранен в clients\Макушина_М_В_1
INFO     2025-09-23 18:23:17,582 [bot] (save_docs.py).save_doc(97) Файл ndfl.pdf сохранен в clients\Макушина_М_В_1
ERROR    2025-09-23 18:23:17,583 [bot] (user_request_handlers.py).creating_request_save(84) Не получилось сохранить заявку: 'int' object has no attribute '_saved_in_db'
Traceback (most recent call last):
  File "E:\python\bots\lawyer_bot\handlers\user\user_request_handlers.py", line 62, in creating_request_save
    request = await SalaryRequest.create(
              ^^^^^^^^^^^^^^^^^^^^^^^^^^^
    ...<8 lines>...
    )
    ^
  File "E:\python\bots\lawyer_bot\venv\Lib\site-packages\tortoise\models.py", line 1207, in create
    instance = cls(**kwargs)
  File "E:\python\bots\lawyer_bot\venv\Lib\site-packages\tortoise\models.py", line 698, in __init__
    for key in meta.fields.difference(self._set_kwargs(kwargs)):
                                      ~~~~~~~~~~~~~~~~^^^^^^^^
  File "E:\python\bots\lawyer_bot\venv\Lib\site-packages\tortoise\models.py", line 724, in _set_kwargs
    if value and not value._saved_in_db:
                     ^^^^^^^^^^^^^^^^^^
AttributeError: 'int' object has no attribute '_saved_in_db'
DEBUG    2025-09-23 18:23:17,638 [bot] (get_user.py).get_role_user(34) Возврат роли: 484385628, admin
DEBUG    2025-09-23 18:23:17,638 [bot] (menu_keyboard.py).inline_menu_kb(14) Передаю inline_menu_kb. Роль юзера: admin
WARNING  2025-09-23 18:28:20,807 [bot] (main.py).start_bot(21) Бот закрыт
WARNING  2025-09-23 18:28:21,022 [bot] (main.py).<module>(43) Помощник завершены
INFO     2025-09-23 18:40:14,595 [bot] (logging_config.py)._setup_handlers(50) Логирование для 'bot' настроено успешно.
INFO     2025-09-23 18:40:15,172 [bot] (start_handlers.py).seed_admin(27) Проверка: seed_admin вызвана
INFO     2025-09-23 18:40:15,396 [bot] (commands.py).set_commands(20) Установил команды
INFO     2025-09-23 18:40:17,444 [bot] (start_handlers.py).get_start(66) Зарегистрированный пользователь взаимодействует с ботом 484385628
DEBUG    2025-09-23 18:40:17,445 [bot] (get_user.py).get_role_user(34) Возврат роли: 484385628, admin
DEBUG    2025-09-23 18:40:17,446 [bot] (menu_keyboard.py).inline_menu_kb(14) Передаю inline_menu_kb. Роль юзера: admin
DEBUG    2025-09-23 18:40:20,250 [bot] (contract.py).creating_contract(21) Current state data: {}
DEBUG    2025-09-23 18:40:20,251 [bot] (contract.py).creating_contract(22) contract in data: None
DEBUG    2025-09-23 18:40:33,156 [bot] (back_handler.py).back(26) Начало обработки back. Текущее состояние: CreateRequest:wait_contract
DEBUG    2025-09-23 18:40:37,034 [bot] (acc_screenshot.py).creating_request_acc_screenshot(19) Current state data: {'contract': 'BQACAgIAAxkBAAIoemjSv3GOwyyXgBtVkApMCiQUpG_OAAJsfAAC2N-YSlJDZ9q_S_dxNgQ'}
DEBUG    2025-09-23 18:40:37,035 [bot] (acc_screenshot.py).creating_request_acc_screenshot(20) acc_screenshot in data: None
DEBUG    2025-09-23 18:40:42,572 [bot] (acc_screenshot.py).creating_request_acc_screenshot_save(41) сохраняю скрин лк
DEBUG    2025-09-23 18:40:42,670 [bot] (acc_screenshot.py).creating_request_acc_screenshot_save(55) получен скрин: None, file_id: AgACAgIAAxkBAAIofWjSv3-fdvF1rihTkF5U8BBPerw_AAKb9zEb2N-YSv926JCOft9SAQADAgADeQADNgQ
DEBUG    2025-09-23 18:40:46,633 [bot] (back_handler.py).back(26) Начало обработки back. Текущее состояние: CreateRequest:wait_acc_screenshot
DEBUG    2025-09-23 18:40:53,622 [bot] (personal_pass.py).creating_request_pass_save(52) получен скрин лк: [PhotoSize(file_id='AgACAgIAAxkBAAIogGjSv4qpsR4IjgQhESE-0RoTnHt9AAKU9zEb2N-YSkFCyjI61UAdAQADAgADcwADNgQ', file_unique_id='AQADlPcxG9jfmEp4', width=90, height=78, file_size=944), PhotoSize(file_id='AgACAgIAAxkBAAIogGjSv4qpsR4IjgQhESE-0RoTnHt9AAKU9zEb2N-YSkFCyjI61UAdAQADAgADbQADNgQ', file_unique_id='AQADlPcxG9jfmEpy', width=320, height=279, file_size=13366), PhotoSize(file_id='AgACAgIAAxkBAAIogGjSv4qpsR4IjgQhESE-0RoTnHt9AAKU9zEb2N-YSkFCyjI61UAdAQADAgADeAADNgQ', file_unique_id='AQADlPcxG9jfmEp9', width=596, height=520, file_size=33648)], file_id: AgACAgIAAxkBAAIogGjSv4qpsR4IjgQhESE-0RoTnHt9AAKU9zEb2N-YSkFCyjI61UAdAQADAgADeAADNgQ
DEBUG    2025-09-23 18:40:54,545 [bot] (back_handler.py).back(26) Начало обработки back. Текущее состояние: CreateRequest:wait_pass
DEBUG    2025-09-23 18:41:01,772 [bot] (ndfl.py).creating_request_ndfl_save(54) получен НДФЛ: file_id: AgACAgIAAxkBAAIofWjSv3-fdvF1rihTkF5U8BBPerw_AAKb9zEb2N-YSv926JCOft9SAQADAgADeQADNgQ
DEBUG    2025-09-23 18:41:02,634 [bot] (back_handler.py).back(26) Начало обработки back. Текущее состояние: CreateRequest:wait_ndfl
DEBUG    2025-09-23 18:41:10,320 [bot] (extract.py).creating_request_extract_save(55) получена выписка ИЛС: file_id: BQACAgIAAxkBAAIohmjSv5qZdnC0robpWq7hAxjVPKHBAAJ0fAAC2N-YSvEvxtMTcJ3hNgQ
DEBUG    2025-09-23 18:41:11,246 [bot] (back_handler.py).back(26) Начало обработки back. Текущее состояние: CreateRequest:wait_extract
DEBUG    2025-09-23 18:41:18,012 [bot] (record.py).creating_request_record_book_save(53) получен трудовой книжки: None, file_id: BQACAgIAAxkBAAIoiWjSv6JKQS7X-l-PdGT7DqW_85U6AAJ2fAAC2N-YSqBmdmibaf2yNgQ
DEBUG    2025-09-23 18:41:18,979 [bot] (back_handler.py).back(26) Начало обработки back. Текущее состояние: CreateRequest:wait_record_book
DEBUG    2025-09-23 18:41:25,037 [bot] (back_handler.py).back(26) Начало обработки back. Текущее состояние: CreateRequest:wait_comment
DEBUG    2025-09-23 18:41:27,517 [bot] (back_handler.py).back(26) Начало обработки back. Текущее состояние: CreateRequest:wait_pass
DEBUG    2025-09-23 18:41:28,577 [bot] (user_request_handlers.py).creating_request_save(38) Получаю все data state
INFO     2025-09-23 18:41:28,578 [bot] (save_docs.py).create_folder(61) Создана папка clients\Макушина_М_В
INFO     2025-09-23 18:41:28,769 [bot] (save_docs.py).save_doc(97) Файл contract.pdf сохранен в clients\Макушина_М_В
INFO     2025-09-23 18:41:28,994 [bot] (save_docs.py).save_doc(97) Файл screenshot.jpg сохранен в clients\Макушина_М_В
INFO     2025-09-23 18:41:29,140 [bot] (save_docs.py).save_doc(97) Файл personal_pass.jpg сохранен в clients\Макушина_М_В
INFO     2025-09-23 18:41:29,513 [bot] (save_docs.py).save_doc(97) Файл extract.pdf сохранен в clients\Макушина_М_В
INFO     2025-09-23 18:41:29,640 [bot] (save_docs.py).save_doc(97) Файл ndfl.jpg сохранен в clients\Макушина_М_В
INFO     2025-09-23 18:41:29,645 [bot] (user_request_handlers.py).creating_request_save(72) Новый запрос по отпускным
INFO     2025-09-23 18:41:30,160 [bot] (send_messages.py)._send_notification(36) Попытка отправки админу 2
DEBUG    2025-09-23 18:41:30,246 [bot] (get_user.py).get_role_user(34) Возврат роли: 484385628, admin
DEBUG    2025-09-23 18:41:30,246 [bot] (menu_keyboard.py).inline_menu_kb(14) Передаю inline_menu_kb. Роль юзера: admin
DEBUG    2025-09-23 18:41:47,654 [bot] (back_handler.py).clear_message(75) Удалил сообщение
WARNING  2025-09-23 18:44:22,055 [bot] (main.py).start_bot(21) Бот закрыт
INFO     2025-09-23 22:29:10,031 [bot] (logging_config.py)._setup_handlers(50) Логирование для 'bot' настроено успешно.
INFO     2025-09-23 22:29:12,871 [bot] (start_handlers.py).seed_admin(27) Проверка: seed_admin вызвана
INFO     2025-09-23 22:29:13,399 [bot] (commands.py).set_commands(20) Установил команды
INFO     2025-09-23 22:29:15,946 [bot] (start_handlers.py).get_start(66) Зарегистрированный пользователь взаимодействует с ботом 484385628
DEBUG    2025-09-23 22:29:15,948 [bot] (get_user.py).get_role_user(34) Возврат роли: 484385628, admin
DEBUG    2025-09-23 22:29:15,949 [bot] (menu_keyboard.py).inline_menu_kb(14) Передаю inline_menu_kb. Роль юзера: admin
DEBUG    2025-09-23 22:29:18,848 [bot] (contract.py).creating_contract(21) Current state data: {}
DEBUG    2025-09-23 22:29:18,848 [bot] (contract.py).creating_contract(22) contract in data: None
DEBUG    2025-09-23 22:32:11,594 [bot] (back_handler.py).back(26) Начало обработки back. Текущее состояние: CreateRequest:wait_contract
DEBUG    2025-09-23 22:32:12,668 [bot] (back_handler.py).back(26) Начало обработки back. Текущее состояние: UserState:request
DEBUG    2025-09-23 22:32:12,670 [bot] (get_user.py).get_role_user(34) Возврат роли: 484385628, admin
DEBUG    2025-09-23 22:32:12,670 [bot] (menu_keyboard.py).inline_menu_kb(14) Передаю inline_menu_kb. Роль юзера: admin
DEBUG    2025-09-23 22:32:25,161 [bot] (get_statistic_handlers.py).get_statistic(27) State MenuState:admin_menu
DEBUG    2025-09-23 22:32:27,113 [bot] (get_statistic_handlers.py).get_period_statistic(58) Выбор даты: get_period_statistic StatsState:waiting_date
DEBUG    2025-09-23 22:32:30,929 [bot] (get_statistic_handlers.py).get_statistic_from_db(215) day_stat: <Statistic>
DEBUG    2025-09-23 22:32:30,930 [bot] (get_statistic_handlers.py).day_statistic(124) Получил статистику за день
DEBUG    2025-09-23 22:32:32,438 [bot] (back_handler.py).back(26) Начало обработки back. Текущее состояние: StatsState:answer
INFO     2025-09-23 22:32:35,916 [bot] (start_handlers.py).get_start(66) Зарегистрированный пользователь взаимодействует с ботом 484385628
DEBUG    2025-09-23 22:32:35,917 [bot] (get_user.py).get_role_user(34) Возврат роли: 484385628, admin
DEBUG    2025-09-23 22:32:35,917 [bot] (menu_keyboard.py).inline_menu_kb(14) Передаю inline_menu_kb. Роль юзера: admin
WARNING  2025-09-23 22:35:23,154 [bot] (main.py).start_bot(21) Бот закрыт
WARNING  2025-09-23 22:35:23,340 [bot] (main.py).<module>(43) Помощник завершены
INFO     2025-09-23 22:35:26,858 [bot] (logging_config.py)._setup_handlers(50) Логирование для 'bot' настроено успешно.
INFO     2025-09-23 22:35:27,575 [bot] (start_handlers.py).seed_admin(27) Проверка: seed_admin вызвана
INFO     2025-09-23 22:35:27,818 [bot] (commands.py).set_commands(20) Установил команды
INFO     2025-09-23 22:35:29,616 [bot] (start_handlers.py).get_start(66) Зарегистрированный пользователь взаимодействует с ботом 484385628
DEBUG    2025-09-23 22:35:29,618 [bot] (get_user.py).get_role_user(34) Возврат роли: 484385628, admin
DEBUG    2025-09-23 22:35:29,619 [bot] (menu_keyboard.py).inline_menu_kb(14) Передаю inline_menu_kb. Роль юзера: admin
WARNING  2025-09-23 22:35:43,673 [bot] (main.py).start_bot(21) Бот закрыт
INFO     2025-09-23 22:35:47,526 [bot] (logging_config.py)._setup_handlers(50) Логирование для 'bot' настроено успешно.
INFO     2025-09-23 22:35:48,311 [bot] (start_handlers.py).seed_admin(27) Проверка: seed_admin вызвана
INFO     2025-09-23 22:35:48,554 [bot] (commands.py).set_commands(20) Установил команды
WARNING  2025-09-23 22:36:00,561 [bot] (main.py).start_bot(21) Бот закрыт
INFO     2025-09-23 22:36:04,478 [bot] (logging_config.py)._setup_handlers(50) Логирование для 'bot' настроено успешно.
INFO     2025-09-23 22:36:05,294 [bot] (start_handlers.py).seed_admin(27) Проверка: seed_admin вызвана
INFO     2025-09-23 22:36:05,508 [bot] (commands.py).set_commands(20) Установил команды
WARNING  2025-09-23 22:37:57,212 [bot] (main.py).start_bot(21) Бот закрыт
INFO     2025-09-23 22:38:01,305 [bot] (logging_config.py)._setup_handlers(50) Логирование для 'bot' настроено успешно.
INFO     2025-09-23 22:38:02,140 [bot] (start_handlers.py).seed_admin(27) Проверка: seed_admin вызвана
INFO     2025-09-23 22:38:02,329 [bot] (commands.py).set_commands(20) Установил команды
INFO     2025-09-23 22:38:03,897 [bot] (start_handlers.py).get_start(66) Зарегистрированный пользователь взаимодействует с ботом 484385628
DEBUG    2025-09-23 22:38:03,900 [bot] (get_user.py).get_role_user(34) Возврат роли: 484385628, admin
DEBUG    2025-09-23 22:38:03,900 [bot] (menu_keyboard.py).inline_menu_kb(14) Передаю inline_menu_kb. Роль юзера: admin
WARNING  2025-09-23 22:43:18,065 [bot] (main.py).start_bot(21) Бот закрыт
INFO     2025-09-23 22:43:21,738 [bot] (logging_config.py)._setup_handlers(50) Логирование для 'bot' настроено успешно.
INFO     2025-09-23 22:43:22,625 [bot] (start_handlers.py).seed_admin(27) Проверка: seed_admin вызвана
INFO     2025-09-23 22:43:22,799 [bot] (commands.py).set_commands(20) Установил команды
DEBUG    2025-09-23 22:43:24,248 [bot] (back_handler.py).back(26) Начало обработки back. Текущее состояние: None
INFO     2025-09-23 22:43:25,884 [bot] (start_handlers.py).get_start(66) Зарегистрированный пользователь взаимодействует с ботом 484385628
DEBUG    2025-09-23 22:43:25,886 [bot] (get_user.py).get_role_user(34) Возврат роли: 484385628, admin
DEBUG    2025-09-23 22:43:25,886 [bot] (menu_keyboard.py).inline_menu_kb(14) Передаю inline_menu_kb. Роль юзера: admin
DEBUG    2025-09-23 22:45:07,467 [bot] (back_handler.py).back(26) Начало обработки back. Текущее состояние: AdminMenuState:requests_menu
ERROR    2025-09-23 22:46:31,316 [bot] (users_requests.py).show_user_request(53) Field user_id on models.SalaryRequest is not a relation
Traceback (most recent call last):
  File "E:\python\bots\lawyer_bot\handlers\admin\users_requests.py", line 43, in show_user_request
    document = await SalaryRequest.filter(id=doc_id).prefetch_related('user_id').first()
                     ~~~~~~~~~~~~~~~~~~~~~~~~~~~~~~~~~~~~~~~~~~~~~~~~^^^^^^^^^^^
  File "E:\python\bots\lawyer_bot\venv\Lib\site-packages\tortoise\queryset.py", line 1013, in prefetch_related
    raise FieldError(
        f"Field {first_level_field} on {self.model._meta.full_name} is not a relation"
    )
tortoise.exceptions.FieldError: Field user_id on models.SalaryRequest is not a relation
WARNING  2025-09-23 22:47:28,643 [bot] (main.py).start_bot(21) Бот закрыт
WARNING  2025-09-23 22:47:28,803 [bot] (main.py).<module>(43) Помощник завершены
INFO     2025-09-23 22:47:32,550 [bot] (logging_config.py)._setup_handlers(50) Логирование для 'bot' настроено успешно.
INFO     2025-09-23 22:47:33,339 [bot] (start_handlers.py).seed_admin(27) Проверка: seed_admin вызвана
INFO     2025-09-23 22:47:33,568 [bot] (commands.py).set_commands(20) Установил команды
INFO     2025-09-23 22:47:35,709 [bot] (start_handlers.py).get_start(66) Зарегистрированный пользователь взаимодействует с ботом 484385628
DEBUG    2025-09-23 22:47:35,711 [bot] (get_user.py).get_role_user(34) Возврат роли: 484385628, admin
DEBUG    2025-09-23 22:47:35,711 [bot] (menu_keyboard.py).inline_menu_kb(14) Передаю inline_menu_kb. Роль юзера: admin
ERROR    2025-09-23 23:00:54,014 [bot] (users_requests.py).show_user_request(49) Field user_id on models.SalaryRequest is not a relation
Traceback (most recent call last):
  File "E:\python\bots\lawyer_bot\handlers\admin\users_requests.py", line 39, in show_user_request
    :param call: request_{request.id}
                         ^^^^^^^^^^^^
  File "E:\python\bots\lawyer_bot\venv\Lib\site-packages\tortoise\queryset.py", line 1013, in prefetch_related
    raise FieldError(
        f"Field {first_level_field} on {self.model._meta.full_name} is not a relation"
    )
tortoise.exceptions.FieldError: Field user_id on models.SalaryRequest is not a relation
WARNING  2025-09-23 23:01:26,293 [bot] (main.py).start_bot(21) Бот закрыт
WARNING  2025-09-23 23:01:26,462 [bot] (main.py).<module>(43) Помощник завершены
INFO     2025-09-23 23:01:30,361 [bot] (logging_config.py)._setup_handlers(50) Логирование для 'bot' настроено успешно.
INFO     2025-09-23 23:01:31,230 [bot] (start_handlers.py).seed_admin(27) Проверка: seed_admin вызвана
INFO     2025-09-23 23:01:31,491 [bot] (commands.py).set_commands(20) Установил команды
INFO     2025-09-23 23:01:53,553 [bot] (logging_config.py)._setup_handlers(50) Логирование для 'bot' настроено успешно.
INFO     2025-09-23 23:01:54,334 [bot] (start_handlers.py).seed_admin(27) Проверка: seed_admin вызвана
INFO     2025-09-23 23:01:54,584 [bot] (commands.py).set_commands(20) Установил команды
ERROR    2025-09-23 23:01:59,018 [bot] (users_requests.py).show_user_request(58) Relation userid for models.SalaryRequest not found
Traceback (most recent call last):
  File "E:\python\bots\lawyer_bot\handlers\admin\users_requests.py", line 48, in show_user_request
    document = await SalaryRequest.filter(id=doc_id).prefetch_related('userid').first()
                     ~~~~~~~~~~~~~~~~~~~~~~~~~~~~~~~~~~~~~~~~~~~~~~~~^^^^^^^^^^
  File "E:\python\bots\lawyer_bot\venv\Lib\site-packages\tortoise\queryset.py", line 1016, in prefetch_related
    raise FieldError(
        f"Relation {first_level_field} for {self.model._meta.full_name} not found"
    )
tortoise.exceptions.FieldError: Relation userid for models.SalaryRequest not found
WARNING  2025-09-23 23:02:49,482 [bot] (main.py).start_bot(21) Бот закрыт
INFO     2025-09-23 23:02:53,523 [bot] (logging_config.py)._setup_handlers(50) Логирование для 'bot' настроено успешно.
INFO     2025-09-23 23:02:54,370 [bot] (start_handlers.py).seed_admin(27) Проверка: seed_admin вызвана
INFO     2025-09-23 23:02:54,583 [bot] (commands.py).set_commands(20) Установил команды
INFO     2025-09-23 23:02:56,305 [bot] (start_handlers.py).get_start(66) Зарегистрированный пользователь взаимодействует с ботом 484385628
DEBUG    2025-09-23 23:02:56,306 [bot] (get_user.py).get_role_user(34) Возврат роли: 484385628, admin
DEBUG    2025-09-23 23:02:56,306 [bot] (menu_keyboard.py).inline_menu_kb(14) Передаю inline_menu_kb. Роль юзера: admin
ERROR    2025-09-23 23:03:00,050 [bot] (users_requests.py).show_user_request(57) HTTP Client says - ClientOSError: [Errno 22] Can not write request body for https://api.telegram.org/bot7693453113:AAFoCltX6v5cl19OiOvcM_Vwta9r4fP2OVo/sendDocument
Traceback (most recent call last):
  File "E:\python\bots\lawyer_bot\venv\Lib\site-packages\aiohttp\client_reqrep.py", line 658, in write_bytes
    await self.body.write(writer)
  File "E:\python\bots\lawyer_bot\venv\Lib\site-packages\aiohttp\multipart.py", line 1008, in write
    await part.write(writer)
  File "E:\python\bots\lawyer_bot\venv\Lib\site-packages\aiohttp\payload.py", line 494, in write
    chunk = await self._iter.__anext__()
            ^^^^^^^^^^^^^^^^^^^^^^^^^^^^
  File "E:\python\bots\lawyer_bot\venv\Lib\site-packages\aiogram\types\input_file.py", line 103, in read
    async with aiofiles.open(self.path, "rb") as f:
               ~~~~~~~~~~~~~^^^^^^^^^^^^^^^^^
  File "E:\python\bots\lawyer_bot\venv\Lib\site-packages\aiofiles\base.py", line 63, in __aenter__
    return await self
           ^^^^^^^^^^
  File "E:\python\bots\lawyer_bot\venv\Lib\site-packages\aiofiles\base.py", line 59, in __await__
    self._obj = yield from self._coro.__await__()
                ^^^^^^^^^^^^^^^^^^^^^^^^^^^^^^^^^
  File "E:\python\bots\lawyer_bot\venv\Lib\site-packages\aiofiles\threadpool\__init__.py", line 92, in _open
    f = await loop.run_in_executor(executor, cb)
        ^^^^^^^^^^^^^^^^^^^^^^^^^^^^^^^^^^^^^^^^
  File "C:\Python313\Lib\concurrent\futures\thread.py", line 59, in run
    result = self.fn(*self.args, **self.kwargs)
OSError: [Errno 22] Invalid argument: '<SalaryRequest>'

The above exception was the direct cause of the following exception:

Traceback (most recent call last):
  File "E:\python\bots\lawyer_bot\venv\Lib\site-packages\aiogram\client\session\aiohttp.py", line 177, in make_request
    async with session.post(
               ~~~~~~~~~~~~^
        url, data=form, timeout=self.timeout if timeout is None else timeout
        ^^^^^^^^^^^^^^^^^^^^^^^^^^^^^^^^^^^^^^^^^^^^^^^^^^^^^^^^^^^^^^^^^^^^
    ) as resp:
    ^
  File "E:\python\bots\lawyer_bot\venv\Lib\site-packages\aiohttp\client.py", line 1425, in __aenter__
    self._resp: _RetType = await self._coro
                           ^^^^^^^^^^^^^^^^
  File "E:\python\bots\lawyer_bot\venv\Lib\site-packages\aiohttp\client.py", line 730, in _request
    await resp.start(conn)
  File "E:\python\bots\lawyer_bot\venv\Lib\site-packages\aiohttp\client_reqrep.py", line 1059, in start
    message, payload = await protocol.read()  # type: ignore[union-attr]
                       ^^^^^^^^^^^^^^^^^^^^^
  File "E:\python\bots\lawyer_bot\venv\Lib\site-packages\aiohttp\streams.py", line 672, in read
    await self._waiter
aiohttp.client_exceptions.ClientOSError: [Errno 22] Can not write request body for https://api.telegram.org/bot7693453113:AAFoCltX6v5cl19OiOvcM_Vwta9r4fP2OVo/sendDocument

During handling of the above exception, another exception occurred:

Traceback (most recent call last):
  File "E:\python\bots\lawyer_bot\handlers\admin\users_requests.py", line 53, in show_user_request
    await bot.send_document(chat_id=call.from_user.id, caption=f"*Заявка от {document.user.second_name}:*",
                            document=file_doc)
  File "E:\python\bots\lawyer_bot\venv\Lib\site-packages\aiogram\client\bot.py", line 2500, in send_document
    return await self(call, request_timeout=request_timeout)
           ^^^^^^^^^^^^^^^^^^^^^^^^^^^^^^^^^^^^^^^^^^^^^^^^^
  File "E:\python\bots\lawyer_bot\venv\Lib\site-packages\aiogram\client\bot.py", line 478, in __call__
    return await self.session(self, method, timeout=request_timeout)
           ^^^^^^^^^^^^^^^^^^^^^^^^^^^^^^^^^^^^^^^^^^^^^^^^^^^^^^^^^
  File "E:\python\bots\lawyer_bot\venv\Lib\site-packages\aiogram\client\session\base.py", line 254, in __call__
    return cast(TelegramType, await middleware(bot, method))
                              ^^^^^^^^^^^^^^^^^^^^^^^^^^^^^
  File "E:\python\bots\lawyer_bot\venv\Lib\site-packages\aiogram\client\session\aiohttp.py", line 184, in make_request
    raise TelegramNetworkError(method=method, message=f"{type(e).__name__}: {e}")
aiogram.exceptions.TelegramNetworkError: HTTP Client says - ClientOSError: [Errno 22] Can not write request body for https://api.telegram.org/bot7693453113:AAFoCltX6v5cl19OiOvcM_Vwta9r4fP2OVo/sendDocument
WARNING  2025-09-23 23:07:06,184 [bot] (main.py).start_bot(21) Бот закрыт
INFO     2025-09-23 23:07:10,063 [bot] (logging_config.py)._setup_handlers(50) Логирование для 'bot' настроено успешно.
INFO     2025-09-23 23:07:10,925 [bot] (start_handlers.py).seed_admin(27) Проверка: seed_admin вызвана
INFO     2025-09-23 23:07:11,105 [bot] (commands.py).set_commands(20) Установил команды
WARNING  2025-09-23 23:28:57,428 [bot] (main.py).start_bot(21) Бот закрыт
WARNING  2025-09-23 23:28:57,589 [bot] (main.py).<module>(43) Помощник завершены
INFO     2025-09-23 23:29:00,654 [bot] (logging_config.py)._setup_handlers(50) Логирование для 'bot' настроено успешно.
INFO     2025-09-23 23:29:01,217 [bot] (start_handlers.py).seed_admin(27) Проверка: seed_admin вызвана
INFO     2025-09-23 23:29:01,452 [bot] (commands.py).set_commands(20) Установил команды
INFO     2025-09-23 23:29:03,084 [bot] (start_handlers.py).get_start(66) Зарегистрированный пользователь взаимодействует с ботом 484385628
DEBUG    2025-09-23 23:29:03,085 [bot] (get_user.py).get_role_user(34) Возврат роли: 484385628, admin
DEBUG    2025-09-23 23:29:03,085 [bot] (menu_keyboard.py).inline_menu_kb(14) Передаю inline_menu_kb. Роль юзера: admin
WARNING  2025-09-23 23:49:57,399 [bot] (main.py).start_bot(21) Бот закрыт
WARNING  2025-09-23 23:49:57,584 [bot] (main.py).<module>(43) Помощник завершены
INFO     2025-09-24 09:33:04,859 [bot] (logging_config.py)._setup_handlers(50) Логирование для 'bot' настроено успешно.
INFO     2025-09-24 09:33:07,028 [bot] (start_handlers.py).seed_admin(27) Проверка: seed_admin вызвана
INFO     2025-09-24 09:33:07,311 [bot] (commands.py).set_commands(20) Установил команды
WARNING  2025-09-24 09:51:29,459 [bot] (main.py).start_bot(21) Бот закрыт
WARNING  2025-09-24 09:51:29,621 [bot] (main.py).<module>(43) Помощник завершены
INFO     2025-09-24 09:51:33,501 [bot] (logging_config.py)._setup_handlers(50) Логирование для 'bot' настроено успешно.
INFO     2025-09-24 09:51:34,115 [bot] (start_handlers.py).seed_admin(27) Проверка: seed_admin вызвана
INFO     2025-09-24 09:51:34,351 [bot] (commands.py).set_commands(20) Установил команды
INFO     2025-09-24 09:51:42,394 [bot] (start_handlers.py).get_start(66) Зарегистрированный пользователь взаимодействует с ботом 484385628
DEBUG    2025-09-24 09:51:42,395 [bot] (get_user.py).get_role_user(34) Возврат роли: 484385628, admin
DEBUG    2025-09-24 09:51:42,396 [bot] (menu_keyboard.py).inline_menu_kb(14) Передаю inline_menu_kb. Роль юзера: admin
INFO     2025-09-24 09:52:11,766 [bot] (start_handlers.py).get_start(66) Зарегистрированный пользователь взаимодействует с ботом 484385628
DEBUG    2025-09-24 09:52:11,767 [bot] (get_user.py).get_role_user(34) Возврат роли: 484385628, admin
DEBUG    2025-09-24 09:52:11,767 [bot] (menu_keyboard.py).inline_menu_kb(14) Передаю inline_menu_kb. Роль юзера: admin
WARNING  2025-09-24 09:52:36,600 [bot] (main.py).start_bot(21) Бот закрыт
INFO     2025-09-24 09:52:39,213 [bot] (logging_config.py)._setup_handlers(50) Логирование для 'bot' настроено успешно.
INFO     2025-09-24 09:52:39,649 [bot] (start_handlers.py).seed_admin(27) Проверка: seed_admin вызвана
INFO     2025-09-24 09:52:39,812 [bot] (commands.py).set_commands(20) Установил команды
INFO     2025-09-24 09:52:41,889 [bot] (start_handlers.py).get_start(66) Зарегистрированный пользователь взаимодействует с ботом 484385628
DEBUG    2025-09-24 09:52:41,890 [bot] (get_user.py).get_role_user(34) Возврат роли: 484385628, admin
DEBUG    2025-09-24 09:52:41,890 [bot] (menu_keyboard.py).inline_menu_kb(14) Передаю inline_menu_kb. Роль юзера: admin
WARNING  2025-09-24 09:53:48,640 [bot] (main.py).start_bot(21) Бот закрыт
INFO     2025-09-24 09:53:51,176 [bot] (logging_config.py)._setup_handlers(50) Логирование для 'bot' настроено успешно.
INFO     2025-09-24 09:53:51,618 [bot] (start_handlers.py).seed_admin(27) Проверка: seed_admin вызвана
INFO     2025-09-24 09:53:51,815 [bot] (commands.py).set_commands(20) Установил команды
INFO     2025-09-24 09:53:55,059 [bot] (start_handlers.py).get_start(66) Зарегистрированный пользователь взаимодействует с ботом 484385628
DEBUG    2025-09-24 09:53:55,060 [bot] (get_user.py).get_role_user(34) Возврат роли: 484385628, admin
DEBUG    2025-09-24 09:53:55,060 [bot] (menu_keyboard.py).inline_menu_kb(14) Передаю inline_menu_kb. Роль юзера: admin
WARNING  2025-09-24 09:54:14,974 [bot] (main.py).start_bot(21) Бот закрыт
INFO     2025-09-24 09:54:17,444 [bot] (logging_config.py)._setup_handlers(50) Логирование для 'bot' настроено успешно.
INFO     2025-09-24 09:54:18,019 [bot] (start_handlers.py).seed_admin(27) Проверка: seed_admin вызвана
INFO     2025-09-24 09:54:18,181 [bot] (commands.py).set_commands(20) Установил команды
INFO     2025-09-24 09:54:21,026 [bot] (start_handlers.py).get_start(66) Зарегистрированный пользователь взаимодействует с ботом 484385628
DEBUG    2025-09-24 09:54:21,027 [bot] (get_user.py).get_role_user(34) Возврат роли: 484385628, admin
DEBUG    2025-09-24 09:54:21,027 [bot] (menu_keyboard.py).inline_menu_kb(14) Передаю inline_menu_kb. Роль юзера: admin
WARNING  2025-09-24 10:02:52,375 [bot] (main.py).start_bot(21) Бот закрыт
WARNING  2025-09-24 10:02:52,546 [bot] (main.py).<module>(43) Помощник завершены
INFO     2025-09-24 10:02:55,097 [bot] (logging_config.py)._setup_handlers(50) Логирование для 'bot' настроено успешно.
INFO     2025-09-24 10:02:55,652 [bot] (start_handlers.py).seed_admin(27) Проверка: seed_admin вызвана
INFO     2025-09-24 10:02:55,838 [bot] (commands.py).set_commands(20) Установил команды
INFO     2025-09-24 10:03:00,575 [bot] (start_handlers.py).get_start(66) Зарегистрированный пользователь взаимодействует с ботом 484385628
DEBUG    2025-09-24 10:03:00,576 [bot] (get_user.py).get_role_user(34) Возврат роли: 484385628, admin
DEBUG    2025-09-24 10:03:00,576 [bot] (menu_keyboard.py).inline_menu_kb(14) Передаю inline_menu_kb. Роль юзера: admin
INFO     2025-09-24 10:03:33,602 [bot] (start_handlers.py).get_start(66) Зарегистрированный пользователь взаимодействует с ботом 484385628
DEBUG    2025-09-24 10:03:33,603 [bot] (get_user.py).get_role_user(34) Возврат роли: 484385628, admin
DEBUG    2025-09-24 10:03:33,603 [bot] (menu_keyboard.py).inline_menu_kb(14) Передаю inline_menu_kb. Роль юзера: admin
WARNING  2025-09-24 10:04:01,614 [bot] (main.py).start_bot(21) Бот закрыт
INFO     2025-09-24 10:04:04,065 [bot] (logging_config.py)._setup_handlers(50) Логирование для 'bot' настроено успешно.
INFO     2025-09-24 10:04:04,492 [bot] (start_handlers.py).seed_admin(27) Проверка: seed_admin вызвана
INFO     2025-09-24 10:04:04,699 [bot] (commands.py).set_commands(20) Установил команды
INFO     2025-09-24 10:04:09,121 [bot] (start_handlers.py).get_start(66) Зарегистрированный пользователь взаимодействует с ботом 484385628
DEBUG    2025-09-24 10:04:09,122 [bot] (get_user.py).get_role_user(34) Возврат роли: 484385628, admin
DEBUG    2025-09-24 10:04:09,122 [bot] (menu_keyboard.py).inline_menu_kb(14) Передаю inline_menu_kb. Роль юзера: admin
WARNING  2025-09-24 10:18:31,031 [bot] (main.py).start_bot(21) Бот закрыт
WARNING  2025-09-24 10:18:31,190 [bot] (main.py).<module>(43) Помощник завершены
INFO     2025-09-24 10:18:34,217 [bot] (logging_config.py)._setup_handlers(50) Логирование для 'bot' настроено успешно.
INFO     2025-09-24 10:18:34,769 [bot] (start_handlers.py).seed_admin(27) Проверка: seed_admin вызвана
INFO     2025-09-24 10:18:34,963 [bot] (commands.py).set_commands(20) Установил команды
INFO     2025-09-24 10:18:48,012 [bot] (start_handlers.py).get_start(66) Зарегистрированный пользователь взаимодействует с ботом 484385628
DEBUG    2025-09-24 10:18:48,013 [bot] (get_user.py).get_role_user(34) Возврат роли: 484385628, admin
DEBUG    2025-09-24 10:18:48,013 [bot] (menu_keyboard.py).inline_menu_kb(14) Передаю inline_menu_kb. Роль юзера: admin
DEBUG    2025-09-24 10:18:56,809 [bot] (back_handler.py).back(26) Начало обработки back. Текущее состояние: AdminMenuState:request
INFO     2025-09-24 10:19:57,472 [bot] (start_handlers.py).get_start(66) Зарегистрированный пользователь взаимодействует с ботом 484385628
DEBUG    2025-09-24 10:19:57,473 [bot] (get_user.py).get_role_user(34) Возврат роли: 484385628, admin
DEBUG    2025-09-24 10:19:57,473 [bot] (menu_keyboard.py).inline_menu_kb(14) Передаю inline_menu_kb. Роль юзера: admin
DEBUG    2025-09-24 10:20:00,895 [bot] (back_handler.py).back(26) Начало обработки back. Текущее состояние: AdminMenuState:requests_menu
INFO     2025-09-24 10:20:08,417 [bot] (start_handlers.py).get_start(66) Зарегистрированный пользователь взаимодействует с ботом 484385628
DEBUG    2025-09-24 10:20:08,418 [bot] (get_user.py).get_role_user(34) Возврат роли: 484385628, admin
DEBUG    2025-09-24 10:20:08,418 [bot] (menu_keyboard.py).inline_menu_kb(14) Передаю inline_menu_kb. Роль юзера: admin
WARNING  2025-09-24 10:20:35,512 [bot] (main.py).start_bot(21) Бот закрыт
INFO     2025-09-24 10:20:38,018 [bot] (logging_config.py)._setup_handlers(50) Логирование для 'bot' настроено успешно.
INFO     2025-09-24 10:20:38,460 [bot] (start_handlers.py).seed_admin(27) Проверка: seed_admin вызвана
INFO     2025-09-24 10:20:38,645 [bot] (commands.py).set_commands(20) Установил команды
INFO     2025-09-24 10:20:40,780 [bot] (start_handlers.py).get_start(66) Зарегистрированный пользователь взаимодействует с ботом 484385628
DEBUG    2025-09-24 10:20:40,781 [bot] (get_user.py).get_role_user(34) Возврат роли: 484385628, admin
DEBUG    2025-09-24 10:20:40,781 [bot] (menu_keyboard.py).inline_menu_kb(14) Передаю inline_menu_kb. Роль юзера: admin
DEBUG    2025-09-24 10:20:45,186 [bot] (back_handler.py).back(26) Начало обработки back. Текущее состояние: AdminMenuState:requests_menu
WARNING  2025-09-24 10:23:03,816 [bot] (main.py).start_bot(21) Бот закрыт
INFO     2025-09-24 10:23:06,370 [bot] (logging_config.py)._setup_handlers(50) Логирование для 'bot' настроено успешно.
INFO     2025-09-24 10:23:06,805 [bot] (start_handlers.py).seed_admin(27) Проверка: seed_admin вызвана
INFO     2025-09-24 10:23:06,970 [bot] (commands.py).set_commands(20) Установил команды
INFO     2025-09-24 10:23:11,518 [bot] (start_handlers.py).get_start(66) Зарегистрированный пользователь взаимодействует с ботом 484385628
DEBUG    2025-09-24 10:23:11,519 [bot] (get_user.py).get_role_user(34) Возврат роли: 484385628, admin
DEBUG    2025-09-24 10:23:11,519 [bot] (menu_keyboard.py).inline_menu_kb(14) Передаю inline_menu_kb. Роль юзера: admin
DEBUG    2025-09-24 10:23:15,337 [bot] (back_handler.py).back(27) Начало обработки back. Текущее состояние: AdminMenuState:requests_menu
DEBUG    2025-09-24 10:23:19,918 [bot] (back_handler.py).back(27) Начало обработки back. Текущее состояние: AdminMenuState:request
WARNING  2025-09-24 10:41:15,955 [bot] (main.py).start_bot(21) Бот закрыт
WARNING  2025-09-24 10:41:16,123 [bot] (main.py).<module>(43) Помощник завершены
INFO     2025-09-24 10:41:18,362 [bot] (logging_config.py)._setup_handlers(50) Логирование для 'bot' настроено успешно.
INFO     2025-09-24 10:41:18,779 [bot] (start_handlers.py).seed_admin(27) Проверка: seed_admin вызвана
INFO     2025-09-24 10:41:19,063 [bot] (commands.py).set_commands(20) Установил команды
INFO     2025-09-24 10:41:27,212 [bot] (start_handlers.py).get_start(66) Зарегистрированный пользователь взаимодействует с ботом 484385628
DEBUG    2025-09-24 10:41:27,213 [bot] (get_user.py).get_role_user(34) Возврат роли: 484385628, admin
DEBUG    2025-09-24 10:41:27,213 [bot] (menu_keyboard.py).inline_menu_kb(14) Передаю inline_menu_kb. Роль юзера: admin
ERROR    2025-09-24 10:41:33,841 [bot] (users_requests.py).show_user_request(114) Ошибка в отображении заявки пользователя: 'list' object has no attribute 'message_id'
Traceback (most recent call last):
  File "E:\python\bots\lawyer_bot\handlers\admin\users_requests.py", line 98, in show_user_request
    media_messages_ids.append(sent_message.message_id)  # Добавляем каждый ID в список
                              ^^^^^^^^^^^^^^^^^^^^^^^
AttributeError: 'list' object has no attribute 'message_id'
DEBUG    2025-09-24 10:41:40,187 [bot] (back_handler.py).back(27) Начало обработки back. Текущее состояние: AdminMenuState:requests_menu
WARNING  2025-09-24 10:44:40,125 [bot] (main.py).start_bot(21) Бот закрыт
INFO     2025-09-24 10:44:42,601 [bot] (logging_config.py)._setup_handlers(50) Логирование для 'bot' настроено успешно.
INFO     2025-09-24 10:44:43,140 [bot] (start_handlers.py).seed_admin(27) Проверка: seed_admin вызвана
INFO     2025-09-24 10:44:43,437 [bot] (commands.py).set_commands(20) Установил команды
INFO     2025-09-24 10:44:46,967 [bot] (start_handlers.py).get_start(66) Зарегистрированный пользователь взаимодействует с ботом 484385628
DEBUG    2025-09-24 10:44:46,968 [bot] (get_user.py).get_role_user(34) Возврат роли: 484385628, admin
DEBUG    2025-09-24 10:44:46,968 [bot] (menu_keyboard.py).inline_menu_kb(14) Передаю inline_menu_kb. Роль юзера: admin
DEBUG    2025-09-24 10:44:56,042 [bot] (back_handler.py).back(27) Начало обработки back. Текущее состояние: AdminMenuState:request
DEBUG    2025-09-24 10:44:56,042 [bot] (back_handler.py).back(75) список сообщений для удаления: [10517, 10518, 10519, 10520, 10521]
DEBUG    2025-09-24 10:45:06,126 [bot] (back_handler.py).back(27) Начало обработки back. Текущее состояние: AdminMenuState:request
DEBUG    2025-09-24 10:45:06,126 [bot] (back_handler.py).back(75) список сообщений для удаления: [10522, 10523, 10524, 10525, 10526]
DEBUG    2025-09-24 10:45:30,058 [bot] (back_handler.py).back(27) Начало обработки back. Текущее состояние: AdminMenuState:request
DEBUG    2025-09-24 10:45:30,058 [bot] (back_handler.py).back(75) список сообщений для удаления: [10527, 10528, 10529, 10530, 10531]
WARNING  2025-09-24 10:47:52,961 [bot] (main.py).start_bot(21) Бот закрыт
INFO     2025-09-24 10:47:55,808 [bot] (logging_config.py)._setup_handlers(50) Логирование для 'bot' настроено успешно.
INFO     2025-09-24 10:47:56,214 [bot] (start_handlers.py).seed_admin(27) Проверка: seed_admin вызвана
INFO     2025-09-24 10:47:56,413 [bot] (commands.py).set_commands(20) Установил команды
INFO     2025-09-24 10:48:12,333 [bot] (start_handlers.py).get_start(66) Зарегистрированный пользователь взаимодействует с ботом 484385628
DEBUG    2025-09-24 10:48:12,335 [bot] (get_user.py).get_role_user(34) Возврат роли: 484385628, admin
DEBUG    2025-09-24 10:48:12,335 [bot] (menu_keyboard.py).inline_menu_kb(14) Передаю inline_menu_kb. Роль юзера: admin
ERROR    2025-09-24 10:48:15,990 [bot] (users_requests.py).show_user_request(119) Ошибка в отображении заявки пользователя: Bot.send_message() missing 1 required positional argument: 'text'
Traceback (most recent call last):
  File "E:\python\bots\lawyer_bot\handlers\admin\users_requests.py", line 114, in show_user_request
    await bot.send_message(chat_id=call.from_user.id, reply_markup=back_button())
          ~~~~~~~~~~~~~~~~^^^^^^^^^^^^^^^^^^^^^^^^^^^^^^^^^^^^^^^^^^^^^^^^^^^^^^^
TypeError: Bot.send_message() missing 1 required positional argument: 'text'
DEBUG    2025-09-24 10:48:28,992 [bot] (back_handler.py).back(27) Начало обработки back. Текущее состояние: AdminMenuState:requests_menu
WARNING  2025-09-24 10:49:04,074 [bot] (main.py).start_bot(21) Бот закрыт
INFO     2025-09-24 10:49:06,656 [bot] (logging_config.py)._setup_handlers(50) Логирование для 'bot' настроено успешно.
INFO     2025-09-24 10:49:07,088 [bot] (start_handlers.py).seed_admin(27) Проверка: seed_admin вызвана
INFO     2025-09-24 10:49:07,250 [bot] (commands.py).set_commands(20) Установил команды
INFO     2025-09-24 10:49:09,396 [bot] (start_handlers.py).get_start(66) Зарегистрированный пользователь взаимодействует с ботом 484385628
DEBUG    2025-09-24 10:49:09,397 [bot] (get_user.py).get_role_user(34) Возврат роли: 484385628, admin
DEBUG    2025-09-24 10:49:09,397 [bot] (menu_keyboard.py).inline_menu_kb(14) Передаю inline_menu_kb. Роль юзера: admin
DEBUG    2025-09-24 10:49:17,488 [bot] (back_handler.py).back(27) Начало обработки back. Текущее состояние: AdminMenuState:request
DEBUG    2025-09-24 10:49:17,488 [bot] (back_handler.py).back(75) список сообщений для удаления: [10542, 10543, 10544, 10545, 10546, 10547]
WARNING  2025-09-24 10:49:54,458 [bot] (main.py).start_bot(21) Бот закрыт
INFO     2025-09-24 10:49:56,976 [bot] (logging_config.py)._setup_handlers(50) Логирование для 'bot' настроено успешно.
INFO     2025-09-24 10:49:57,525 [bot] (start_handlers.py).seed_admin(27) Проверка: seed_admin вызвана
INFO     2025-09-24 10:49:57,713 [bot] (commands.py).set_commands(20) Установил команды
INFO     2025-09-24 10:50:04,626 [bot] (start_handlers.py).get_start(66) Зарегистрированный пользователь взаимодействует с ботом 484385628
DEBUG    2025-09-24 10:50:04,627 [bot] (get_user.py).get_role_user(34) Возврат роли: 484385628, admin
DEBUG    2025-09-24 10:50:04,627 [bot] (menu_keyboard.py).inline_menu_kb(14) Передаю inline_menu_kb. Роль юзера: admin
DEBUG    2025-09-24 10:50:25,108 [bot] (back_handler.py).back(27) Начало обработки back. Текущее состояние: AdminMenuState:request
DEBUG    2025-09-24 10:50:25,108 [bot] (back_handler.py).back(75) список сообщений для удаления: [10557, 10558, 10559, 10560, 10561, 10562]
DEBUG    2025-09-24 10:50:25,276 [bot] (back_handler.py).back(27) Начало обработки back. Текущее состояние: AdminMenuState:request
DEBUG    2025-09-24 10:50:25,276 [bot] (back_handler.py).back(75) список сообщений для удаления: [10557, 10558, 10559, 10560, 10561, 10562]
DEBUG    2025-09-24 10:50:46,233 [bot] (back_handler.py).back(27) Начало обработки back. Текущее состояние: AdminMenuState:request
DEBUG    2025-09-24 10:50:46,233 [bot] (back_handler.py).back(75) список сообщений для удаления: [10563, 10564, 10565, 10566, 10567, 10568]
DEBUG    2025-09-24 10:51:00,615 [bot] (back_handler.py).back(27) Начало обработки back. Текущее состояние: AdminMenuState:request
DEBUG    2025-09-24 10:51:00,615 [bot] (back_handler.py).back(75) список сообщений для удаления: [10569, 10570, 10571, 10572, 10573, 10574]
DEBUG    2025-09-24 10:52:18,768 [bot] (back_handler.py).back(27) Начало обработки back. Текущее состояние: AdminMenuState:request
DEBUG    2025-09-24 10:52:18,768 [bot] (back_handler.py).back(75) список сообщений для удаления: [10575, 10576, 10577, 10578, 10579, 10580]
WARNING  2025-09-24 10:54:12,652 [bot] (main.py).start_bot(21) Бот закрыт
WARNING  2025-09-24 10:54:12,808 [bot] (main.py).<module>(43) Помощник завершены
INFO     2025-09-24 10:54:15,163 [bot] (logging_config.py)._setup_handlers(50) Логирование для 'bot' настроено успешно.
INFO     2025-09-24 10:54:15,724 [bot] (start_handlers.py).seed_admin(27) Проверка: seed_admin вызвана
INFO     2025-09-24 10:54:15,942 [bot] (commands.py).set_commands(20) Установил команды
INFO     2025-09-24 10:54:31,606 [bot] (start_handlers.py).get_start(66) Зарегистрированный пользователь взаимодействует с ботом 484385628
DEBUG    2025-09-24 10:54:31,607 [bot] (get_user.py).get_role_user(34) Возврат роли: 484385628, admin
DEBUG    2025-09-24 10:54:31,608 [bot] (menu_keyboard.py).inline_menu_kb(14) Передаю inline_menu_kb. Роль юзера: admin
DEBUG    2025-09-24 10:54:39,914 [bot] (back_handler.py).back(27) Начало обработки back. Текущее состояние: AdminMenuState:request
DEBUG    2025-09-24 10:54:39,914 [bot] (back_handler.py).back(75) список сообщений для удаления: [10584, 10585, 10586, 10587, 10588, 10589]
DEBUG    2025-09-24 10:54:40,151 [bot] (back_handler.py).back(27) Начало обработки back. Текущее состояние: AdminMenuState:request
DEBUG    2025-09-24 10:54:40,151 [bot] (back_handler.py).back(75) список сообщений для удаления: [10584, 10585, 10586, 10587, 10588, 10589]
WARNING  2025-09-24 10:55:11,315 [bot] (main.py).start_bot(21) Бот закрыт
INFO     2025-09-24 10:55:13,595 [bot] (logging_config.py)._setup_handlers(50) Логирование для 'bot' настроено успешно.
INFO     2025-09-24 10:55:14,029 [bot] (start_handlers.py).seed_admin(27) Проверка: seed_admin вызвана
INFO     2025-09-24 10:55:14,211 [bot] (commands.py).set_commands(20) Установил команды
INFO     2025-09-24 10:55:25,669 [bot] (start_handlers.py).get_start(66) Зарегистрированный пользователь взаимодействует с ботом 484385628
DEBUG    2025-09-24 10:55:25,670 [bot] (get_user.py).get_role_user(34) Возврат роли: 484385628, admin
DEBUG    2025-09-24 10:55:25,670 [bot] (menu_keyboard.py).inline_menu_kb(14) Передаю inline_menu_kb. Роль юзера: admin
DEBUG    2025-09-24 10:55:32,323 [bot] (back_handler.py).back(27) Начало обработки back. Текущее состояние: AdminMenuState:request
DEBUG    2025-09-24 10:55:32,323 [bot] (back_handler.py).back(75) список сообщений для удаления: [10594, 10595, 10596, 10597, 10598, 10599]
DEBUG    2025-09-24 10:55:32,610 [bot] (back_handler.py).back(27) Начало обработки back. Текущее состояние: AdminMenuState:request
DEBUG    2025-09-24 10:55:32,611 [bot] (back_handler.py).back(75) список сообщений для удаления: [10594, 10595, 10596, 10597, 10598, 10599]
DEBUG    2025-09-24 10:55:32,758 [bot] (back_handler.py).back(27) Начало обработки back. Текущее состояние: AdminMenuState:requests_menu
DEBUG    2025-09-24 10:55:43,077 [bot] (back_handler.py).back(27) Начало обработки back. Текущее состояние: AdminMenuState:request
DEBUG    2025-09-24 10:55:43,078 [bot] (back_handler.py).back(75) список сообщений для удаления: [10601, 10602, 10603, 10604, 10605, 10606]
WARNING  2025-09-24 11:23:48,944 [bot] (main.py).start_bot(21) Бот закрыт
WARNING  2025-09-24 11:23:49,088 [bot] (main.py).<module>(43) Помощник завершены
INFO     2025-09-24 11:23:51,575 [bot] (logging_config.py)._setup_handlers(50) Логирование для 'bot' настроено успешно.
INFO     2025-09-24 11:23:51,993 [bot] (start_handlers.py).seed_admin(27) Проверка: seed_admin вызвана
INFO     2025-09-24 11:23:52,200 [bot] (commands.py).set_commands(20) Установил команды
INFO     2025-09-24 11:23:54,446 [bot] (start_handlers.py).get_start(66) Зарегистрированный пользователь взаимодействует с ботом 484385628
DEBUG    2025-09-24 11:23:54,447 [bot] (get_user.py).get_role_user(34) Возврат роли: 484385628, admin
DEBUG    2025-09-24 11:23:54,447 [bot] (menu_keyboard.py).inline_menu_kb(14) Передаю inline_menu_kb. Роль юзера: admin
DEBUG    2025-09-24 11:24:07,015 [bot] (back_handler.py).back(29) Начало обработки back. Текущее состояние: AdminMenuState:request
DEBUG    2025-09-24 11:24:07,016 [bot] (back_handler.py).back(77) список сообщений для удаления: [10610, 10611, 10612, 10613, 10614, 10615]
DEBUG    2025-09-24 11:24:50,736 [bot] (back_handler.py).back(29) Начало обработки back. Текущее состояние: AdminMenuState:requests_menu
DEBUG    2025-09-24 11:24:58,454 [bot] (back_handler.py).back(29) Начало обработки back. Текущее состояние: AdminMenuState:request
DEBUG    2025-09-24 11:24:58,454 [bot] (back_handler.py).back(77) список сообщений для удаления: [10616, 10617, 10618, 10619, 10620, 10621]
WARNING  2025-09-24 11:34:41,874 [bot] (main.py).start_bot(21) Бот закрыт
WARNING  2025-09-24 11:34:42,044 [bot] (main.py).<module>(43) Помощник завершены
INFO     2025-09-24 11:34:44,386 [bot] (logging_config.py)._setup_handlers(50) Логирование для 'bot' настроено успешно.
INFO     2025-09-24 11:34:44,829 [bot] (start_handlers.py).seed_admin(27) Проверка: seed_admin вызвана
INFO     2025-09-24 11:34:45,202 [bot] (commands.py).set_commands(20) Установил команды
INFO     2025-09-24 11:34:53,142 [bot] (start_handlers.py).get_start(66) Зарегистрированный пользователь взаимодействует с ботом 484385628
DEBUG    2025-09-24 11:34:53,143 [bot] (get_user.py).get_role_user(34) Возврат роли: 484385628, admin
DEBUG    2025-09-24 11:34:53,143 [bot] (menu_keyboard.py).inline_menu_kb(14) Передаю inline_menu_kb. Роль юзера: admin
DEBUG    2025-09-24 11:34:59,276 [bot] (back_handler.py).back(29) Начало обработки back. Текущее состояние: AdminMenuState:request
DEBUG    2025-09-24 11:34:59,276 [bot] (back_handler.py).back(77) список сообщений для удаления: [10625, 10626, 10627, 10628, 10629, 10630]
DEBUG    2025-09-24 11:35:12,225 [bot] (back_handler.py).back(29) Начало обработки back. Текущее состояние: AdminMenuState:request
DEBUG    2025-09-24 11:35:12,225 [bot] (back_handler.py).back(77) список сообщений для удаления: [10631, 10633, 10634, 10635, 10636, 10637]
DEBUG    2025-09-24 11:35:16,851 [bot] (back_handler.py).back(29) Начало обработки back. Текущее состояние: AdminMenuState:request
DEBUG    2025-09-24 11:35:16,851 [bot] (back_handler.py).back(77) список сообщений для удаления: [10638, 10640, 10641, 10642, 10643, 10644]
WARNING  2025-09-24 11:35:39,551 [bot] (main.py).start_bot(21) Бот закрыт
INFO     2025-09-24 11:35:42,059 [bot] (logging_config.py)._setup_handlers(50) Логирование для 'bot' настроено успешно.
INFO     2025-09-24 11:35:42,476 [bot] (start_handlers.py).seed_admin(27) Проверка: seed_admin вызвана
INFO     2025-09-24 11:35:42,627 [bot] (commands.py).set_commands(20) Установил команды
DEBUG    2025-09-24 11:35:49,569 [bot] (back_handler.py).back(29) Начало обработки back. Текущее состояние: AdminMenuState:request
DEBUG    2025-09-24 11:35:49,569 [bot] (back_handler.py).back(77) список сообщений для удаления: [10645, 10648, 10649, 10650, 10651, 10652]
INFO     2025-09-24 11:36:03,024 [bot] (start_handlers.py).get_start(66) Зарегистрированный пользователь взаимодействует с ботом 484385628
DEBUG    2025-09-24 11:36:03,025 [bot] (get_user.py).get_role_user(34) Возврат роли: 484385628, admin
DEBUG    2025-09-24 11:36:03,025 [bot] (menu_keyboard.py).inline_menu_kb(14) Передаю inline_menu_kb. Роль юзера: admin
DEBUG    2025-09-24 11:36:05,786 [bot] (back_handler.py).back(29) Начало обработки back. Текущее состояние: UserState:request
DEBUG    2025-09-24 11:36:05,787 [bot] (get_user.py).get_role_user(34) Возврат роли: 484385628, admin
DEBUG    2025-09-24 11:36:05,787 [bot] (menu_keyboard.py).inline_menu_kb(14) Передаю inline_menu_kb. Роль юзера: admin
DEBUG    2025-09-24 11:36:11,854 [bot] (back_handler.py).back(29) Начало обработки back. Текущее состояние: AdminMenuState:request
DEBUG    2025-09-24 11:36:11,854 [bot] (back_handler.py).back(77) список сообщений для удаления: [10656, 10657, 10658, 10659, 10660, 10661]
DEBUG    2025-09-24 11:36:19,868 [bot] (back_handler.py).back(29) Начало обработки back. Текущее состояние: AdminMenuState:request
DEBUG    2025-09-24 11:36:19,868 [bot] (back_handler.py).back(77) список сообщений для удаления: [10662, 10664, 10665, 10666, 10667, 10668]
DEBUG    2025-09-24 11:36:27,721 [bot] (back_handler.py).back(29) Начало обработки back. Текущее состояние: AdminMenuState:request
DEBUG    2025-09-24 11:36:27,721 [bot] (back_handler.py).back(77) список сообщений для удаления: [10669, 10671, 10672, 10673, 10674, 10675]
DEBUG    2025-09-24 11:36:33,215 [bot] (back_handler.py).back(29) Начало обработки back. Текущее состояние: AdminMenuState:request
DEBUG    2025-09-24 11:36:33,216 [bot] (back_handler.py).back(77) список сообщений для удаления: [10676, 10678, 10679, 10680, 10681, 10682]
DEBUG    2025-09-24 11:38:05,364 [bot] (back_handler.py).back(29) Начало обработки back. Текущее состояние: AdminMenuState:request
DEBUG    2025-09-24 11:38:05,364 [bot] (back_handler.py).back(77) список сообщений для удаления: [10683, 10685, 10686, 10687, 10688, 10689]
DEBUG    2025-09-24 11:38:17,612 [bot] (back_handler.py).back(29) Начало обработки back. Текущее состояние: AdminMenuState:requests_menu
DEBUG    2025-09-24 11:38:19,776 [bot] (back_handler.py).back(29) Начало обработки back. Текущее состояние: MenuState:admin_menu
DEBUG    2025-09-24 11:38:19,777 [bot] (get_user.py).get_role_user(34) Возврат роли: 484385628, admin
DEBUG    2025-09-24 11:38:19,777 [bot] (menu_keyboard.py).inline_menu_kb(14) Передаю inline_menu_kb. Роль юзера: admin
DEBUG    2025-09-24 11:38:29,699 [bot] (back_handler.py).back(29) Начало обработки back. Текущее состояние: MenuState:admin_menu
DEBUG    2025-09-24 11:38:29,700 [bot] (get_user.py).get_role_user(34) Возврат роли: 484385628, admin
DEBUG    2025-09-24 11:38:29,700 [bot] (menu_keyboard.py).inline_menu_kb(14) Передаю inline_menu_kb. Роль юзера: admin
DEBUG    2025-09-24 11:38:31,738 [bot] (user_request_handlers.py).creating_request_save(38) Получаю все data state
INFO     2025-09-24 11:38:31,738 [bot] (user_request_handlers.py).creating_request_save(48)  Не все документы загружены. • Договор
• Скриншот счета
• Паспорт
• Выписка
• Справка 2-НДФЛ
• Трудовая книжка 
DEBUG    2025-09-24 11:39:41,414 [bot] (contract.py).creating_contract(21) Current state data: {'media_message_ids': [10683, 10685, 10686, 10687, 10688, 10689]}
DEBUG    2025-09-24 11:39:41,414 [bot] (contract.py).creating_contract(22) contract in data: None
DEBUG    2025-09-24 11:39:42,876 [bot] (back_handler.py).back(29) Начало обработки back. Текущее состояние: CreateRequest:wait_contract
WARNING  2025-09-24 11:40:29,470 [bot] (main.py).start_bot(21) Бот закрыт
INFO     2025-09-24 11:40:32,302 [bot] (logging_config.py)._setup_handlers(50) Логирование для 'bot' настроено успешно.
INFO     2025-09-24 11:40:32,849 [bot] (start_handlers.py).seed_admin(27) Проверка: seed_admin вызвана
INFO     2025-09-24 11:40:33,088 [bot] (commands.py).set_commands(20) Установил команды
INFO     2025-09-24 11:40:36,717 [bot] (start_handlers.py).get_start(66) Зарегистрированный пользователь взаимодействует с ботом 484385628
DEBUG    2025-09-24 11:40:36,718 [bot] (get_user.py).get_role_user(34) Возврат роли: 484385628, admin
DEBUG    2025-09-24 11:40:36,718 [bot] (menu_keyboard.py).inline_menu_kb(14) Передаю inline_menu_kb. Роль юзера: admin
DEBUG    2025-09-24 11:40:39,476 [bot] (user_request_handlers.py).creating_request_save(38) Получаю все data state
INFO     2025-09-24 11:40:39,476 [bot] (user_request_handlers.py).creating_request_save(48)  Не все документы загружены. • Договор
• Скриншот счета
• Паспорт
• Выписка
• Справка 2-НДФЛ
• Трудовая книжка 
WARNING  2025-09-24 11:41:48,555 [bot] (main.py).start_bot(21) Бот закрыт
INFO     2025-09-24 11:41:51,115 [bot] (logging_config.py)._setup_handlers(50) Логирование для 'bot' настроено успешно.
INFO     2025-09-24 11:41:51,563 [bot] (start_handlers.py).seed_admin(27) Проверка: seed_admin вызвана
INFO     2025-09-24 11:41:51,737 [bot] (commands.py).set_commands(20) Установил команды
INFO     2025-09-24 11:41:53,577 [bot] (start_handlers.py).get_start(66) Зарегистрированный пользователь взаимодействует с ботом 484385628
DEBUG    2025-09-24 11:41:53,578 [bot] (get_user.py).get_role_user(34) Возврат роли: 484385628, admin
DEBUG    2025-09-24 11:41:53,578 [bot] (menu_keyboard.py).inline_menu_kb(14) Передаю inline_menu_kb. Роль юзера: admin
INFO     2025-09-24 11:42:00,326 [bot] (start_handlers.py).get_start(66) Зарегистрированный пользователь взаимодействует с ботом 484385628
DEBUG    2025-09-24 11:42:00,327 [bot] (get_user.py).get_role_user(34) Возврат роли: 484385628, admin
DEBUG    2025-09-24 11:42:00,327 [bot] (menu_keyboard.py).inline_menu_kb(14) Передаю inline_menu_kb. Роль юзера: admin
DEBUG    2025-09-24 11:42:04,207 [bot] (back_handler.py).back(29) Начало обработки back. Текущее состояние: AdminMenuState:requests_menu
DEBUG    2025-09-24 11:42:04,878 [bot] (get_statistic_handlers.py).get_statistic(27) State MenuState:admin_menu
DEBUG    2025-09-24 11:42:05,687 [bot] (back_handler.py).back(29) Начало обработки back. Текущее состояние: AdminMenuState:statistic_menu
DEBUG    2025-09-24 11:42:09,674 [bot] (back_handler.py).back(29) Начало обработки back. Текущее состояние: MenuState:admin_menu
DEBUG    2025-09-24 11:42:09,674 [bot] (get_user.py).get_role_user(34) Возврат роли: 484385628, admin
DEBUG    2025-09-24 11:42:09,675 [bot] (menu_keyboard.py).inline_menu_kb(14) Передаю inline_menu_kb. Роль юзера: admin
DEBUG    2025-09-24 11:42:13,971 [bot] (user_request_handlers.py).creating_request_save(38) Получаю все data state
INFO     2025-09-24 11:42:13,972 [bot] (user_request_handlers.py).creating_request_save(48)  Не все документы загружены. • Договор
• Скриншот счета
• Паспорт
• Выписка
• Справка 2-НДФЛ
• Трудовая книжка 
WARNING  2025-09-24 11:45:42,916 [bot] (main.py).start_bot(21) Бот закрыт
WARNING  2025-09-24 11:45:43,060 [bot] (main.py).<module>(43) Помощник завершены
INFO     2025-09-24 11:45:45,847 [bot] (logging_config.py)._setup_handlers(50) Логирование для 'bot' настроено успешно.
INFO     2025-09-24 11:45:46,413 [bot] (start_handlers.py).seed_admin(27) Проверка: seed_admin вызвана
INFO     2025-09-24 11:45:46,630 [bot] (commands.py).set_commands(20) Установил команды
INFO     2025-09-24 11:45:52,468 [bot] (start_handlers.py).get_start(66) Зарегистрированный пользователь взаимодействует с ботом 484385628
DEBUG    2025-09-24 11:45:52,468 [bot] (get_user.py).get_role_user(34) Возврат роли: 484385628, admin
DEBUG    2025-09-24 11:45:52,469 [bot] (menu_keyboard.py).inline_menu_kb(14) Передаю inline_menu_kb. Роль юзера: admin
DEBUG    2025-09-24 11:46:03,241 [bot] (acc_screenshot.py).creating_request_acc_screenshot(20) Current state data: {}
DEBUG    2025-09-24 11:46:03,241 [bot] (acc_screenshot.py).creating_request_acc_screenshot(21) acc_screenshot in data: None
DEBUG    2025-09-24 11:46:10,617 [bot] (acc_screenshot.py).creating_request_acc_screenshot_save(42) сохраняю скрин лк
DEBUG    2025-09-24 11:46:10,763 [bot] (acc_screenshot.py).creating_request_acc_screenshot_save(57) получен скрин: None, file_id: AgACAgIAAxkBAAIp0mjTr9Ja7uONNC0rvilM9HkwQSIkAAJF8jEb2N-gSryMyS93FfbmAQADAgADeAADNgQ
WARNING  2025-09-24 11:47:15,142 [bot] (main.py).start_bot(21) Бот закрыт
INFO     2025-09-24 11:47:18,229 [bot] (logging_config.py)._setup_handlers(50) Логирование для 'bot' настроено успешно.
INFO     2025-09-24 11:47:18,660 [bot] (start_handlers.py).seed_admin(27) Проверка: seed_admin вызвана
INFO     2025-09-24 11:47:18,825 [bot] (commands.py).set_commands(20) Установил команды
INFO     2025-09-24 11:47:21,579 [bot] (start_handlers.py).get_start(66) Зарегистрированный пользователь взаимодействует с ботом 484385628
DEBUG    2025-09-24 11:47:21,580 [bot] (get_user.py).get_role_user(34) Возврат роли: 484385628, admin
DEBUG    2025-09-24 11:47:21,580 [bot] (menu_keyboard.py).inline_menu_kb(14) Передаю inline_menu_kb. Роль юзера: admin
DEBUG    2025-09-24 11:47:23,890 [bot] (back_handler.py).back(29) Начало обработки back. Текущее состояние: MenuState:admin_menu
DEBUG    2025-09-24 11:47:23,890 [bot] (get_user.py).get_role_user(34) Возврат роли: 484385628, admin
DEBUG    2025-09-24 11:47:23,890 [bot] (menu_keyboard.py).inline_menu_kb(14) Передаю inline_menu_kb. Роль юзера: admin
WARNING  2025-09-24 11:55:09,473 [bot] (main.py).start_bot(21) Бот закрыт
INFO     2025-09-24 11:55:12,186 [bot] (logging_config.py)._setup_handlers(50) Логирование для 'bot' настроено успешно.
INFO     2025-09-24 11:55:12,621 [bot] (start_handlers.py).seed_admin(27) Проверка: seed_admin вызвана
INFO     2025-09-24 11:55:12,793 [bot] (commands.py).set_commands(20) Установил команды
INFO     2025-09-24 11:55:23,272 [bot] (start_handlers.py).get_start(66) Зарегистрированный пользователь взаимодействует с ботом 484385628
DEBUG    2025-09-24 11:55:23,273 [bot] (get_user.py).get_role_user(34) Возврат роли: 484385628, admin
DEBUG    2025-09-24 11:55:23,273 [bot] (menu_keyboard.py).inline_menu_kb(14) Передаю inline_menu_kb. Роль юзера: admin
WARNING  2025-09-24 12:03:36,083 [bot] (main.py).start_bot(21) Бот закрыт
WARNING  2025-09-24 12:03:36,242 [bot] (main.py).<module>(43) Помощник завершены
INFO     2025-09-24 12:03:38,562 [bot] (logging_config.py)._setup_handlers(50) Логирование для 'bot' настроено успешно.
INFO     2025-09-24 12:03:39,006 [bot] (start_handlers.py).seed_admin(27) Проверка: seed_admin вызвана
INFO     2025-09-24 12:03:39,194 [bot] (commands.py).set_commands(20) Установил команды
WARNING  2025-09-24 12:04:51,989 [bot] (main.py).start_bot(21) Бот закрыт
INFO     2025-09-24 12:04:54,877 [bot] (logging_config.py)._setup_handlers(50) Логирование для 'bot' настроено успешно.
INFO     2025-09-24 12:04:55,308 [bot] (start_handlers.py).seed_admin(27) Проверка: seed_admin вызвана
INFO     2025-09-24 12:04:55,457 [bot] (commands.py).set_commands(20) Установил команды
INFO     2025-09-24 12:05:08,983 [bot] (start_handlers.py).get_start(66) Зарегистрированный пользователь взаимодействует с ботом 484385628
DEBUG    2025-09-24 12:05:08,984 [bot] (get_user.py).get_role_user(34) Возврат роли: 484385628, admin
DEBUG    2025-09-24 12:05:08,985 [bot] (menu_keyboard.py).inline_menu_kb(14) Передаю inline_menu_kb. Роль юзера: admin
DEBUG    2025-09-24 12:05:34,854 [bot] (contract.py).creating_contract(21) Current state data: {}
DEBUG    2025-09-24 12:05:34,854 [bot] (contract.py).creating_contract(22) contract in data: None
DEBUG    2025-09-24 12:05:42,182 [bot] (back_handler.py).back(29) Начало обработки back. Текущее состояние: CreateRequest:wait_contract
INFO     2025-09-24 12:05:45,141 [bot] (start_handlers.py).get_start(66) Зарегистрированный пользователь взаимодействует с ботом 484385628
DEBUG    2025-09-24 12:05:45,142 [bot] (get_user.py).get_role_user(34) Возврат роли: 484385628, admin
DEBUG    2025-09-24 12:05:45,142 [bot] (menu_keyboard.py).inline_menu_kb(14) Передаю inline_menu_kb. Роль юзера: admin
WARNING  2025-09-24 12:09:48,952 [bot] (main.py).start_bot(21) Бот закрыт
INFO     2025-09-24 12:09:51,935 [bot] (logging_config.py)._setup_handlers(50) Логирование для 'bot' настроено успешно.
INFO     2025-09-24 12:09:52,354 [bot] (start_handlers.py).seed_admin(27) Проверка: seed_admin вызвана
INFO     2025-09-24 12:09:52,509 [bot] (commands.py).set_commands(20) Установил команды
INFO     2025-09-24 12:10:00,027 [bot] (start_handlers.py).get_start(66) Зарегистрированный пользователь взаимодействует с ботом 484385628
DEBUG    2025-09-24 12:10:00,028 [bot] (get_user.py).get_role_user(34) Возврат роли: 484385628, admin
DEBUG    2025-09-24 12:10:00,028 [bot] (menu_keyboard.py).inline_menu_kb(14) Передаю inline_menu_kb. Роль юзера: admin
DEBUG    2025-09-24 12:10:14,932 [bot] (contract.py).creating_contract(21) Current state data: {}
DEBUG    2025-09-24 12:10:14,932 [bot] (contract.py).creating_contract(22) contract in data: None
INFO     2025-09-24 12:10:23,373 [bot] (start_handlers.py).get_start(66) Зарегистрированный пользователь взаимодействует с ботом 484385628
DEBUG    2025-09-24 12:10:23,374 [bot] (get_user.py).get_role_user(34) Возврат роли: 484385628, admin
DEBUG    2025-09-24 12:10:23,374 [bot] (menu_keyboard.py).inline_menu_kb(14) Передаю inline_menu_kb. Роль юзера: admin
WARNING  2025-09-24 12:15:07,658 [bot] (main.py).start_bot(21) Бот закрыт
WARNING  2025-09-24 12:15:07,812 [bot] (main.py).<module>(43) Помощник завершены
INFO     2025-09-24 12:15:10,311 [bot] (logging_config.py)._setup_handlers(50) Логирование для 'bot' настроено успешно.
INFO     2025-09-24 12:15:10,740 [bot] (start_handlers.py).seed_admin(27) Проверка: seed_admin вызвана
INFO     2025-09-24 12:15:11,089 [bot] (commands.py).set_commands(20) Установил команды
INFO     2025-09-24 12:15:14,436 [bot] (start_handlers.py).get_start(66) Зарегистрированный пользователь взаимодействует с ботом 484385628
DEBUG    2025-09-24 12:15:14,437 [bot] (get_user.py).get_role_user(34) Возврат роли: 484385628, admin
DEBUG    2025-09-24 12:15:14,437 [bot] (menu_keyboard.py).inline_menu_kb(14) Передаю inline_menu_kb. Роль юзера: admin
WARNING  2025-09-24 12:15:46,131 [bot] (main.py).start_bot(21) Бот закрыт
INFO     2025-09-24 12:15:48,644 [bot] (logging_config.py)._setup_handlers(50) Логирование для 'bot' настроено успешно.
INFO     2025-09-24 12:15:49,196 [bot] (start_handlers.py).seed_admin(27) Проверка: seed_admin вызвана
INFO     2025-09-24 12:15:49,372 [bot] (commands.py).set_commands(20) Установил команды
INFO     2025-09-24 12:15:51,259 [bot] (start_handlers.py).get_start(66) Зарегистрированный пользователь взаимодействует с ботом 484385628
DEBUG    2025-09-24 12:15:51,260 [bot] (get_user.py).get_role_user(34) Возврат роли: 484385628, admin
DEBUG    2025-09-24 12:15:51,260 [bot] (menu_keyboard.py).inline_menu_kb(14) Передаю inline_menu_kb. Роль юзера: admin
WARNING  2025-09-24 12:16:52,108 [bot] (main.py).start_bot(21) Бот закрыт
INFO     2025-09-24 12:16:55,050 [bot] (logging_config.py)._setup_handlers(50) Логирование для 'bot' настроено успешно.
INFO     2025-09-24 12:16:55,473 [bot] (start_handlers.py).seed_admin(27) Проверка: seed_admin вызвана
INFO     2025-09-24 12:16:55,639 [bot] (commands.py).set_commands(20) Установил команды
INFO     2025-09-24 12:16:58,386 [bot] (start_handlers.py).get_start(66) Зарегистрированный пользователь взаимодействует с ботом 484385628
DEBUG    2025-09-24 12:16:58,387 [bot] (get_user.py).get_role_user(34) Возврат роли: 484385628, admin
DEBUG    2025-09-24 12:16:58,387 [bot] (menu_keyboard.py).inline_menu_kb(14) Передаю inline_menu_kb. Роль юзера: admin
WARNING  2025-09-24 12:17:28,547 [bot] (main.py).start_bot(21) Бот закрыт
INFO     2025-09-24 12:17:30,929 [bot] (logging_config.py)._setup_handlers(50) Логирование для 'bot' настроено успешно.
INFO     2025-09-24 12:17:31,495 [bot] (start_handlers.py).seed_admin(27) Проверка: seed_admin вызвана
INFO     2025-09-24 12:17:31,648 [bot] (commands.py).set_commands(20) Установил команды
INFO     2025-09-24 12:17:33,499 [bot] (start_handlers.py).get_start(66) Зарегистрированный пользователь взаимодействует с ботом 484385628
DEBUG    2025-09-24 12:17:33,501 [bot] (get_user.py).get_role_user(34) Возврат роли: 484385628, admin
DEBUG    2025-09-24 12:17:33,501 [bot] (menu_keyboard.py).inline_menu_kb(14) Передаю inline_menu_kb. Роль юзера: admin
DEBUG    2025-09-24 12:17:46,903 [bot] (ndfl.py).creating_request_ndfl_save(54) получен НДФЛ: file_id: BQACAgIAAxkBAAIp-mjTtzqSRdoMUYNswJ3V64dYtrhRAAKhdQAC2N-gSieR6PQtWYxuNgQ
DEBUG    2025-09-24 12:17:49,527 [bot] (back_handler.py).back(29) Начало обработки back. Текущее состояние: CreateRequest:wait_ndfl
INFO     2025-09-24 12:17:51,013 [bot] (start_handlers.py).get_start(66) Зарегистрированный пользователь взаимодействует с ботом 484385628
DEBUG    2025-09-24 12:17:51,014 [bot] (get_user.py).get_role_user(34) Возврат роли: 484385628, admin
DEBUG    2025-09-24 12:17:51,014 [bot] (menu_keyboard.py).inline_menu_kb(14) Передаю inline_menu_kb. Роль юзера: admin
WARNING  2025-09-24 12:19:49,900 [bot] (main.py).start_bot(21) Бот закрыт
INFO     2025-09-24 12:19:52,519 [bot] (logging_config.py)._setup_handlers(50) Логирование для 'bot' настроено успешно.
INFO     2025-09-24 12:19:53,051 [bot] (start_handlers.py).seed_admin(27) Проверка: seed_admin вызвана
INFO     2025-09-24 12:19:53,283 [bot] (commands.py).set_commands(20) Установил команды
INFO     2025-09-24 12:19:59,089 [bot] (start_handlers.py).get_start(66) Зарегистрированный пользователь взаимодействует с ботом 484385628
DEBUG    2025-09-24 12:19:59,090 [bot] (get_user.py).get_role_user(34) Возврат роли: 484385628, admin
DEBUG    2025-09-24 12:19:59,090 [bot] (menu_keyboard.py).inline_menu_kb(14) Передаю inline_menu_kb. Роль юзера: admin
DEBUG    2025-09-24 12:20:08,704 [bot] (contract.py).creating_contract(21) Current state data: {}
DEBUG    2025-09-24 12:20:08,704 [bot] (contract.py).creating_contract(22) contract in data: None
INFO     2025-09-24 12:20:17,383 [bot] (start_handlers.py).get_start(66) Зарегистрированный пользователь взаимодействует с ботом 484385628
DEBUG    2025-09-24 12:20:17,384 [bot] (get_user.py).get_role_user(34) Возврат роли: 484385628, admin
DEBUG    2025-09-24 12:20:17,384 [bot] (menu_keyboard.py).inline_menu_kb(14) Передаю inline_menu_kb. Роль юзера: admin
DEBUG    2025-09-24 12:20:19,452 [bot] (acc_screenshot.py).creating_request_acc_screenshot(20) Current state data: {'contract': 'BQACAgIAAxkBAAIqAmjTt827E2B41uVXZwUPeBIdSlAIAAKrdQAC2N-gSnR4noOgdJDdNgQ'}
DEBUG    2025-09-24 12:20:19,453 [bot] (acc_screenshot.py).creating_request_acc_screenshot(21) acc_screenshot in data: None
DEBUG    2025-09-24 12:20:24,095 [bot] (acc_screenshot.py).creating_request_acc_screenshot_save(42) сохраняю скрин лк
DEBUG    2025-09-24 12:20:24,302 [bot] (acc_screenshot.py).creating_request_acc_screenshot_save(57) получен скрин: None, file_id: AgACAgIAAxkBAAIqB2jTt9i0IIUteZZL_MB1O_WvjPVLAAJF8jEb2N-gSryMyS93FfbmAQADAgADeAADNgQ
WARNING  2025-09-24 12:21:12,877 [bot] (main.py).start_bot(21) Бот закрыт
INFO     2025-09-24 12:21:15,390 [bot] (logging_config.py)._setup_handlers(50) Логирование для 'bot' настроено успешно.
INFO     2025-09-24 12:21:15,935 [bot] (start_handlers.py).seed_admin(27) Проверка: seed_admin вызвана
INFO     2025-09-24 12:21:16,098 [bot] (commands.py).set_commands(20) Установил команды
INFO     2025-09-24 12:21:19,723 [bot] (start_handlers.py).get_start(66) Зарегистрированный пользователь взаимодействует с ботом 484385628
DEBUG    2025-09-24 12:21:19,724 [bot] (get_user.py).get_role_user(34) Возврат роли: 484385628, admin
DEBUG    2025-09-24 12:21:19,724 [bot] (menu_keyboard.py).inline_menu_kb(14) Передаю inline_menu_kb. Роль юзера: admin
WARNING  2025-09-24 12:52:16,295 [bot] (main.py).start_bot(21) Бот закрыт
WARNING  2025-09-24 12:52:16,457 [bot] (main.py).<module>(43) Помощник завершены
INFO     2025-09-24 12:52:18,797 [bot] (logging_config.py)._setup_handlers(50) Логирование для 'bot' настроено успешно.
INFO     2025-09-24 12:52:19,346 [bot] (start_handlers.py).seed_admin(27) Проверка: seed_admin вызвана
INFO     2025-09-24 12:52:19,836 [bot] (commands.py).set_commands(20) Установил команды
INFO     2025-09-24 12:52:22,133 [bot] (start_handlers.py).get_start(66) Зарегистрированный пользователь взаимодействует с ботом 484385628
DEBUG    2025-09-24 12:52:22,134 [bot] (get_user.py).get_role_user(34) Возврат роли: 484385628, admin
DEBUG    2025-09-24 12:52:22,134 [bot] (menu_keyboard.py).inline_menu_kb(14) Передаю inline_menu_kb. Роль юзера: admin
WARNING  2025-09-24 12:57:27,125 [bot] (main.py).start_bot(21) Бот закрыт
INFO     2025-09-24 12:57:29,604 [bot] (logging_config.py)._setup_handlers(50) Логирование для 'bot' настроено успешно.
INFO     2025-09-24 12:57:30,020 [bot] (start_handlers.py).seed_admin(27) Проверка: seed_admin вызвана
INFO     2025-09-24 12:57:30,249 [bot] (commands.py).set_commands(20) Установил команды
INFO     2025-09-24 12:57:35,785 [bot] (start_handlers.py).get_start(66) Зарегистрированный пользователь взаимодействует с ботом 484385628
DEBUG    2025-09-24 12:57:35,786 [bot] (get_user.py).get_role_user(34) Возврат роли: 484385628, admin
DEBUG    2025-09-24 12:57:35,786 [bot] (menu_keyboard.py).inline_menu_kb(14) Передаю inline_menu_kb. Роль юзера: admin
WARNING  2025-09-24 12:59:48,327 [bot] (main.py).start_bot(21) Бот закрыт
INFO     2025-09-24 12:59:50,768 [bot] (logging_config.py)._setup_handlers(50) Логирование для 'bot' настроено успешно.
INFO     2025-09-24 12:59:51,195 [bot] (start_handlers.py).seed_admin(27) Проверка: seed_admin вызвана
INFO     2025-09-24 12:59:51,407 [bot] (commands.py).set_commands(20) Установил команды
INFO     2025-09-24 12:59:52,689 [bot] (start_handlers.py).get_start(66) Зарегистрированный пользователь взаимодействует с ботом 484385628
DEBUG    2025-09-24 12:59:52,691 [bot] (get_user.py).get_role_user(34) Возврат роли: 484385628, admin
DEBUG    2025-09-24 12:59:52,691 [bot] (menu_keyboard.py).inline_menu_kb(14) Передаю inline_menu_kb. Роль юзера: admin
WARNING  2025-09-24 13:00:09,642 [bot] (main.py).start_bot(21) Бот закрыт
INFO     2025-09-24 13:00:12,341 [bot] (logging_config.py)._setup_handlers(50) Логирование для 'bot' настроено успешно.
INFO     2025-09-24 13:00:12,800 [bot] (start_handlers.py).seed_admin(27) Проверка: seed_admin вызвана
INFO     2025-09-24 13:00:13,073 [bot] (commands.py).set_commands(20) Установил команды
INFO     2025-09-24 13:00:17,604 [bot] (start_handlers.py).get_start(66) Зарегистрированный пользователь взаимодействует с ботом 484385628
DEBUG    2025-09-24 13:00:17,605 [bot] (get_user.py).get_role_user(34) Возврат роли: 484385628, admin
DEBUG    2025-09-24 13:00:17,605 [bot] (menu_keyboard.py).inline_menu_kb(14) Передаю inline_menu_kb. Роль юзера: admin
WARNING  2025-09-24 13:00:56,024 [bot] (main.py).start_bot(21) Бот закрыт
INFO     2025-09-24 13:00:58,644 [bot] (logging_config.py)._setup_handlers(50) Логирование для 'bot' настроено успешно.
INFO     2025-09-24 13:00:59,201 [bot] (start_handlers.py).seed_admin(27) Проверка: seed_admin вызвана
INFO     2025-09-24 13:00:59,403 [bot] (commands.py).set_commands(20) Установил команды
INFO     2025-09-24 13:01:02,506 [bot] (start_handlers.py).get_start(66) Зарегистрированный пользователь взаимодействует с ботом 484385628
DEBUG    2025-09-24 13:01:02,507 [bot] (get_user.py).get_role_user(34) Возврат роли: 484385628, admin
DEBUG    2025-09-24 13:01:02,507 [bot] (menu_keyboard.py).inline_menu_kb(14) Передаю inline_menu_kb. Роль юзера: admin
WARNING  2025-09-24 13:03:21,348 [bot] (main.py).start_bot(21) Бот закрыт
WARNING  2025-09-24 13:03:21,519 [bot] (main.py).<module>(43) Помощник завершены
INFO     2025-09-24 13:03:23,812 [bot] (logging_config.py)._setup_handlers(50) Логирование для 'bot' настроено успешно.
INFO     2025-09-24 13:03:24,251 [bot] (start_handlers.py).seed_admin(27) Проверка: seed_admin вызвана
INFO     2025-09-24 13:03:24,500 [bot] (commands.py).set_commands(20) Установил команды
INFO     2025-09-24 13:03:25,515 [bot] (start_handlers.py).get_start(66) Зарегистрированный пользователь взаимодействует с ботом 484385628
DEBUG    2025-09-24 13:03:25,516 [bot] (get_user.py).get_role_user(34) Возврат роли: 484385628, admin
DEBUG    2025-09-24 13:03:25,516 [bot] (menu_keyboard.py).inline_menu_kb(14) Передаю inline_menu_kb. Роль юзера: admin
WARNING  2025-09-24 13:05:15,465 [bot] (main.py).start_bot(21) Бот закрыт
INFO     2025-09-24 13:05:18,278 [bot] (logging_config.py)._setup_handlers(50) Логирование для 'bot' настроено успешно.
INFO     2025-09-24 13:05:18,831 [bot] (start_handlers.py).seed_admin(27) Проверка: seed_admin вызвана
INFO     2025-09-24 13:05:19,087 [bot] (commands.py).set_commands(20) Установил команды
INFO     2025-09-24 13:05:20,109 [bot] (start_handlers.py).get_start(66) Зарегистрированный пользователь взаимодействует с ботом 484385628
DEBUG    2025-09-24 13:05:20,110 [bot] (get_user.py).get_role_user(34) Возврат роли: 484385628, admin
DEBUG    2025-09-24 13:05:20,110 [bot] (menu_keyboard.py).inline_menu_kb(14) Передаю inline_menu_kb. Роль юзера: admin
WARNING  2025-09-24 13:05:42,604 [bot] (main.py).start_bot(21) Бот закрыт
INFO     2025-09-24 13:05:44,971 [bot] (logging_config.py)._setup_handlers(50) Логирование для 'bot' настроено успешно.
INFO     2025-09-24 13:05:45,529 [bot] (start_handlers.py).seed_admin(27) Проверка: seed_admin вызвана
INFO     2025-09-24 13:05:45,771 [bot] (commands.py).set_commands(20) Установил команды
INFO     2025-09-24 13:05:46,906 [bot] (start_handlers.py).get_start(66) Зарегистрированный пользователь взаимодействует с ботом 484385628
DEBUG    2025-09-24 13:05:46,907 [bot] (get_user.py).get_role_user(34) Возврат роли: 484385628, admin
DEBUG    2025-09-24 13:05:46,908 [bot] (menu_keyboard.py).inline_menu_kb(14) Передаю inline_menu_kb. Роль юзера: admin
WARNING  2025-09-24 13:12:48,498 [bot] (main.py).start_bot(21) Бот закрыт
INFO     2025-09-24 13:12:51,027 [bot] (logging_config.py)._setup_handlers(50) Логирование для 'bot' настроено успешно.
INFO     2025-09-24 13:12:51,473 [bot] (start_handlers.py).seed_admin(27) Проверка: seed_admin вызвана
INFO     2025-09-24 13:12:51,666 [bot] (commands.py).set_commands(20) Установил команды
INFO     2025-09-24 13:12:53,728 [bot] (start_handlers.py).get_start(66) Зарегистрированный пользователь взаимодействует с ботом 484385628
DEBUG    2025-09-24 13:12:53,728 [bot] (get_user.py).get_role_user(34) Возврат роли: 484385628, admin
DEBUG    2025-09-24 13:12:53,729 [bot] (menu_keyboard.py).inline_menu_kb(14) Передаю inline_menu_kb. Роль юзера: admin
WARNING  2025-09-24 13:17:33,148 [bot] (main.py).start_bot(21) Бот закрыт
WARNING  2025-09-24 13:17:33,314 [bot] (main.py).<module>(43) Помощник завершены
INFO     2025-09-24 13:17:36,061 [bot] (logging_config.py)._setup_handlers(50) Логирование для 'bot' настроено успешно.
INFO     2025-09-24 13:17:36,507 [bot] (start_handlers.py).seed_admin(27) Проверка: seed_admin вызвана
INFO     2025-09-24 13:17:36,669 [bot] (commands.py).set_commands(20) Установил команды
INFO     2025-09-24 13:17:40,342 [bot] (start_handlers.py).get_start(66) Зарегистрированный пользователь взаимодействует с ботом 484385628
DEBUG    2025-09-24 13:17:40,343 [bot] (get_user.py).get_role_user(34) Возврат роли: 484385628, admin
DEBUG    2025-09-24 13:17:40,343 [bot] (menu_keyboard.py).inline_menu_kb(14) Передаю inline_menu_kb. Роль юзера: admin
WARNING  2025-09-24 13:18:47,905 [bot] (main.py).start_bot(21) Бот закрыт
INFO     2025-09-24 13:18:50,538 [bot] (logging_config.py)._setup_handlers(50) Логирование для 'bot' настроено успешно.
INFO     2025-09-24 13:18:50,991 [bot] (start_handlers.py).seed_admin(27) Проверка: seed_admin вызвана
INFO     2025-09-24 13:18:51,223 [bot] (commands.py).set_commands(20) Установил команды
INFO     2025-09-24 13:18:56,575 [bot] (start_handlers.py).get_start(66) Зарегистрированный пользователь взаимодействует с ботом 484385628
DEBUG    2025-09-24 13:18:56,576 [bot] (get_user.py).get_role_user(34) Возврат роли: 484385628, admin
DEBUG    2025-09-24 13:18:56,576 [bot] (menu_keyboard.py).inline_menu_kb(14) Передаю inline_menu_kb. Роль юзера: admin
WARNING  2025-09-24 13:21:24,160 [bot] (main.py).start_bot(21) Бот закрыт
INFO     2025-09-24 13:21:27,087 [bot] (logging_config.py)._setup_handlers(50) Логирование для 'bot' настроено успешно.
INFO     2025-09-24 13:21:27,641 [bot] (start_handlers.py).seed_admin(27) Проверка: seed_admin вызвана
INFO     2025-09-24 13:21:27,799 [bot] (commands.py).set_commands(20) Установил команды
INFO     2025-09-24 13:21:33,067 [bot] (start_handlers.py).get_start(66) Зарегистрированный пользователь взаимодействует с ботом 484385628
DEBUG    2025-09-24 13:21:33,068 [bot] (get_user.py).get_role_user(34) Возврат роли: 484385628, admin
DEBUG    2025-09-24 13:21:33,068 [bot] (menu_keyboard.py).inline_menu_kb(14) Передаю inline_menu_kb. Роль юзера: admin
WARNING  2025-09-24 13:22:20,279 [bot] (main.py).start_bot(21) Бот закрыт
INFO     2025-09-24 13:22:22,855 [bot] (logging_config.py)._setup_handlers(50) Логирование для 'bot' настроено успешно.
INFO     2025-09-24 13:22:23,299 [bot] (start_handlers.py).seed_admin(27) Проверка: seed_admin вызвана
INFO     2025-09-24 13:22:23,545 [bot] (commands.py).set_commands(20) Установил команды
INFO     2025-09-24 13:22:26,027 [bot] (start_handlers.py).get_start(66) Зарегистрированный пользователь взаимодействует с ботом 484385628
DEBUG    2025-09-24 13:22:26,028 [bot] (get_user.py).get_role_user(34) Возврат роли: 484385628, admin
DEBUG    2025-09-24 13:22:26,028 [bot] (menu_keyboard.py).inline_menu_kb(14) Передаю inline_menu_kb. Роль юзера: admin
DEBUG    2025-09-24 13:22:30,781 [bot] (contract.py).creating_contract(21) Current state data: {}
DEBUG    2025-09-24 13:22:30,782 [bot] (contract.py).creating_contract(22) contract in data: None
DEBUG    2025-09-24 13:22:37,505 [bot] (back_handler.py).back(29) Начало обработки back. Текущее состояние: CreateRequest:wait_contract
INFO     2025-09-24 13:22:38,678 [bot] (start_handlers.py).get_start(66) Зарегистрированный пользователь взаимодействует с ботом 484385628
DEBUG    2025-09-24 13:22:38,679 [bot] (get_user.py).get_role_user(34) Возврат роли: 484385628, admin
DEBUG    2025-09-24 13:22:38,679 [bot] (menu_keyboard.py).inline_menu_kb(14) Передаю inline_menu_kb. Роль юзера: admin
DEBUG    2025-09-24 13:22:45,484 [bot] (personal_pass.py).creating_request_pass_save(52) получен скрин лк: [PhotoSize(file_id='AgACAgIAAxkBAAIqOWjTxnVPY6lakEX9VrJO2qafosE4AAJF8jEb2N-gSryMyS93FfbmAQADAgADcwADNgQ', file_unique_id='AQADRfIxG9jfoEp4', width=90, height=78, file_size=944), PhotoSize(file_id='AgACAgIAAxkBAAIqOWjTxnVPY6lakEX9VrJO2qafosE4AAJF8jEb2N-gSryMyS93FfbmAQADAgADbQADNgQ', file_unique_id='AQADRfIxG9jfoEpy', width=320, height=279, file_size=13366), PhotoSize(file_id='AgACAgIAAxkBAAIqOWjTxnVPY6lakEX9VrJO2qafosE4AAJF8jEb2N-gSryMyS93FfbmAQADAgADeAADNgQ', file_unique_id='AQADRfIxG9jfoEp9', width=596, height=520, file_size=33648)], file_id: AgACAgIAAxkBAAIqOWjTxnVPY6lakEX9VrJO2qafosE4AAJF8jEb2N-gSryMyS93FfbmAQADAgADeAADNgQ
INFO     2025-09-24 13:22:47,982 [bot] (start_handlers.py).get_start(66) Зарегистрированный пользователь взаимодействует с ботом 484385628
DEBUG    2025-09-24 13:22:47,983 [bot] (get_user.py).get_role_user(34) Возврат роли: 484385628, admin
DEBUG    2025-09-24 13:22:47,983 [bot] (menu_keyboard.py).inline_menu_kb(14) Передаю inline_menu_kb. Роль юзера: admin
DEBUG    2025-09-24 13:28:01,748 [bot] (user_request_handlers.py).creating_request_save(38) Получаю все data state
INFO     2025-09-24 13:28:01,748 [bot] (user_request_handlers.py).creating_request_save(48)  Не все документы загружены. • Скрин ЛК ВБ Джоб
• Выписка ИЛС
• Справка 2-НДФЛ
• Электронная трудовая книжка 
WARNING  2025-09-24 13:29:42,558 [bot] (main.py).start_bot(21) Бот закрыт
WARNING  2025-09-24 13:29:42,717 [bot] (main.py).<module>(43) Помощник завершены
INFO     2025-09-24 13:29:45,059 [bot] (logging_config.py)._setup_handlers(50) Логирование для 'bot' настроено успешно.
INFO     2025-09-24 13:29:45,485 [bot] (start_handlers.py).seed_admin(27) Проверка: seed_admin вызвана
INFO     2025-09-24 13:29:45,779 [bot] (commands.py).set_commands(20) Установил команды
INFO     2025-09-24 13:29:47,980 [bot] (start_handlers.py).get_start(66) Зарегистрированный пользователь взаимодействует с ботом 484385628
DEBUG    2025-09-24 13:29:47,981 [bot] (get_user.py).get_role_user(34) Возврат роли: 484385628, admin
DEBUG    2025-09-24 13:29:47,981 [bot] (menu_keyboard.py).inline_menu_kb(14) Передаю inline_menu_kb. Роль юзера: admin
DEBUG    2025-09-24 13:29:51,588 [bot] (contract.py).creating_contract(21) Current state data: {}
DEBUG    2025-09-24 13:29:51,589 [bot] (contract.py).creating_contract(22) contract in data: None
WARNING  2025-09-24 13:33:15,520 [bot] (main.py).start_bot(21) Бот закрыт
INFO     2025-09-24 13:33:18,627 [bot] (logging_config.py)._setup_handlers(50) Логирование для 'bot' настроено успешно.
INFO     2025-09-24 13:33:19,080 [bot] (start_handlers.py).seed_admin(27) Проверка: seed_admin вызвана
INFO     2025-09-24 13:33:19,332 [bot] (commands.py).set_commands(20) Установил команды
INFO     2025-09-24 13:33:23,696 [bot] (start_handlers.py).get_start(66) Зарегистрированный пользователь взаимодействует с ботом 484385628
DEBUG    2025-09-24 13:33:23,698 [bot] (get_user.py).get_role_user(34) Возврат роли: 484385628, admin
DEBUG    2025-09-24 13:33:23,698 [bot] (menu_keyboard.py).inline_menu_kb(14) Передаю inline_menu_kb. Роль юзера: admin
DEBUG    2025-09-24 13:33:30,159 [bot] (back_handler.py).back(29) Начало обработки back. Текущее состояние: UserState:request
DEBUG    2025-09-24 13:33:30,160 [bot] (get_user.py).get_role_user(34) Возврат роли: 484385628, admin
DEBUG    2025-09-24 13:33:30,160 [bot] (menu_keyboard.py).inline_menu_kb(14) Передаю inline_menu_kb. Роль юзера: admin
DEBUG    2025-09-24 13:33:32,019 [bot] (contract.py).creating_contract(21) Current state data: {}
DEBUG    2025-09-24 13:33:32,019 [bot] (contract.py).creating_contract(22) contract in data: None
DEBUG    2025-09-24 13:33:37,736 [bot] (acc_screenshot.py).creating_request_acc_screenshot(20) Current state data: {'contract': 'BQACAgIAAxkBAAIqR2jTyP_j671Kkj9izrNe8qiYszkTAAL_dgAC2N-gSsKAiOCdlZ3zNgQ'}
DEBUG    2025-09-24 13:33:37,737 [bot] (acc_screenshot.py).creating_request_acc_screenshot(21) acc_screenshot in data: None
DEBUG    2025-09-24 13:33:42,719 [bot] (acc_screenshot.py).creating_request_acc_screenshot_save(42) сохраняю скрин лк
DEBUG    2025-09-24 13:33:42,902 [bot] (acc_screenshot.py).creating_request_acc_screenshot_save(57) получен скрин: None, file_id: AgACAgIAAxkBAAIqSmjTyQYP7iVBBPmPovWbkGwjtAqVAAJF8jEb2N-gSryMyS93FfbmAQADAgADeAADNgQ
DEBUG    2025-09-24 13:33:52,444 [bot] (personal_pass.py).creating_request_pass_save(54) получен скрин лк: [PhotoSize(file_id='AgACAgIAAxkBAAIqTWjTyRDcSJiFaYl_bU-akNNROGh8AAL88jEb2N-gSqCE2GQ9wPEXAQADAgADcwADNgQ', file_unique_id='AQAD_PIxG9jfoEp4', width=90, height=90, file_size=1586), PhotoSize(file_id='AgACAgIAAxkBAAIqTWjTyRDcSJiFaYl_bU-akNNROGh8AAL88jEb2N-gSqCE2GQ9wPEXAQADAgADbQADNgQ', file_unique_id='AQAD_PIxG9jfoEpy', width=320, height=320, file_size=18310), PhotoSize(file_id='AgACAgIAAxkBAAIqTWjTyRDcSJiFaYl_bU-akNNROGh8AAL88jEb2N-gSqCE2GQ9wPEXAQADAgADeAADNgQ', file_unique_id='AQAD_PIxG9jfoEp9', width=800, height=800, file_size=70433), PhotoSize(file_id='AgACAgIAAxkBAAIqTWjTyRDcSJiFaYl_bU-akNNROGh8AAL88jEb2N-gSqCE2GQ9wPEXAQADAgADeQADNgQ', file_unique_id='AQAD_PIxG9jfoEp-', width=1024, height=1024, file_size=97060)], file_id: AgACAgIAAxkBAAIqTWjTyRDcSJiFaYl_bU-akNNROGh8AAL88jEb2N-gSqCE2GQ9wPEXAQADAgADeQADNgQ
DEBUG    2025-09-24 13:34:04,961 [bot] (extract.py).creating_request_extract_save(57) получена выписка ИЛС: file_id: AgACAgIAAxkBAAIqUGjTyRyDHbtQ59cp3r4FbbGh-hdoAAL98jEb2N-gSirpzvyqEw6TAQADAgADeQADNgQ
DEBUG    2025-09-24 13:34:14,758 [bot] (ndfl.py).creating_request_ndfl_save(56) получен НДФЛ: file_id: AgACAgIAAxkBAAIqSmjTyQYP7iVBBPmPovWbkGwjtAqVAAJF8jEb2N-gSryMyS93FfbmAQADAgADeAADNgQ
DEBUG    2025-09-24 13:34:21,418 [bot] (record.py).creating_request_record_book_save(55) получен трудовой книжки: [PhotoSize(file_id='AgACAgIAAxkBAAIqUGjTyRyDHbtQ59cp3r4FbbGh-hdoAAL98jEb2N-gSirpzvyqEw6TAQADAgADcwADNgQ', file_unique_id='AQAD_fIxG9jfoEp4', width=80, height=90, file_size=916), PhotoSize(file_id='AgACAgIAAxkBAAIqUGjTyRyDHbtQ59cp3r4FbbGh-hdoAAL98jEb2N-gSirpzvyqEw6TAQADAgADbQADNgQ', file_unique_id='AQAD_fIxG9jfoEpy', width=285, height=320, file_size=12224), PhotoSize(file_id='AgACAgIAAxkBAAIqUGjTyRyDHbtQ59cp3r4FbbGh-hdoAAL98jEb2N-gSirpzvyqEw6TAQADAgADeAADNgQ', file_unique_id='AQAD_fIxG9jfoEp9', width=713, height=800, file_size=55449), PhotoSize(file_id='AgACAgIAAxkBAAIqUGjTyRyDHbtQ59cp3r4FbbGh-hdoAAL98jEb2N-gSirpzvyqEw6TAQADAgADeQADNgQ', file_unique_id='AQAD_fIxG9jfoEp-', width=1021, height=1146, file_size=85843)], file_id: AgACAgIAAxkBAAIqUGjTyRyDHbtQ59cp3r4FbbGh-hdoAAL98jEb2N-gSirpzvyqEw6TAQADAgADeQADNgQ
DEBUG    2025-09-24 13:34:38,960 [bot] (back_handler.py).back(29) Начало обработки back. Текущее состояние: CreateRequest:wait_comment
DEBUG    2025-09-24 13:34:40,947 [bot] (user_request_handlers.py).creating_request_save(38) Получаю все data state
INFO     2025-09-24 13:34:40,947 [bot] (save_docs.py).create_folder(63) Создана папка clients\Макушина_М_В_1
INFO     2025-09-24 13:34:41,113 [bot] (save_docs.py).save_doc(99) Файл contract.pdf сохранен в clients\Макушина_М_В_1
INFO     2025-09-24 13:34:41,241 [bot] (save_docs.py).save_doc(99) Файл screenshot.jpg сохранен в clients\Макушина_М_В_1
INFO     2025-09-24 13:34:41,406 [bot] (save_docs.py).save_doc(99) Файл personal_pass.jpg сохранен в clients\Макушина_М_В_1
INFO     2025-09-24 13:34:41,510 [bot] (save_docs.py).save_doc(99) Файл extract.jpg сохранен в clients\Макушина_М_В_1
INFO     2025-09-24 13:34:41,611 [bot] (save_docs.py).save_doc(99) Файл ndfl.jpg сохранен в clients\Макушина_М_В_1
INFO     2025-09-24 13:34:41,616 [bot] (user_request_handlers.py).creating_request_save(74) Новый запрос по отпускным
INFO     2025-09-24 13:34:42,119 [bot] (send_messages.py)._send_notification(36) Попытка отправки админу 2
DEBUG    2025-09-24 13:34:42,194 [bot] (get_user.py).get_role_user(34) Возврат роли: 484385628, admin
DEBUG    2025-09-24 13:34:42,195 [bot] (menu_keyboard.py).inline_menu_kb(14) Передаю inline_menu_kb. Роль юзера: admin
WARNING  2025-09-24 14:30:53,953 [bot] (main.py).start_bot(21) Бот закрыт
WARNING  2025-09-24 14:30:54,112 [bot] (main.py).<module>(43) Помощник завершены
INFO     2025-09-24 14:30:56,479 [bot] (logging_config.py)._setup_handlers(50) Логирование для 'bot' настроено успешно.
INFO     2025-09-24 14:30:57,006 [bot] (start_handlers.py).seed_admin(27) Проверка: seed_admin вызвана
INFO     2025-09-24 14:30:57,332 [bot] (commands.py).set_commands(20) Установил команды
INFO     2025-09-24 14:31:01,529 [bot] (start_handlers.py).get_start(66) Зарегистрированный пользователь взаимодействует с ботом 484385628
DEBUG    2025-09-24 14:31:01,530 [bot] (get_user.py).get_role_user(34) Возврат роли: 484385628, admin
DEBUG    2025-09-24 14:31:01,530 [bot] (menu_keyboard.py).inline_menu_kb(14) Передаю inline_menu_kb. Роль юзера: admin
DEBUG    2025-09-24 14:31:04,740 [bot] (back_handler.py).back(29) Начало обработки back. Текущее состояние: UserState:request
DEBUG    2025-09-24 14:31:04,741 [bot] (get_user.py).get_role_user(34) Возврат роли: 484385628, admin
DEBUG    2025-09-24 14:31:04,741 [bot] (menu_keyboard.py).inline_menu_kb(14) Передаю inline_menu_kb. Роль юзера: admin
WARNING  2025-09-24 14:43:36,570 [bot] (main.py).start_bot(21) Бот закрыт
WARNING  2025-09-24 14:43:36,731 [bot] (main.py).<module>(43) Помощник завершены
INFO     2025-09-24 14:43:39,355 [bot] (logging_config.py)._setup_handlers(50) Логирование для 'bot' настроено успешно.
INFO     2025-09-24 14:43:39,781 [bot] (start_handlers.py).seed_admin(27) Проверка: seed_admin вызвана
INFO     2025-09-24 14:43:39,976 [bot] (commands.py).set_commands(20) Установил команды
INFO     2025-09-24 14:43:41,203 [bot] (start_handlers.py).get_start(66) Зарегистрированный пользователь взаимодействует с ботом 484385628
DEBUG    2025-09-24 14:43:41,204 [bot] (get_user.py).get_role_user(34) Возврат роли: 484385628, admin
DEBUG    2025-09-24 14:43:41,204 [bot] (menu_keyboard.py).inline_menu_kb(14) Передаю inline_menu_kb. Роль юзера: admin
WARNING  2025-09-24 14:44:11,197 [bot] (main.py).start_bot(21) Бот закрыт
INFO     2025-09-24 14:44:13,520 [bot] (logging_config.py)._setup_handlers(50) Логирование для 'bot' настроено успешно.
INFO     2025-09-24 14:44:14,054 [bot] (start_handlers.py).seed_admin(27) Проверка: seed_admin вызвана
INFO     2025-09-24 14:44:14,211 [bot] (commands.py).set_commands(20) Установил команды
INFO     2025-09-24 14:44:17,294 [bot] (start_handlers.py).get_start(66) Зарегистрированный пользователь взаимодействует с ботом 484385628
DEBUG    2025-09-24 14:44:17,295 [bot] (get_user.py).get_role_user(34) Возврат роли: 484385628, admin
DEBUG    2025-09-24 14:44:17,295 [bot] (menu_keyboard.py).inline_menu_kb(14) Передаю inline_menu_kb. Роль юзера: admin
WARNING  2025-09-24 14:51:01,938 [bot] (main.py).start_bot(21) Бот закрыт
INFO     2025-09-24 14:51:04,428 [bot] (logging_config.py)._setup_handlers(50) Логирование для 'bot' настроено успешно.
INFO     2025-09-24 14:51:04,960 [bot] (start_handlers.py).seed_admin(27) Проверка: seed_admin вызвана
INFO     2025-09-24 14:51:05,123 [bot] (commands.py).set_commands(20) Установил команды
INFO     2025-09-24 14:51:08,619 [bot] (start_handlers.py).get_start(66) Зарегистрированный пользователь взаимодействует с ботом 484385628
DEBUG    2025-09-24 14:51:08,621 [bot] (get_user.py).get_role_user(34) Возврат роли: 484385628, admin
DEBUG    2025-09-24 14:51:08,621 [bot] (menu_keyboard.py).inline_menu_kb(14) Передаю inline_menu_kb. Роль юзера: admin
ERROR    2025-09-24 14:51:09,865 [bot] (user_lk_requests.py).user_lk(37) 'property' object has no attribute 'filter'
Traceback (most recent call last):
  File "E:\python\bots\lawyer_bot\handlers\user\user_lk_requests.py", line 28, in user_lk
    requests = await SalaryRequest.user.filter(id=call.from_user.id)
                     ^^^^^^^^^^^^^^^^^^^^^^^^^
AttributeError: 'property' object has no attribute 'filter'
WARNING  2025-09-24 14:55:06,344 [bot] (main.py).start_bot(21) Бот закрыт
WARNING  2025-09-24 14:55:06,521 [bot] (main.py).<module>(43) Помощник завершены
INFO     2025-09-24 14:55:09,008 [bot] (logging_config.py)._setup_handlers(50) Логирование для 'bot' настроено успешно.
INFO     2025-09-24 14:55:09,466 [bot] (start_handlers.py).seed_admin(27) Проверка: seed_admin вызвана
INFO     2025-09-24 14:55:09,768 [bot] (commands.py).set_commands(20) Установил команды
INFO     2025-09-24 14:55:13,505 [bot] (start_handlers.py).get_start(66) Зарегистрированный пользователь взаимодействует с ботом 484385628
DEBUG    2025-09-24 14:55:13,506 [bot] (get_user.py).get_role_user(34) Возврат роли: 484385628, admin
DEBUG    2025-09-24 14:55:13,506 [bot] (menu_keyboard.py).inline_menu_kb(14) Передаю inline_menu_kb. Роль юзера: admin
WARNING  2025-09-24 14:56:15,111 [bot] (main.py).start_bot(21) Бот закрыт
INFO     2025-09-24 14:56:17,582 [bot] (logging_config.py)._setup_handlers(50) Логирование для 'bot' настроено успешно.
INFO     2025-09-24 14:56:18,118 [bot] (start_handlers.py).seed_admin(27) Проверка: seed_admin вызвана
INFO     2025-09-24 14:56:18,300 [bot] (commands.py).set_commands(20) Установил команды
INFO     2025-09-24 14:56:21,173 [bot] (start_handlers.py).get_start(66) Зарегистрированный пользователь взаимодействует с ботом 484385628
DEBUG    2025-09-24 14:56:21,174 [bot] (get_user.py).get_role_user(34) Возврат роли: 484385628, admin
DEBUG    2025-09-24 14:56:21,174 [bot] (menu_keyboard.py).inline_menu_kb(14) Передаю inline_menu_kb. Роль юзера: admin
ERROR    2025-09-24 14:56:22,351 [bot] (user_lk_requests.py).user_lk(38) Object "User" does not exist
Traceback (most recent call last):
  File "E:\python\bots\lawyer_bot\handlers\user\user_lk_requests.py", line 28, in user_lk
    user = await User.get(id=call.from_user.id)
           ^^^^^^^^^^^^^^^^^^^^^^^^^^^^^^^^^^^^
  File "E:\python\bots\lawyer_bot\venv\Lib\site-packages\tortoise\queryset.py", line 1250, in _execute
    raise DoesNotExist(self.model)
tortoise.exceptions.DoesNotExist: Object "User" does not exist
WARNING  2025-09-24 14:57:43,059 [bot] (main.py).start_bot(21) Бот закрыт
INFO     2025-09-24 14:57:45,791 [bot] (logging_config.py)._setup_handlers(50) Логирование для 'bot' настроено успешно.
INFO     2025-09-24 14:57:46,252 [bot] (start_handlers.py).seed_admin(27) Проверка: seed_admin вызвана
INFO     2025-09-24 14:57:46,458 [bot] (commands.py).set_commands(20) Установил команды
WARNING  2025-09-24 15:00:09,693 [bot] (main.py).start_bot(21) Бот закрыт
INFO     2025-09-24 15:00:12,232 [bot] (logging_config.py)._setup_handlers(50) Логирование для 'bot' настроено успешно.
INFO     2025-09-24 15:00:12,702 [bot] (start_handlers.py).seed_admin(27) Проверка: seed_admin вызвана
INFO     2025-09-24 15:00:12,958 [bot] (commands.py).set_commands(20) Установил команды
INFO     2025-09-24 15:00:14,226 [bot] (start_handlers.py).get_start(66) Зарегистрированный пользователь взаимодействует с ботом 484385628
DEBUG    2025-09-24 15:00:14,228 [bot] (get_user.py).get_role_user(34) Возврат роли: 484385628, admin
DEBUG    2025-09-24 15:00:14,228 [bot] (menu_keyboard.py).inline_menu_kb(14) Передаю inline_menu_kb. Роль юзера: admin
WARNING  2025-09-24 15:00:51,492 [bot] (main.py).start_bot(21) Бот закрыт
INFO     2025-09-24 15:00:54,158 [bot] (logging_config.py)._setup_handlers(50) Логирование для 'bot' настроено успешно.
INFO     2025-09-24 15:00:54,710 [bot] (start_handlers.py).seed_admin(27) Проверка: seed_admin вызвана
INFO     2025-09-24 15:00:54,936 [bot] (commands.py).set_commands(20) Установил команды
INFO     2025-09-24 15:00:56,012 [bot] (start_handlers.py).get_start(66) Зарегистрированный пользователь взаимодействует с ботом 484385628
DEBUG    2025-09-24 15:00:56,012 [bot] (get_user.py).get_role_user(34) Возврат роли: 484385628, admin
DEBUG    2025-09-24 15:00:56,013 [bot] (menu_keyboard.py).inline_menu_kb(14) Передаю inline_menu_kb. Роль юзера: admin
WARNING  2025-09-24 15:01:15,366 [bot] (main.py).start_bot(21) Бот закрыт
INFO     2025-09-24 15:01:17,857 [bot] (logging_config.py)._setup_handlers(50) Логирование для 'bot' настроено успешно.
INFO     2025-09-24 15:01:18,326 [bot] (start_handlers.py).seed_admin(27) Проверка: seed_admin вызвана
INFO     2025-09-24 15:01:18,477 [bot] (commands.py).set_commands(20) Установил команды
INFO     2025-09-24 15:01:21,278 [bot] (start_handlers.py).get_start(66) Зарегистрированный пользователь взаимодействует с ботом 484385628
DEBUG    2025-09-24 15:01:21,279 [bot] (get_user.py).get_role_user(34) Возврат роли: 484385628, admin
DEBUG    2025-09-24 15:01:21,279 [bot] (menu_keyboard.py).inline_menu_kb(14) Передаю inline_menu_kb. Роль юзера: admin
ERROR    2025-09-24 15:01:22,639 [bot] (user_lk_requests.py).user_lk(48) 'NoneType' object has no attribute 'id'
Traceback (most recent call last):
  File "E:\python\bots\lawyer_bot\handlers\user\user_lk_requests.py", line 33, in user_lk
    print(f"user: {user.id} {user.first_name} {user.telegram_id}")
                   ^^^^^^^
AttributeError: 'NoneType' object has no attribute 'id'
WARNING  2025-09-24 15:01:49,031 [bot] (main.py).start_bot(21) Бот закрыт
INFO     2025-09-24 15:01:51,650 [bot] (logging_config.py)._setup_handlers(50) Логирование для 'bot' настроено успешно.
INFO     2025-09-24 15:01:52,210 [bot] (start_handlers.py).seed_admin(27) Проверка: seed_admin вызвана
INFO     2025-09-24 15:01:52,423 [bot] (commands.py).set_commands(20) Установил команды
WARNING  2025-09-24 15:03:23,586 [bot] (main.py).start_bot(21) Бот закрыт
INFO     2025-09-24 15:03:26,153 [bot] (logging_config.py)._setup_handlers(50) Логирование для 'bot' настроено успешно.
INFO     2025-09-24 15:03:26,604 [bot] (start_handlers.py).seed_admin(27) Проверка: seed_admin вызвана
INFO     2025-09-24 15:03:26,787 [bot] (commands.py).set_commands(20) Установил команды
INFO     2025-09-24 15:03:28,511 [bot] (start_handlers.py).get_start(66) Зарегистрированный пользователь взаимодействует с ботом 484385628
DEBUG    2025-09-24 15:03:28,512 [bot] (get_user.py).get_role_user(34) Возврат роли: 484385628, admin
DEBUG    2025-09-24 15:03:28,512 [bot] (menu_keyboard.py).inline_menu_kb(14) Передаю inline_menu_kb. Роль юзера: admin
ERROR    2025-09-24 15:03:29,646 [bot] (user_lk_requests.py).user_lk(45) 'property' object has no attribute 'filter'
Traceback (most recent call last):
  File "E:\python\bots\lawyer_bot\handlers\user\user_lk_requests.py", line 32, in user_lk
    requests = await SalaryRequest.user.filter(telegram_id=call.from_user.id).all()
                     ^^^^^^^^^^^^^^^^^^^^^^^^^
AttributeError: 'property' object has no attribute 'filter'
WARNING  2025-09-24 15:03:51,122 [bot] (main.py).start_bot(21) Бот закрыт
INFO     2025-09-24 15:03:53,919 [bot] (logging_config.py)._setup_handlers(50) Логирование для 'bot' настроено успешно.
INFO     2025-09-24 15:03:54,380 [bot] (start_handlers.py).seed_admin(27) Проверка: seed_admin вызвана
INFO     2025-09-24 15:03:54,544 [bot] (commands.py).set_commands(20) Установил команды
ERROR    2025-09-24 15:03:55,568 [bot] (user_lk_requests.py).user_lk(45) 'property' object has no attribute 'get'
Traceback (most recent call last):
  File "E:\python\bots\lawyer_bot\handlers\user\user_lk_requests.py", line 32, in user_lk
    requests = await SalaryRequest.user.get(telegram_id=call.from_user.id)
                     ^^^^^^^^^^^^^^^^^^^^^^
AttributeError: 'property' object has no attribute 'get'. Did you mean: 'fget'?
WARNING  2025-09-24 15:06:15,794 [bot] (main.py).start_bot(21) Бот закрыт
WARNING  2025-09-24 15:06:15,941 [bot] (main.py).<module>(43) Помощник завершены
INFO     2025-09-24 15:06:18,294 [bot] (logging_config.py)._setup_handlers(50) Логирование для 'bot' настроено успешно.
INFO     2025-09-24 15:06:18,743 [bot] (start_handlers.py).seed_admin(27) Проверка: seed_admin вызвана
INFO     2025-09-24 15:06:19,079 [bot] (commands.py).set_commands(20) Установил команды
ERROR    2025-09-24 15:06:20,227 [bot] (user_lk_requests.py).user_lk(47) 'NoneType' object has no attribute 'id'
Traceback (most recent call last):
  File "E:\python\bots\lawyer_bot\handlers\user\user_lk_requests.py", line 32, in user_lk
    print(f"пользователь: {user.id} - {user.telegram_id}")
                           ^^^^^^^
AttributeError: 'NoneType' object has no attribute 'id'
WARNING  2025-09-24 15:06:36,984 [bot] (main.py).start_bot(21) Бот закрыт
INFO     2025-09-24 15:06:39,424 [bot] (logging_config.py)._setup_handlers(50) Логирование для 'bot' настроено успешно.
INFO     2025-09-24 15:06:39,863 [bot] (start_handlers.py).seed_admin(27) Проверка: seed_admin вызвана
INFO     2025-09-24 15:06:40,117 [bot] (commands.py).set_commands(20) Установил команды
INFO     2025-09-24 15:06:42,367 [bot] (start_handlers.py).get_start(66) Зарегистрированный пользователь взаимодействует с ботом 484385628
DEBUG    2025-09-24 15:06:42,368 [bot] (get_user.py).get_role_user(34) Возврат роли: 484385628, admin
DEBUG    2025-09-24 15:06:42,368 [bot] (menu_keyboard.py).inline_menu_kb(14) Передаю inline_menu_kb. Роль юзера: admin
ERROR    2025-09-24 15:06:43,618 [bot] (user_lk_requests.py).user_lk(47) 'NoneType' object has no attribute 'telegram_id'
Traceback (most recent call last):
  File "E:\python\bots\lawyer_bot\handlers\user\user_lk_requests.py", line 32, in user_lk
    print(f"пользователь: {user} - {user.telegram_id}")
                                    ^^^^^^^^^^^^^^^^
AttributeError: 'NoneType' object has no attribute 'telegram_id'
WARNING  2025-09-24 15:07:07,029 [bot] (main.py).start_bot(21) Бот закрыт
INFO     2025-09-24 15:07:09,599 [bot] (logging_config.py)._setup_handlers(50) Логирование для 'bot' настроено успешно.
INFO     2025-09-24 15:07:10,064 [bot] (start_handlers.py).seed_admin(27) Проверка: seed_admin вызвана
INFO     2025-09-24 15:07:10,221 [bot] (commands.py).set_commands(20) Установил команды
ERROR    2025-09-24 15:07:11,263 [bot] (user_lk_requests.py).user_lk(47) 'NoneType' object has no attribute 'telegram_id'
Traceback (most recent call last):
  File "E:\python\bots\lawyer_bot\handlers\user\user_lk_requests.py", line 32, in user_lk
    print(f"пользователь: {user} - {user.telegram_id}")
                                    ^^^^^^^^^^^^^^^^
AttributeError: 'NoneType' object has no attribute 'telegram_id'
WARNING  2025-09-24 15:07:27,798 [bot] (main.py).start_bot(21) Бот закрыт
INFO     2025-09-24 15:07:30,361 [bot] (logging_config.py)._setup_handlers(50) Логирование для 'bot' настроено успешно.
INFO     2025-09-24 15:07:30,827 [bot] (start_handlers.py).seed_admin(27) Проверка: seed_admin вызвана
INFO     2025-09-24 15:07:31,108 [bot] (commands.py).set_commands(20) Установил команды
INFO     2025-09-24 15:07:32,883 [bot] (start_handlers.py).get_start(66) Зарегистрированный пользователь взаимодействует с ботом 484385628
DEBUG    2025-09-24 15:07:32,884 [bot] (get_user.py).get_role_user(34) Возврат роли: 484385628, admin
DEBUG    2025-09-24 15:07:32,884 [bot] (menu_keyboard.py).inline_menu_kb(14) Передаю inline_menu_kb. Роль юзера: admin
WARNING  2025-09-24 15:14:46,742 [bot] (main.py).start_bot(21) Бот закрыт
INFO     2025-09-24 15:14:49,623 [bot] (logging_config.py)._setup_handlers(50) Логирование для 'bot' настроено успешно.
INFO     2025-09-24 15:14:50,082 [bot] (start_handlers.py).seed_admin(27) Проверка: seed_admin вызвана
INFO     2025-09-24 15:14:50,231 [bot] (commands.py).set_commands(20) Установил команды
INFO     2025-09-24 15:14:54,961 [bot] (start_handlers.py).get_start(66) Зарегистрированный пользователь взаимодействует с ботом 484385628
DEBUG    2025-09-24 15:14:54,962 [bot] (get_user.py).get_role_user(34) Возврат роли: 484385628, admin
DEBUG    2025-09-24 15:14:54,962 [bot] (menu_keyboard.py).inline_menu_kb(14) Передаю inline_menu_kb. Роль юзера: admin
INFO     2025-09-24 15:15:11,197 [bot] (start_handlers.py).get_start(66) Зарегистрированный пользователь взаимодействует с ботом 484385628
DEBUG    2025-09-24 15:15:11,198 [bot] (get_user.py).get_role_user(34) Возврат роли: 484385628, admin
DEBUG    2025-09-24 15:15:11,198 [bot] (menu_keyboard.py).inline_menu_kb(14) Передаю inline_menu_kb. Роль юзера: admin
INFO     2025-09-24 15:15:14,259 [bot] (start_handlers.py).get_start(66) Зарегистрированный пользователь взаимодействует с ботом 484385628
DEBUG    2025-09-24 15:15:14,259 [bot] (get_user.py).get_role_user(34) Возврат роли: 484385628, admin
DEBUG    2025-09-24 15:15:14,259 [bot] (menu_keyboard.py).inline_menu_kb(14) Передаю inline_menu_kb. Роль юзера: admin
WARNING  2025-09-24 15:16:02,132 [bot] (main.py).start_bot(21) Бот закрыт
INFO     2025-09-24 15:16:04,673 [bot] (logging_config.py)._setup_handlers(50) Логирование для 'bot' настроено успешно.
INFO     2025-09-24 15:16:05,219 [bot] (start_handlers.py).seed_admin(27) Проверка: seed_admin вызвана
INFO     2025-09-24 15:16:05,419 [bot] (commands.py).set_commands(20) Установил команды
INFO     2025-09-24 15:16:07,527 [bot] (start_handlers.py).get_start(66) Зарегистрированный пользователь взаимодействует с ботом 484385628
DEBUG    2025-09-24 15:16:07,528 [bot] (get_user.py).get_role_user(34) Возврат роли: 484385628, admin
DEBUG    2025-09-24 15:16:07,528 [bot] (menu_keyboard.py).inline_menu_kb(14) Передаю inline_menu_kb. Роль юзера: admin
WARNING  2025-09-24 15:20:32,822 [bot] (main.py).start_bot(21) Бот закрыт
WARNING  2025-09-24 15:20:32,994 [bot] (main.py).<module>(43) Помощник завершены
INFO     2025-09-24 15:20:35,476 [bot] (logging_config.py)._setup_handlers(50) Логирование для 'bot' настроено успешно.
INFO     2025-09-24 15:20:35,970 [bot] (start_handlers.py).seed_admin(27) Проверка: seed_admin вызвана
INFO     2025-09-24 15:20:36,470 [bot] (commands.py).set_commands(20) Установил команды
INFO     2025-09-24 15:23:03,828 [bot] (logging_config.py)._setup_handlers(50) Логирование для 'bot' настроено успешно.
INFO     2025-09-24 15:23:04,255 [bot] (start_handlers.py).seed_admin(27) Проверка: seed_admin вызвана
INFO     2025-09-24 15:23:04,444 [bot] (commands.py).set_commands(20) Установил команды
INFO     2025-09-24 15:25:01,829 [bot] (logging_config.py)._setup_handlers(50) Логирование для 'bot' настроено успешно.
INFO     2025-09-24 15:25:02,261 [bot] (start_handlers.py).seed_admin(27) Проверка: seed_admin вызвана
INFO     2025-09-24 15:25:02,437 [bot] (commands.py).set_commands(20) Установил команды
INFO     2025-09-24 15:26:53,573 [bot] (start_handlers.py).get_start(66) Зарегистрированный пользователь взаимодействует с ботом 484385628
DEBUG    2025-09-24 15:26:53,574 [bot] (get_user.py).get_role_user(34) Возврат роли: 484385628, admin
DEBUG    2025-09-24 15:26:53,574 [bot] (menu_keyboard.py).inline_menu_kb(14) Передаю inline_menu_kb. Роль юзера: admin
DEBUG    2025-09-24 15:26:59,656 [bot] (back_handler.py).back(29) Начало обработки back. Текущее состояние: AdminMenuState:request
DEBUG    2025-09-24 15:26:59,656 [bot] (back_handler.py).back(77) список сообщений для удаления: [10904, 10905, 10906, 10907, 10908, 10909]
DEBUG    2025-09-24 15:27:05,227 [bot] (back_handler.py).back(29) Начало обработки back. Текущее состояние: AdminMenuState:requests_menu
DEBUG    2025-09-24 15:27:08,062 [bot] (back_handler.py).back(29) Начало обработки back. Текущее состояние: MenuState:admin_menu
DEBUG    2025-09-24 15:27:08,063 [bot] (get_user.py).get_role_user(34) Возврат роли: 484385628, admin
DEBUG    2025-09-24 15:27:08,063 [bot] (menu_keyboard.py).inline_menu_kb(14) Передаю inline_menu_kb. Роль юзера: admin
DEBUG    2025-09-24 15:27:28,577 [bot] (back_handler.py).back(29) Начало обработки back. Текущее состояние: AdminMenuState:request
DEBUG    2025-09-24 15:27:28,577 [bot] (back_handler.py).back(77) список сообщений для удаления: [10910, 10912, 10913, 10914, 10915, 10916]
DEBUG    2025-09-24 15:27:35,225 [bot] (back_handler.py).back(29) Начало обработки back. Текущее состояние: AdminMenuState:requests_menu
DEBUG    2025-09-24 15:29:32,655 [bot] (back_handler.py).back(29) Начало обработки back. Текущее состояние: MenuState:admin_menu
DEBUG    2025-09-24 15:29:32,656 [bot] (get_user.py).get_role_user(34) Возврат роли: 484385628, admin
DEBUG    2025-09-24 15:29:32,656 [bot] (menu_keyboard.py).inline_menu_kb(14) Передаю inline_menu_kb. Роль юзера: admin
DEBUG    2025-09-24 15:32:41,838 [bot] (back_handler.py).back(29) Начало обработки back. Текущее состояние: AdminMenuState:request
DEBUG    2025-09-24 15:32:41,839 [bot] (back_handler.py).back(77) список сообщений для удаления: [10917, 10919, 10920, 10921, 10922, 10923]
DEBUG    2025-09-24 15:32:44,366 [bot] (back_handler.py).back(29) Начало обработки back. Текущее состояние: AdminMenuState:requests_menu
WARNING  2025-09-24 15:33:02,078 [bot] (main.py).start_bot(21) Бот закрыт
WARNING  2025-09-24 15:33:02,231 [bot] (main.py).<module>(43) Помощник завершены
INFO     2025-09-24 15:33:04,506 [bot] (logging_config.py)._setup_handlers(50) Логирование для 'bot' настроено успешно.
INFO     2025-09-24 15:33:05,033 [bot] (start_handlers.py).seed_admin(27) Проверка: seed_admin вызвана
INFO     2025-09-24 15:33:05,044 [bot] (start_handlers.py).seed_admin(42) Админ уже существует, пропускаем создание
INFO     2025-09-24 15:33:05,238 [bot] (commands.py).set_commands(20) Установил команды
INFO     2025-09-24 15:33:12,146 [bot] (start_handlers.py).get_start(66) Зарегистрированный пользователь взаимодействует с ботом 484385628
DEBUG    2025-09-24 15:33:12,147 [bot] (get_user.py).get_role_user(34) Возврат роли: 484385628, user
DEBUG    2025-09-24 15:33:12,147 [bot] (menu_keyboard.py).inline_menu_kb(14) Передаю inline_menu_kb. Роль юзера: user
DEBUG    2025-09-24 15:33:18,576 [bot] (back_handler.py).back(29) Начало обработки back. Текущее состояние: None
INFO     2025-09-24 15:33:37,465 [bot] (start_handlers.py).get_start(66) Зарегистрированный пользователь взаимодействует с ботом 484385628
DEBUG    2025-09-24 15:33:37,466 [bot] (get_user.py).get_role_user(34) Возврат роли: 484385628, user
DEBUG    2025-09-24 15:33:37,466 [bot] (menu_keyboard.py).inline_menu_kb(14) Передаю inline_menu_kb. Роль юзера: user
WARNING  2025-09-24 15:34:41,627 [bot] (main.py).start_bot(21) Бот закрыт
INFO     2025-09-24 15:34:44,531 [bot] (logging_config.py)._setup_handlers(50) Логирование для 'bot' настроено успешно.
INFO     2025-09-24 15:34:44,994 [bot] (start_handlers.py).seed_admin(27) Проверка: seed_admin вызвана
INFO     2025-09-24 15:34:44,999 [bot] (start_handlers.py).seed_admin(42) Админ уже существует, пропускаем создание
INFO     2025-09-24 15:34:45,181 [bot] (commands.py).set_commands(20) Установил команды
INFO     2025-09-24 15:34:46,919 [bot] (start_handlers.py).get_start(66) Зарегистрированный пользователь взаимодействует с ботом 484385628
DEBUG    2025-09-24 15:34:46,920 [bot] (get_user.py).get_role_user(34) Возврат роли: 484385628, user
DEBUG    2025-09-24 15:34:46,920 [bot] (menu_keyboard.py).inline_menu_kb(14) Передаю inline_menu_kb. Роль юзера: user
WARNING  2025-09-24 15:41:50,363 [bot] (main.py).start_bot(21) Бот закрыт
INFO     2025-09-24 15:41:53,580 [bot] (logging_config.py)._setup_handlers(50) Логирование для 'bot' настроено успешно.
INFO     2025-09-24 15:41:54,148 [bot] (start_handlers.py).seed_admin(27) Проверка: seed_admin вызвана
INFO     2025-09-24 15:41:54,154 [bot] (start_handlers.py).seed_admin(42) Админ уже существует, пропускаем создание
INFO     2025-09-24 15:41:54,320 [bot] (commands.py).set_commands(20) Установил команды
INFO     2025-09-24 15:41:56,524 [bot] (start_handlers.py).get_start(66) Зарегистрированный пользователь взаимодействует с ботом 484385628
DEBUG    2025-09-24 15:41:56,524 [bot] (get_user.py).get_role_user(34) Возврат роли: 484385628, user
DEBUG    2025-09-24 15:41:56,525 [bot] (menu_keyboard.py).inline_menu_kb(14) Передаю inline_menu_kb. Роль юзера: user
DEBUG    2025-09-24 15:42:08,646 [bot] (back_handler.py).back(29) Начало обработки back. Текущее состояние: UserState:request
DEBUG    2025-09-24 15:42:08,647 [bot] (get_user.py).get_role_user(34) Возврат роли: 484385628, user
DEBUG    2025-09-24 15:42:08,647 [bot] (menu_keyboard.py).inline_menu_kb(14) Передаю inline_menu_kb. Роль юзера: user
WARNING  2025-09-24 15:43:58,176 [bot] (main.py).start_bot(21) Бот закрыт
WARNING  2025-09-24 15:43:58,334 [bot] (main.py).<module>(43) Помощник завершены
INFO     2025-09-24 15:44:00,628 [bot] (logging_config.py)._setup_handlers(50) Логирование для 'bot' настроено успешно.
INFO     2025-09-24 15:44:01,045 [bot] (start_handlers.py).seed_admin(27) Проверка: seed_admin вызвана
INFO     2025-09-24 15:44:01,049 [bot] (start_handlers.py).seed_admin(42) Админ уже существует, пропускаем создание
INFO     2025-09-24 15:44:01,228 [bot] (commands.py).set_commands(20) Установил команды
INFO     2025-09-24 15:44:06,815 [bot] (start_handlers.py).get_start(66) Зарегистрированный пользователь взаимодействует с ботом 484385628
DEBUG    2025-09-24 15:44:06,816 [bot] (get_user.py).get_role_user(34) Возврат роли: 484385628, user
DEBUG    2025-09-24 15:44:06,816 [bot] (menu_keyboard.py).inline_menu_kb(14) Передаю inline_menu_kb. Роль юзера: user
DEBUG    2025-09-24 15:44:15,885 [bot] (back_handler.py).back(29) Начало обработки back. Текущее состояние: UserState:request
DEBUG    2025-09-24 15:44:15,887 [bot] (get_user.py).get_role_user(34) Возврат роли: 484385628, user
DEBUG    2025-09-24 15:44:15,887 [bot] (menu_keyboard.py).inline_menu_kb(14) Передаю inline_menu_kb. Роль юзера: user
DEBUG    2025-09-24 15:44:15,971 [bot] (back_handler.py).back(77) список сообщений для удаления: [10945, 10946, 10947, 10948, 10949, 10950]
WARNING  2025-09-24 15:45:54,977 [bot] (main.py).start_bot(21) Бот закрыт
INFO     2025-09-24 15:45:58,120 [bot] (logging_config.py)._setup_handlers(50) Логирование для 'bot' настроено успешно.
INFO     2025-09-24 15:45:58,544 [bot] (start_handlers.py).seed_admin(27) Проверка: seed_admin вызвана
INFO     2025-09-24 15:45:58,548 [bot] (start_handlers.py).seed_admin(42) Админ уже существует, пропускаем создание
INFO     2025-09-24 15:45:58,708 [bot] (commands.py).set_commands(20) Установил команды
INFO     2025-09-24 15:46:12,396 [bot] (start_handlers.py).get_start(66) Зарегистрированный пользователь взаимодействует с ботом 484385628
DEBUG    2025-09-24 15:46:12,396 [bot] (get_user.py).get_role_user(34) Возврат роли: 484385628, user
DEBUG    2025-09-24 15:46:12,397 [bot] (menu_keyboard.py).inline_menu_kb(14) Передаю inline_menu_kb. Роль юзера: user
DEBUG    2025-09-24 15:46:16,759 [bot] (back_handler.py).back(29) Начало обработки back. Текущее состояние: UserState:request
DEBUG    2025-09-24 15:46:16,759 [bot] (get_user.py).get_role_user(34) Возврат роли: 484385628, user
DEBUG    2025-09-24 15:46:16,760 [bot] (menu_keyboard.py).inline_menu_kb(14) Передаю inline_menu_kb. Роль юзера: user
DEBUG    2025-09-24 15:46:16,831 [bot] (back_handler.py).back(77) список сообщений для удаления: [10955, 10956, 10957, 10958, 10959, 10960]
DEBUG    2025-09-24 15:46:20,407 [bot] (back_handler.py).back(29) Начало обработки back. Текущее состояние: AdminMenuState:requests_menu
DEBUG    2025-09-24 15:47:16,062 [bot] (back_handler.py).back(29) Начало обработки back. Текущее состояние: MenuState:admin_menu
DEBUG    2025-09-24 15:47:16,063 [bot] (get_user.py).get_role_user(34) Возврат роли: 484385628, user
DEBUG    2025-09-24 15:47:16,064 [bot] (menu_keyboard.py).inline_menu_kb(14) Передаю inline_menu_kb. Роль юзера: user
WARNING  2025-09-24 15:49:06,996 [bot] (main.py).start_bot(21) Бот закрыт
INFO     2025-09-24 15:49:09,628 [bot] (logging_config.py)._setup_handlers(50) Логирование для 'bot' настроено успешно.
INFO     2025-09-24 15:49:10,175 [bot] (start_handlers.py).seed_admin(27) Проверка: seed_admin вызвана
INFO     2025-09-24 15:49:10,179 [bot] (start_handlers.py).seed_admin(42) Админ уже существует, пропускаем создание
INFO     2025-09-24 15:49:10,400 [bot] (commands.py).set_commands(20) Установил команды
INFO     2025-09-24 15:49:12,713 [bot] (start_handlers.py).get_start(66) Зарегистрированный пользователь взаимодействует с ботом 484385628
DEBUG    2025-09-24 15:49:12,715 [bot] (get_user.py).get_role_user(34) Возврат роли: 484385628, user
DEBUG    2025-09-24 15:49:12,715 [bot] (menu_keyboard.py).inline_menu_kb(14) Передаю inline_menu_kb. Роль юзера: user
DEBUG    2025-09-24 15:49:17,944 [bot] (back_handler.py).back(30) Начало обработки back. Текущее состояние: UserState:request
DEBUG    2025-09-24 15:49:17,945 [bot] (get_user.py).get_role_user(34) Возврат роли: 484385628, user
DEBUG    2025-09-24 15:49:17,945 [bot] (menu_keyboard.py).inline_menu_kb(14) Передаю inline_menu_kb. Роль юзера: user
DEBUG    2025-09-24 15:49:18,099 [bot] (back_handler.py).back(81) список сообщений для удаления: [10965, 10966, 10967, 10968, 10969, 10970]
DEBUG    2025-09-24 15:49:21,004 [bot] (back_handler.py).back(30) Начало обработки back. Текущее состояние: AdminMenuState:requests_menu
WARNING  2025-09-24 15:51:07,096 [bot] (main.py).start_bot(21) Бот закрыт
INFO     2025-09-24 15:51:09,718 [bot] (logging_config.py)._setup_handlers(50) Логирование для 'bot' настроено успешно.
INFO     2025-09-24 15:51:10,145 [bot] (start_handlers.py).seed_admin(27) Проверка: seed_admin вызвана
INFO     2025-09-24 15:51:10,150 [bot] (start_handlers.py).seed_admin(42) Админ уже существует, пропускаем создание
INFO     2025-09-24 15:51:10,344 [bot] (commands.py).set_commands(20) Установил команды
INFO     2025-09-24 15:51:16,212 [bot] (start_handlers.py).get_start(66) Зарегистрированный пользователь взаимодействует с ботом 484385628
DEBUG    2025-09-24 15:51:16,213 [bot] (get_user.py).get_role_user(34) Возврат роли: 484385628, user
DEBUG    2025-09-24 15:51:16,213 [bot] (menu_keyboard.py).inline_menu_kb(14) Передаю inline_menu_kb. Роль юзера: user
DEBUG    2025-09-24 15:51:25,199 [bot] (back_handler.py).back(30) Начало обработки back. Текущее состояние: UserState:request
DEBUG    2025-09-24 15:51:25,200 [bot] (get_user.py).get_role_user(34) Возврат роли: 484385628, user
DEBUG    2025-09-24 15:51:25,200 [bot] (menu_keyboard.py).inline_menu_kb(14) Передаю inline_menu_kb. Роль юзера: user
DEBUG    2025-09-24 15:51:25,271 [bot] (back_handler.py).back(80) список сообщений для удаления: [10975, 10976, 10977, 10978, 10979, 10980]
DEBUG    2025-09-24 15:51:31,823 [bot] (back_handler.py).back(30) Начало обработки back. Текущее состояние: UserState:request
DEBUG    2025-09-24 15:51:31,823 [bot] (get_user.py).get_role_user(34) Возврат роли: 484385628, user
DEBUG    2025-09-24 15:51:31,824 [bot] (menu_keyboard.py).inline_menu_kb(14) Передаю inline_menu_kb. Роль юзера: user
DEBUG    2025-09-24 15:51:31,901 [bot] (back_handler.py).back(80) список сообщений для удаления: [10981, 10983, 10984, 10985, 10986, 10987]
DEBUG    2025-09-24 15:51:33,564 [bot] (back_handler.py).back(30) Начало обработки back. Текущее состояние: UserState:all_requests
WARNING  2025-09-24 15:52:15,557 [bot] (main.py).start_bot(21) Бот закрыт
INFO     2025-09-24 15:52:18,239 [bot] (logging_config.py)._setup_handlers(50) Логирование для 'bot' настроено успешно.
INFO     2025-09-24 15:52:18,716 [bot] (start_handlers.py).seed_admin(27) Проверка: seed_admin вызвана
INFO     2025-09-24 15:52:18,721 [bot] (start_handlers.py).seed_admin(42) Админ уже существует, пропускаем создание
INFO     2025-09-24 15:52:18,921 [bot] (commands.py).set_commands(20) Установил команды
INFO     2025-09-24 15:52:26,238 [bot] (start_handlers.py).get_start(66) Зарегистрированный пользователь взаимодействует с ботом 484385628
DEBUG    2025-09-24 15:52:26,239 [bot] (get_user.py).get_role_user(34) Возврат роли: 484385628, user
DEBUG    2025-09-24 15:52:26,239 [bot] (menu_keyboard.py).inline_menu_kb(14) Передаю inline_menu_kb. Роль юзера: user
DEBUG    2025-09-24 15:52:31,776 [bot] (back_handler.py).back(30) Начало обработки back. Текущее состояние: UserState:request
DEBUG    2025-09-24 15:52:31,776 [bot] (back_handler.py).back(79) список сообщений для удаления: [10992, 10993, 10994, 10995, 10996, 10997]
DEBUG    2025-09-24 15:52:34,016 [bot] (back_handler.py).back(30) Начало обработки back. Текущее состояние: UserState:all_requests
DEBUG    2025-09-24 15:52:34,017 [bot] (get_user.py).get_role_user(34) Возврат роли: 484385628, user
DEBUG    2025-09-24 15:52:34,017 [bot] (menu_keyboard.py).inline_menu_kb(14) Передаю inline_menu_kb. Роль юзера: user
INFO     2025-09-24 15:55:11,103 [bot] (start_handlers.py).get_start(66) Зарегистрированный пользователь взаимодействует с ботом 484385628
DEBUG    2025-09-24 15:55:11,104 [bot] (get_user.py).get_role_user(34) Возврат роли: 484385628, admin
DEBUG    2025-09-24 15:55:11,104 [bot] (menu_keyboard.py).inline_menu_kb(14) Передаю inline_menu_kb. Роль юзера: admin
WARNING  2025-09-24 15:55:33,949 [bot] (main.py).start_bot(21) Бот закрыт
WARNING  2025-09-24 15:55:34,086 [bot] (main.py).<module>(43) Помощник завершены
INFO     2025-09-24 15:55:36,468 [bot] (logging_config.py)._setup_handlers(50) Логирование для 'bot' настроено успешно.
INFO     2025-09-24 15:55:36,920 [bot] (start_handlers.py).seed_admin(27) Проверка: seed_admin вызвана
INFO     2025-09-24 15:55:37,092 [bot] (commands.py).set_commands(20) Установил команды
INFO     2025-09-24 15:55:41,257 [bot] (start_handlers.py).get_start(66) Зарегистрированный пользователь взаимодействует с ботом 484385628
DEBUG    2025-09-24 15:55:41,258 [bot] (get_user.py).get_role_user(34) Возврат роли: 484385628, admin
DEBUG    2025-09-24 15:55:41,258 [bot] (menu_keyboard.py).inline_menu_kb(14) Передаю inline_menu_kb. Роль юзера: admin
ERROR    2025-09-24 15:55:44,217 [bot] (users_requests.py).show_user_request(121) Ошибка в отображении заявки пользователя: approve_request_kb() missing 2 required positional arguments: 'event' and 'role'
Traceback (most recent call last):
  File "E:\python\bots\lawyer_bot\handlers\admin\users_requests.py", line 91, in show_user_request
    reply_markup=approve_request_kb(request_id=request.id, user_id=request.user.id))
                 ~~~~~~~~~~~~~~~~~~^^^^^^^^^^^^^^^^^^^^^^^^^^^^^^^^^^^^^^^^^^^^^^^^
TypeError: approve_request_kb() missing 2 required positional arguments: 'event' and 'role'
WARNING  2025-09-24 15:56:09,783 [bot] (main.py).start_bot(21) Бот закрыт
